TitleID,Timestamp,PlaytimeSeconds
0004003000009700,2018-07-19T09:00,60
0004001000021900,2018-07-19T09:00,660
0004001000021000,2018-07-19T09:00,60
000400000f701400,2018-07-19T09:00,120
0004001000021400,2018-07-19T09:00,120
0004001000021900,2018-08-11T01:00,360
0004001000021000,2018-08-11T01:00,60
0004001000021900,2018-08-11T06:00,540
0004001000021e00,2018-08-11T06:00,60
0004001000021500,2018-08-11T06:00,60
0004001020021d00,2018-08-11T06:00,240
0004000000088900,2018-08-31T01:00,1620
0004003000009700,2018-08-31T01:00,60
0004001000021500,2018-08-31T01:00,60
0004001000021900,2018-08-31T01:00,240
0004000000030800,2018-11-02T05:00,780
00040000000ec300,2018-11-02T05:00,1680
00040000000ec300,2018-11-02T06:00,120
0004001000021900,2018-11-02T06:00,60
0004001000021900,2018-11-28T04:00,780
0004003000009700,2018-11-28T04:00,60
0004001020021300,2018-12-15T17:00,60
0004000000030800,2018-12-15T17:00,480
0004000000088900,2018-12-15T17:00,360
0004001000021000,2018-12-15T17:00,60
0004001000021000,2018-12-16T17:00,60
0004001000021000,2018-12-16T18:00,300
0004001000021400,2018-12-16T18:00,120
0004000000030800,2018-12-16T18:00,1200
0004000000088900,2018-12-16T18:00,420
0004001020021d00,2018-12-16T18:00,60
0004001000021900,2018-12-16T18:00,60
0004000000030800,2018-12-16T19:00,600
0004001000021500,2018-12-16T19:00,60
0004001000021e00,2018-12-16T19:00,60
0004001000021900,2018-12-16T19:00,60
00040000000ec300,2018-12-16T19:00,60
0004000000030800,2018-12-17T07:00,1860
0004001000021800,2018-12-17T07:00,60
0004000000030800,2018-12-17T08:00,1680
0004001000021e00,2018-12-17T08:00,120
0004001000021100,2018-12-17T08:00,60
0004001000021000,2018-12-17T08:00,180
0004001000021800,2018-12-17T08:00,60
0004000000030800,2018-12-17T09:00,2880
0004001000021500,2018-12-17T09:00,60
0004001000021200,2018-12-17T09:00,60
0004001000021100,2018-12-17T09:00,60
000400000f701400,2018-12-17T09:00,60
0004000000030800,2018-12-17T10:00,2580
0004000000030800,2018-12-17T11:00,480
0004001000021000,2018-12-17T11:00,120
0004000000088900,2018-12-17T11:00,2880
0004000000088900,2018-12-17T12:00,780
0004001000021000,2018-12-17T12:00,120
0004001020024100,2018-12-17T12:00,60
0004000000030800,2018-12-17T12:00,540
0004000000030800,2018-12-17T13:00,1200
0004000000088900,2018-12-17T13:00,600
0004001000021900,2018-12-17T13:00,60
000400000f701400,2018-12-17T13:00,300
0004001000021200,2018-12-17T13:00,60
0004001000021700,2018-12-17T13:00,60
0004001000021400,2018-12-17T14:00,120
0004000000030800,2018-12-17T14:00,1680
00040000000ec300,2018-12-17T14:00,480
00040000000ec300,2018-12-17T15:00,60
0004003000009700,2018-12-17T15:00,60
0004001000021000,2018-12-17T15:00,420
0004003000009e00,2018-12-17T15:00,60
0004001000021400,2018-12-17T15:00,60
0004001020021d00,2018-12-17T15:00,120
0004001000021000,2018-12-17T16:00,60
0004001000021900,2018-12-17T16:00,60
0004001000021100,2018-12-17T16:00,60
0004003000009400,2018-12-17T16:00,60
0004003000009300,2018-12-17T16:00,60
0004003000009600,2018-12-17T16:00,60
000400300000bd00,2018-12-17T16:00,60
0004001000021700,2018-12-17T16:00,60
0004001000021800,2018-12-17T16:00,60
0004001000021400,2018-12-17T16:00,180
0004000000030800,2018-12-17T16:00,2280
0004001020021d00,2018-12-17T17:00,300
0004001020021d00,2018-12-17T18:00,2400
0004001000021400,2018-12-17T18:00,180
0004001000021500,2018-12-17T18:00,60
000400000f701400,2018-12-17T18:00,300
0004000000088900,2018-12-17T19:00,1500
0004000000088900,2018-12-17T20:00,300
0004001000021200,2018-12-18T07:00,60
0004001020021d00,2018-12-18T07:00,60
0004001000021400,2018-12-18T07:00,60
0004001000021400,2018-12-18T08:00,240
0004001020021d00,2018-12-18T08:00,540
0004000000030800,2018-12-18T08:00,1920
0004000000088900,2018-12-18T08:00,480
0004001020021d00,2018-12-18T09:00,540
0004001000021800,2018-12-18T09:00,60
000400000f701400,2018-12-18T09:00,60
0004000000088900,2018-12-18T09:00,840
0004000000030800,2018-12-18T09:00,1680
0004001000021100,2018-12-18T09:00,60
0004000000030800,2018-12-18T10:00,1500
00040000000ec300,2018-12-18T10:00,1680
00040000000ec300,2018-12-18T11:00,2640
0004001020021300,2018-12-18T11:00,60
0004000000088900,2018-12-18T11:00,420
0004001020021d00,2018-12-18T11:00,300
0004001020021d00,2018-12-18T12:00,540
0004001000021900,2018-12-18T12:00,60
0004000000088900,2018-12-18T13:00,780
0004000000088900,2018-12-18T14:00,600
00040000000ec300,2018-12-18T14:00,2940
00040000000ec300,2018-12-18T15:00,2640
0004000000030800,2018-12-18T15:00,900
0004000000030800,2018-12-18T16:00,3360
0004000000030800,2018-12-18T17:00,1920
0004001000021500,2018-12-18T18:00,60
0004000000030800,2018-12-18T19:00,2520
0004001020021d00,2018-12-18T19:00,120
0004001000021400,2018-12-18T19:00,120
0004000000030800,2018-12-18T20:00,1860
00040000000ec300,2018-12-18T20:00,1080
0004001000021e00,2018-12-19T09:00,60
0004000000030800,2018-12-19T09:00,180
0004000000030800,2018-12-19T10:00,1860
0004003000009600,2018-12-19T10:00,60
0004000000088900,2018-12-19T10:00,420
00040000000ec300,2018-12-19T10:00,240
0004001020021d00,2018-12-19T10:00,60
0004000000030800,2018-12-19T12:00,1980
0004001020021d00,2018-12-19T13:00,600
0004000000030800,2018-12-19T13:00,1680
0004001000021700,2018-12-19T13:00,300
0004001000021700,2018-12-19T14:00,780
0004000000030800,2018-12-19T14:00,2640
0004000000030800,2018-12-19T15:00,2580
0004000000088900,2018-12-19T15:00,60
0004000000088900,2018-12-19T16:00,240
0004000000030800,2018-12-19T16:00,1200
00040000000ec300,2018-12-19T16:00,120
0004001000021700,2018-12-19T16:00,60
0004003000009700,2018-12-19T17:00,300
0004003000009400,2018-12-19T17:00,60
0004001000021000,2018-12-19T17:00,360
0004000000088900,2018-12-19T17:00,780
0004000000088900,2018-12-19T18:00,3600
0004000000030800,2018-12-19T20:00,1740
0004000000030800,2018-12-19T21:00,480
0004003000009300,2018-12-20T07:00,180
0004003000009600,2018-12-20T07:00,60
0004003000009600,2018-12-20T08:00,60
0004003000009700,2018-12-20T08:00,60
0004003000009400,2018-12-20T08:00,60
0004000000088900,2018-12-20T08:00,480
0004000000030800,2018-12-20T08:00,960
0004003000009300,2018-12-20T08:00,60
0004001020021d00,2018-12-20T08:00,120
0004001000021700,2018-12-20T08:00,660
0004000000030800,2018-12-20T10:00,540
0004000000030800,2018-12-20T11:00,780
0004001020021d00,2018-12-20T11:00,240
0004001000021400,2018-12-20T11:00,2520
0004001000021400,2018-12-20T12:00,480
0004000000030800,2018-12-20T12:00,1020
0004000000030800,2018-12-20T13:00,1020
0004001000021400,2018-12-20T13:00,1320
0004001000021900,2018-12-20T13:00,60
000400000f701400,2018-12-20T13:00,60
0004003000009300,2018-12-20T13:00,360
000400300000bd00,2018-12-20T13:00,60
000400300000bd00,2018-12-20T14:00,60
0004000000088900,2018-12-20T14:00,2940
0004000000088900,2018-12-20T15:00,3480
0004000000088900,2018-12-20T16:00,2880
0004000000030800,2018-12-20T16:00,600
0004000000030800,2018-12-20T17:00,3600
0004000000030800,2018-12-20T18:00,360
0004001000021500,2018-12-20T18:00,60
000400000f701400,2018-12-20T18:00,60
0004001020021d00,2018-12-20T18:00,60
0004001000021400,2018-12-20T18:00,60
0004001000021200,2018-12-20T18:00,60
0004001000021700,2018-12-20T19:00,60
0004001000021200,2018-12-20T19:00,180
0004001000021400,2018-12-20T19:00,60
0004000000088900,2018-12-20T19:00,120
0004000000030800,2018-12-20T19:00,540
0004003000009300,2018-12-20T19:00,120
0004001000021800,2018-12-20T19:00,180
0004001000021000,2018-12-20T19:00,60
0004001020021300,2018-12-20T19:00,120
0004001000021100,2018-12-20T19:00,60
00040000000ec300,2018-12-20T19:00,480
00040000000ec300,2018-12-20T20:00,2220
0004000000088900,2018-12-21T10:00,60
0004000000088900,2018-12-21T11:00,60
0004000000030800,2018-12-21T11:00,660
0004001000021400,2018-12-21T11:00,2340
0004003000009300,2018-12-21T11:00,360
0004001000021500,2018-12-21T12:00,480
000400000f701400,2018-12-21T12:00,240
0004001020021d00,2018-12-21T12:00,180
0004000000030800,2018-12-21T12:00,660
0004001000021700,2018-12-21T12:00,300
0004000000088900,2018-12-21T12:00,240
0004001000021400,2018-12-21T13:00,240
0004001000021500,2018-12-21T13:00,180
0004001000021200,2018-12-21T13:00,60
0004000000088900,2018-12-21T13:00,540
0004000000088900,2018-12-21T14:00,2940
00040000000ec300,2018-12-21T14:00,660
00040000000ec300,2018-12-21T15:00,1980
000400000f701400,2018-12-21T15:00,120
0004000000030800,2018-12-21T15:00,1320
0004000000030800,2018-12-21T16:00,3060
0004000000030800,2018-12-21T17:00,420
0004001000021500,2018-12-21T17:00,180
0004001000021400,2018-12-21T17:00,780
0004003000009600,2018-12-21T17:00,60
0004001000021700,2018-12-21T17:00,300
0004001020021d00,2018-12-21T17:00,120
0004001000021400,2018-12-21T19:00,60
0004000000030800,2018-12-21T19:00,60
0004000000030800,2018-12-21T20:00,1080
0004001000021400,2018-12-21T20:00,240
0004001000021500,2018-12-21T20:00,60
0004001000021700,2018-12-21T20:00,480
0004001000021000,2018-12-21T20:00,60
0004000000030800,2018-12-22T11:00,1920
0004000000088900,2018-12-22T11:00,720
0004000000088900,2018-12-22T12:00,3600
0004000000088900,2018-12-22T13:00,1020
0004000000030800,2018-12-22T13:00,2520
0004000000030800,2018-12-22T14:00,180
0004000000088900,2018-12-23T08:00,1080
0004000000088900,2018-12-23T09:00,720
0004000000030800,2018-12-23T09:00,1020
0004000000030800,2018-12-24T08:00,1020
0004000000088900,2018-12-24T08:00,360
00040000000ec300,2018-12-24T08:00,960
00040000000ec300,2018-12-24T09:00,1500
00040000000ec300,2018-12-24T10:00,2340
0004000000030800,2018-12-24T10:00,300
0004000000030800,2018-12-24T11:00,2520
000400000f701400,2018-12-24T11:00,300
0004001020021d00,2018-12-24T11:00,480
0004001000021000,2018-12-24T12:00,300
000400100002c000,2018-12-24T12:00,60
0004001000021500,2018-12-24T12:00,300
0004003000009300,2018-12-24T12:00,60
0004000000030800,2018-12-24T16:00,1800
0004003000009300,2018-12-24T16:00,180
0004001000021200,2018-12-24T16:00,60
0004003000009600,2018-12-24T16:00,180
00040000000ec300,2018-12-25T09:00,1020
00040000000ec300,2018-12-25T10:00,2880
0004000000088900,2018-12-25T10:00,540
0004000000088900,2018-12-25T11:00,1020
0004000000088900,2018-12-25T12:00,3600
0004000000088900,2018-12-25T13:00,3600
0004000000088900,2018-12-25T14:00,1920
0004001000021400,2018-12-25T16:00,60
0004000000030800,2018-12-25T17:00,2220
0004000000030800,2018-12-25T18:00,180
0004000000088900,2018-12-25T18:00,900
0004000000088900,2018-12-26T08:00,420
0004000000088900,2018-12-26T09:00,3540
0004001000021400,2018-12-26T11:00,360
0004000000030800,2018-12-26T11:00,1140
0004000000030800,2018-12-26T12:00,300
0004000000088900,2018-12-26T13:00,2100
0004000000030800,2018-12-26T13:00,540
0004000000030800,2018-12-26T14:00,1620
0004001000021400,2018-12-26T14:00,120
0004001000021700,2018-12-26T14:00,240
00040000000ec300,2018-12-26T14:00,720
0004000000030800,2018-12-26T15:00,1080
00040000000ec300,2018-12-26T15:00,1140
00040000000ec300,2018-12-26T16:00,600
0004003000009700,2018-12-26T16:00,60
00040000000ec300,2018-12-26T17:00,180
0004000000030800,2018-12-26T19:00,780
0004001000021700,2018-12-26T19:00,60
0004003000009300,2018-12-26T19:00,240
0004003000009600,2018-12-26T19:00,60
0004001000021400,2018-12-26T20:00,2100
0004001000021400,2018-12-27T10:00,120
0004003000009300,2018-12-27T10:00,180
0004000000088900,2018-12-27T10:00,1740
0004000000088900,2018-12-27T11:00,2820
00040000000ec300,2018-12-27T11:00,600
00040000000ec300,2018-12-27T12:00,1080
0004000000030800,2018-12-27T12:00,2460
0004000000030800,2018-12-27T13:00,420
0004000000088900,2018-12-27T13:00,1620
0004000000088900,2018-12-27T14:00,720
00040000000ec300,2018-12-27T14:00,1080
0004003000009300,2018-12-27T14:00,60
0004001000021400,2018-12-27T14:00,1560
0004001000021400,2018-12-27T15:00,660
0004001000021700,2018-12-27T15:00,600
0004000000030800,2018-12-29T12:00,240
0004000000088900,2018-12-29T12:00,420
0004000000088900,2018-12-29T13:00,480
0004000000030800,2018-12-29T14:00,720
0004001000021000,2018-12-29T14:00,300
0004001000021900,2018-12-29T14:00,120
0004001000021400,2018-12-29T14:00,240
00040000000ec300,2018-12-29T14:00,660
00040000000ec300,2018-12-29T15:00,2520
0004001000021400,2018-12-29T19:00,60
00040000000ec300,2018-12-29T19:00,3060
00040000000ec300,2018-12-29T20:00,2520
0004001000021000,2018-12-30T12:00,240
00040000000ec300,2018-12-30T12:00,1200
00040000000ec300,2018-12-30T13:00,780
00040000000ec300,2018-12-30T14:00,1620
00040000000ec300,2018-12-30T15:00,2460
0004000000088900,2018-12-30T15:00,1020
0004000000088900,2018-12-30T16:00,3420
0004000000088900,2018-12-30T17:00,2160
000400000f701400,2018-12-30T17:00,300
0004001000021700,2018-12-30T17:00,120
0004001000021400,2018-12-30T17:00,600
0004003000009400,2018-12-30T17:00,60
0004003000009300,2018-12-30T17:00,60
0004001000021000,2018-12-30T17:00,60
0004000000030800,2018-12-30T17:00,120
0004000000030800,2018-12-30T18:00,600
0004000000088900,2018-12-31T09:00,1140
0004000000088900,2018-12-31T10:00,1320
00040000000ec300,2018-12-31T10:00,2160
00040000000ec300,2018-12-31T11:00,300
0004001000021700,2018-12-31T11:00,420
0004001000021800,2018-12-31T11:00,300
0004000000030800,2018-12-31T11:00,960
000400000f701400,2018-12-31T12:00,60
0004000000030800,2018-12-31T12:00,420
0004001000021700,2018-12-31T12:00,60
0004000000030800,2019-01-02T17:00,1920
00040000000ec300,2019-01-02T17:00,240
0004000000088900,2019-01-02T17:00,180
0004001000021400,2019-01-02T18:00,360
0004001000021800,2019-01-02T18:00,60
00040000000ec300,2019-01-02T18:00,420
000400000f701400,2019-01-02T18:00,60
000400000f701400,2019-01-02T19:00,60
0004001000021700,2019-01-02T19:00,660
0004000000088900,2019-01-02T20:00,1020
0004000000088900,2019-01-03T12:00,1020
0004000000088900,2019-01-03T13:00,3600
0004000000088900,2019-01-03T14:00,1980
0004000000088900,2019-01-03T16:00,3240
0004000000088900,2019-01-03T17:00,3360
0004000000088900,2019-01-04T11:00,1860
0004000000088900,2019-01-04T12:00,3600
0004000000088900,2019-01-04T13:00,2280
0004000000088900,2019-01-04T14:00,2760
0004000000088900,2019-01-04T15:00,1800
0004000000030800,2019-01-04T15:00,420
0004001000021400,2019-01-05T11:00,120
0004000000088900,2019-01-05T11:00,2760
0004000000088900,2019-01-05T12:00,3600
0004000000088900,2019-01-05T13:00,2340
00040000000ec300,2019-01-05T13:00,1200
00040000000ec300,2019-01-05T14:00,60
0004001000021400,2019-01-05T15:00,60
0004000000088900,2019-01-05T15:00,2880
0004000000088900,2019-01-05T16:00,180
00040000000ec300,2019-01-05T16:00,3360
00040000000ec300,2019-01-05T17:00,1560
0004000000088900,2019-01-05T17:00,660
00040000000ec300,2019-01-06T08:00,1500
0004000000088900,2019-01-06T08:00,660
0004000000088900,2019-01-06T09:00,1860
00040000000ec300,2019-01-06T09:00,480
0004003000009600,2019-01-06T09:00,60
0004000000088900,2019-01-06T10:00,420
0004000000088900,2019-01-06T12:00,1440
00040000000ec300,2019-01-06T12:00,420
0004001000021700,2019-01-06T12:00,60
0004000000030800,2019-01-06T14:00,2100
0004001020021d00,2019-01-06T17:00,240
0004001000021400,2019-01-06T17:00,60
0004000000088900,2019-01-06T17:00,360
0004000000088900,2019-01-06T18:00,2160
0004001000021000,2019-01-06T18:00,60
0004000000030800,2019-01-06T19:00,3540
0004001000021000,2019-01-06T19:00,60
0004000000030800,2019-01-06T20:00,60
0004000000088900,2019-01-07T09:00,180
0004000000030800,2019-01-07T09:00,120
0004000000030800,2019-01-07T10:00,2340
0004000000030800,2019-01-07T11:00,540
0004000000030800,2019-01-12T08:00,720
0004000000030800,2019-01-12T09:00,780
0004001020021d00,2019-01-12T09:00,660
0004001000021700,2019-01-12T09:00,120
0004001000021e00,2019-01-12T09:00,60
0004000000088900,2019-01-12T09:00,300
0004000000088900,2019-01-13T09:00,420
0004000000088900,2019-01-13T10:00,480
000400000f701400,2019-01-13T10:00,60
00040000000ec300,2019-01-13T10:00,180
0004001000021200,2019-01-14T16:00,60
0004000000030800,2019-01-14T16:00,2460
0004000000030800,2019-01-14T17:00,1140
00040000000ec300,2019-01-14T17:00,2280
00040000000ec300,2019-01-14T18:00,960
00040000000ec300,2019-01-15T06:00,2700
00040000000ec300,2019-01-15T07:00,900
00040000000ec300,2019-01-15T08:00,720
0004001000021700,2019-01-15T08:00,60
0004001000021000,2019-01-15T08:00,60
0004003000009300,2019-01-15T08:00,180
0004001000021400,2019-01-15T08:00,240
00040000000ec300,2019-01-15T17:00,360
00040000000ec300,2019-01-15T18:00,1740
000400000f701400,2019-01-16T07:00,840
0004001020021d00,2019-01-16T07:00,60
00040000000ec300,2019-01-16T12:00,600
0004001020021d00,2019-01-16T12:00,480
0004001000021100,2019-01-16T12:00,60
00040000000ec300,2019-01-17T14:00,1200
00040000000ec300,2019-01-17T15:00,120
0004001000021000,2019-01-17T15:00,600
0004001020024100,2019-01-17T15:00,60
0004000000030800,2019-01-17T15:00,2700
0004000000030800,2019-01-17T16:00,2760
0004003000009600,2019-01-17T16:00,60
0004003000009700,2019-01-17T16:00,180
000400300000bd00,2019-01-17T16:00,60
0004001000021100,2019-01-17T16:00,180
0004001000021000,2019-01-17T16:00,360
0004001020021300,2019-01-17T17:00,120
0004003000009e00,2019-01-17T17:00,60
0004003000009400,2019-01-17T17:00,180
00040000000ec300,2019-01-18T13:00,360
00040000000ec300,2019-01-18T14:00,1380
00040000000ec300,2019-01-18T16:00,1980
00040000000ec300,2019-01-18T17:00,1620
0004000000030800,2019-01-18T17:00,1680
0004000000030800,2019-01-18T18:00,600
0004003000009300,2019-01-18T18:00,60
0004001000021400,2019-01-18T18:00,300
0004001000021000,2019-01-18T18:00,180
0004001020024100,2019-01-18T18:00,300
0004001000021200,2019-01-18T18:00,180
0004001000021500,2019-01-18T18:00,180
0004001000021e00,2019-01-18T20:00,60
0004001000021e00,2019-01-18T21:00,300
0004001000021e00,2019-01-19T10:00,1380
0004000000088900,2019-01-19T11:00,180
00040000000ec300,2019-01-19T11:00,600
0004001000021400,2019-01-19T11:00,60
000400000f701400,2019-01-19T11:00,120
0004001000021500,2019-01-19T14:00,840
0004001000021e00,2019-01-19T14:00,480
0004001000021e00,2019-01-19T15:00,240
00040000000ec300,2019-01-19T15:00,3240
00040000000ec300,2019-01-19T16:00,2880
0004001000021e00,2019-01-19T16:00,660
0004001000021e00,2019-01-19T17:00,2160
0004001000021000,2019-01-20T10:00,180
0004001020024100,2019-01-20T10:00,60
000400100002c000,2019-01-20T10:00,60
0004001000021500,2019-01-20T10:00,240
0004001000021500,2019-01-20T11:00,540
00040000000ec300,2019-01-20T12:00,1200
00040000000ec300,2019-01-20T13:00,3600
00040000000ec300,2019-01-20T14:00,2940
00040000000ec300,2019-01-20T15:00,3000
0004001000021900,2019-01-20T15:00,180
0004000000030800,2019-01-20T15:00,420
0004000000030800,2019-01-20T16:00,1080
0004001000021000,2019-01-20T16:00,240
0004001000021000,2019-01-20T17:00,180
0004001000021400,2019-01-20T17:00,180
0004001000021400,2019-01-20T18:00,120
0004001000021e00,2019-01-20T20:00,300
00040000000ec300,2019-01-21T14:00,1440
00040000000ec300,2019-01-21T15:00,1560
0004001000021e00,2019-01-21T15:00,420
00040000000ec300,2019-01-22T15:00,900
00040000000ec300,2019-01-22T16:00,1140
0004001000021e00,2019-01-22T16:00,900
0004001000021000,2019-01-22T16:00,300
0004001000021900,2019-01-22T16:00,120
0004001000021000,2019-01-22T17:00,1260
0004001000021900,2019-01-22T17:00,240
0004001000021e00,2019-01-22T17:00,1020
0004001000021000,2019-01-22T18:00,60
0004003000009300,2019-01-22T19:00,60
0004003000009600,2019-01-22T19:00,60
0004003000009700,2019-01-22T19:00,60
0004001000021200,2019-01-22T20:00,120
0004000000088900,2019-01-23T13:00,180
0004000000088900,2019-01-23T14:00,60
0004001000021500,2019-01-24T16:00,1080
0004001000021400,2019-01-24T16:00,180
00040000000ec300,2019-01-24T16:00,660
00040000000ec300,2019-01-24T17:00,1440
0004001000021e00,2019-01-25T14:00,1740
00040000000ec300,2019-01-25T14:00,240
00040000000ec300,2019-01-25T15:00,1740
0004000000088900,2019-01-25T15:00,1140
0004001000021e00,2019-01-25T15:00,180
0004001020021d00,2019-01-25T15:00,240
0004001000021500,2019-01-25T17:00,600
0004001000021500,2019-01-25T18:00,720
0004000000088900,2019-01-26T19:00,180
0004000000088900,2019-01-26T20:00,660
0004000000088900,2019-01-27T11:00,1380
0004001000021000,2019-01-27T11:00,60
0004001000021e00,2019-01-27T14:00,1740
0004001000021e00,2019-01-27T15:00,1800
0004000000088900,2019-01-27T15:00,1680
0004000000088900,2019-01-27T16:00,3240
00040000000ec300,2019-01-27T17:00,1800
00040000000ec300,2019-01-27T18:00,960
0004001000021500,2019-01-27T19:00,660
0004001000021400,2019-01-27T19:00,120
0004000000030800,2019-01-28T11:00,1860
0004000000030800,2019-01-28T12:00,60
00040000000ec300,2019-01-28T14:00,2340
00040000000ec300,2019-01-28T15:00,1980
00040000000ec300,2019-01-29T11:00,1140
00040000000ec300,2019-01-29T12:00,3600
00040000000ec300,2019-01-29T13:00,360
0004000000030800,2019-01-29T13:00,3120
0004000000030800,2019-01-29T14:00,420
0004000000088900,2019-01-29T15:00,1200
00040000000ec300,2019-01-29T15:00,660
00040000000ec300,2019-01-29T16:00,2040
0004001000021000,2019-01-29T18:00,60
0004001000021500,2019-01-29T18:00,1080
0004003000009300,2019-01-30T07:00,120
0004001000021400,2019-01-30T07:00,120
0004000000030800,2019-01-30T07:00,240
0004000000030800,2019-01-30T08:00,2700
00040000000ec300,2019-01-30T08:00,780
00040000000ec300,2019-01-30T09:00,1200
00040000000ec300,2019-01-30T20:00,2400
00040000000ec300,2019-01-30T21:00,2580
0004000000088900,2019-01-31T10:00,300
0004000000088900,2019-01-31T11:00,900
00040000000ec300,2019-01-31T11:00,2700
00040000000ec300,2019-01-31T12:00,1140
00040000000ec300,2019-01-31T16:00,1500
00040000000ec300,2019-02-01T14:00,1860
0004000000088900,2019-02-01T14:00,840
0004000000088900,2019-02-01T15:00,420
0004000000030800,2019-02-01T15:00,300
0004000000030800,2019-02-01T18:00,1200
0004001000021e00,2019-02-02T12:00,120
0004001000021e00,2019-02-02T13:00,1860
0004000000088900,2019-02-02T13:00,360
0004000000088900,2019-02-02T14:00,600
000400000f701400,2019-02-02T14:00,60
0004001020021d00,2019-02-02T14:00,300
0004001000021000,2019-02-02T17:00,180
0004001000021900,2019-02-02T17:00,480
0004001000021900,2019-02-02T18:00,420
0004003000009400,2019-02-02T18:00,900
0004003000009700,2019-02-02T18:00,60
0004003000009600,2019-02-02T18:00,120
0004003000009300,2019-02-02T18:00,120
00040000000ec300,2019-02-02T19:00,780
0004000000030800,2019-02-02T19:00,900
0004000000030800,2019-02-02T20:00,1380
0004003000009e00,2019-02-03T10:00,60
0004003000009300,2019-02-03T10:00,60
000400300000bd00,2019-02-03T10:00,60
0004000000030800,2019-02-03T11:00,480
0004000000030800,2019-02-03T12:00,1500
0004001000021700,2019-02-03T12:00,540
0004001000021400,2019-02-03T12:00,60
00040000000ec300,2019-02-03T12:00,1260
00040000000ec300,2019-02-03T13:00,3600
00040000000ec300,2019-02-03T14:00,1620
0004003000009400,2019-02-03T16:00,60
0004001000021500,2019-02-03T16:00,60
0004001000021400,2019-02-03T16:00,120
0004001000021000,2019-02-03T16:00,240
0004000000030800,2019-02-03T16:00,1380
0004000000030800,2019-02-03T17:00,3180
0004001000021400,2019-02-03T17:00,60
0004003000009400,2019-02-03T18:00,60
0004001000021400,2019-02-03T18:00,60
00040000000ec300,2019-02-04T15:00,1620
00040000000ec300,2019-02-04T16:00,360
00040000000ec300,2019-02-04T17:00,420
0004001000021000,2019-02-05T14:00,360
0004003000009400,2019-02-05T14:00,540
0004000000030800,2019-02-05T14:00,1440
00040000000ec300,2019-02-05T14:00,540
00040000000ec300,2019-02-05T15:00,3600
00040000000ec300,2019-02-05T16:00,3540
00040000000ec300,2019-02-05T17:00,1500
00040000000ec300,2019-02-06T15:00,60
00040000000ec300,2019-02-07T14:00,3240
00040000000ec300,2019-02-07T15:00,3600
00040000000ec300,2019-02-07T16:00,3000
0004001000021200,2019-02-07T20:00,60
0004001000021000,2019-02-07T20:00,360
0004003000009300,2019-02-07T20:00,60
0004001000021400,2019-02-07T20:00,600
0004001000021500,2019-02-07T20:00,180
0004001000021e00,2019-02-07T20:00,360
00040000000ec300,2019-02-08T09:00,720
00040000000ec300,2019-02-08T10:00,3360
00040000000ec300,2019-02-08T13:00,840
00040000000ec300,2019-02-08T14:00,2040
0004001000021800,2019-02-08T15:00,540
0004001000021800,2019-02-08T16:00,240
000400300000bd00,2019-02-08T16:00,60
0004003000009400,2019-02-08T16:00,60
00040000000ec300,2019-02-08T16:00,1140
00040000000ec300,2019-02-08T17:00,720
0004000000030800,2019-02-08T17:00,1260
0004000000088900,2019-02-08T17:00,1500
0004000000088900,2019-02-08T18:00,60
0004001020021d00,2019-02-08T18:00,360
0004001000021500,2019-02-08T19:00,2100
00040000000ec300,2019-02-09T10:00,1500
00040000000ec300,2019-02-09T11:00,2400
00040000000ec300,2019-02-09T13:00,840
00040000000ec300,2019-02-09T14:00,1620
00040000000ec300,2019-02-09T15:00,300
00040000000ec300,2019-02-09T16:00,2580
00040000000ec300,2019-02-09T17:00,2700
00040000000ec300,2019-02-09T18:00,540
00040000000ec300,2019-02-10T08:00,420
00040000000ec300,2019-02-10T09:00,1980
00040000000ec300,2019-02-10T10:00,3540
00040000000ec300,2019-02-10T11:00,1680
00040000000ec300,2019-02-10T13:00,3540
00040000000ec300,2019-02-10T14:00,1080
00040000000ec300,2019-02-20T14:00,960
00040000000ec300,2019-02-20T15:00,840
0004000000030800,2019-02-20T15:00,2280
0004001000021500,2019-02-20T17:00,120
0004001000021400,2019-02-20T17:00,480
0004001000021000,2019-02-20T17:00,120
0004001000021400,2019-02-20T18:00,120
0004001000021500,2019-02-20T18:00,1140
00040000000ec300,2019-02-21T11:00,1020
00040000000ec300,2019-02-21T12:00,2520
0004001000021700,2019-02-21T12:00,360
00040000000ec300,2019-02-21T13:00,660
00040000000ec300,2019-02-21T14:00,360
0004001000021400,2019-02-21T15:00,180
0004001000021400,2019-02-21T16:00,120
0004001000021500,2019-02-21T19:00,1980
0004000000030800,2019-02-22T14:00,780
0004001000021700,2019-02-22T14:00,240
0004000000030800,2019-02-22T15:00,2100
0004003000009300,2019-02-22T15:00,60
0004003000009600,2019-02-22T15:00,180
000400300000bd00,2019-02-22T15:00,60
0004001000021000,2019-02-22T15:00,300
0004001000021200,2019-02-22T15:00,720
0004001000021800,2019-02-22T15:00,180
0004001000021800,2019-02-22T16:00,360
0004001000021500,2019-02-22T16:00,840
0004001000021500,2019-02-22T17:00,300
0004001000021500,2019-02-22T18:00,480
00040000000ec300,2019-02-23T15:00,2700
00040000000ec300,2019-02-23T16:00,1620
0004001000021400,2019-02-23T16:00,180
0004000000030800,2019-02-23T17:00,180
0004000000030800,2019-02-23T18:00,1680
0004001000021500,2019-02-23T18:00,180
0004001000021700,2019-02-23T18:00,120
0004001000021800,2019-02-23T18:00,300
0004001000021200,2019-02-23T18:00,120
0004001000021100,2019-02-23T18:00,300
0004001000021400,2019-02-23T18:00,60
0004003000009400,2019-02-23T18:00,180
0004003000009700,2019-02-23T19:00,60
0004003000009600,2019-02-23T19:00,60
0004000000030800,2019-02-24T11:00,1980
0004001000021400,2019-02-24T11:00,60
0004001000021700,2019-02-24T11:00,300
0004001000021500,2019-02-24T11:00,180
0004001020021d00,2019-02-24T11:00,1020
0004001020021d00,2019-02-24T12:00,480
0004001000021100,2019-02-24T12:00,60
000400000f701400,2019-02-24T12:00,1020
0004001020021300,2019-02-24T12:00,120
0004001000021800,2019-02-24T12:00,180
0004001000021800,2019-02-24T13:00,540
0004001000021500,2019-02-24T16:00,420
0004001000021000,2019-02-25T14:00,120
0004003000009600,2019-02-25T14:00,120
0004000000030800,2019-02-25T14:00,1020
000400300000bd00,2019-02-25T14:00,60
0004001000021900,2019-02-25T14:00,120
0004001000021900,2019-02-25T15:00,900
0004001000021000,2019-02-25T15:00,60
0004000000030800,2019-02-25T15:00,1380
0004000000030800,2019-02-25T16:00,960
0004000000088900,2019-02-25T16:00,1560
0004001000021e00,2019-02-25T16:00,360
0004001000021400,2019-02-25T16:00,60
0004001000021000,2019-02-26T14:00,60
0004003000009600,2019-02-26T14:00,60
0004000000030800,2019-02-26T14:00,1440
0004003000009400,2019-02-26T14:00,60
0004000000030800,2019-02-26T15:00,240
0004003000009400,2019-02-26T16:00,180
0004003000009400,2019-02-26T17:00,60
0004000000030800,2019-02-26T17:00,2040
0004001020021d00,2019-02-26T17:00,1140
0004001020021d00,2019-02-26T18:00,60
0004003000009300,2019-02-26T18:00,60
0004001000021500,2019-02-26T19:00,1200
0004001000021500,2019-02-26T20:00,3600
0004001000021500,2019-02-26T21:00,420
0004001000021400,2019-02-27T14:00,60
0004001000021000,2019-02-27T14:00,360
0004000000030800,2019-02-27T14:00,1080
0004003000009400,2019-02-27T14:00,540
0004000000030800,2019-02-27T15:00,480
0004003000009400,2019-02-27T15:00,840
0004001000021900,2019-02-27T15:00,960
00040000000ec300,2019-02-27T15:00,780
00040000000ec300,2019-02-27T16:00,300
0004001000021000,2019-02-28T10:00,420
0004003000009400,2019-02-28T10:00,1260
0004003000009400,2019-02-28T11:00,840
00040000000ec300,2019-02-28T11:00,2460
0004001000021000,2019-02-28T11:00,180
0004001000021900,2019-02-28T12:00,300
000400100002c000,2019-02-28T12:00,60
00040000000ec300,2019-02-28T17:00,900
00040000000ec300,2019-02-28T18:00,1320
0004000000030800,2019-02-28T18:00,420
00040000000ec300,2019-03-01T11:00,1380
00040000000ec300,2019-03-01T12:00,600
0004001000021400,2019-03-02T11:00,60
0004001000021400,2019-03-02T16:00,60
0004001000021500,2019-03-02T16:00,60
0004001000021400,2019-03-02T20:00,600
0004001000021500,2019-03-02T20:00,60
0004001000021400,2019-03-02T21:00,1020
0004001000021500,2019-03-02T21:00,960
0004001000021400,2019-03-02T22:00,360
0004003000009300,2019-03-03T09:00,120
0004000000030800,2019-03-03T09:00,900
0004000000030800,2019-03-03T10:00,120
0004000000088900,2019-03-03T10:00,1080
00040000000ec300,2019-03-03T10:00,2280
0004003000009400,2019-03-18T10:00,180
00040000000ec300,2019-03-18T10:00,900
00040000000ec300,2019-03-18T11:00,1440
00040000000ec300,2019-03-18T12:00,1200
0004000000088900,2019-03-18T12:00,1800
0004000000088900,2019-03-18T13:00,1560
0004001000021400,2019-03-18T14:00,180
0004001000021500,2019-03-18T14:00,60
0004001000021000,2019-03-18T14:00,60
0004003000009400,2019-03-18T16:00,120
0004001000021500,2019-03-18T16:00,240
0004001000021400,2019-03-18T16:00,300
0004001000021200,2019-03-18T16:00,120
0004000000030800,2019-03-18T16:00,2220
0004000000030800,2019-03-18T17:00,1680
0004001000021700,2019-03-18T17:00,60
00040000000ec300,2019-03-18T17:00,1800
00040000000ec300,2019-03-18T18:00,60
0004001000021400,2019-03-18T18:00,3480
0004001000021400,2019-03-18T19:00,240
0004001000021500,2019-03-18T19:00,480
0004000000088900,2019-03-19T10:00,3240
0004000000088900,2019-03-19T11:00,1440
0004000000088900,2019-03-19T12:00,960
0004001000021000,2019-03-19T12:00,60
0004000000088900,2019-03-19T13:00,600
00040000000ec300,2019-03-19T13:00,2700
0004000000030800,2019-03-19T13:00,240
0004000000030800,2019-03-19T14:00,3600
0004000000030800,2019-03-19T15:00,780
0004001000021500,2019-03-19T15:00,120
0004001000021000,2019-03-19T15:00,240
0004001000021400,2019-03-19T15:00,360
0004001000021e00,2019-03-19T15:00,1800
0004001000021e00,2019-03-19T16:00,1800
0004001000021400,2019-03-19T16:00,180
0004003000009400,2019-03-19T16:00,60
0004003000009700,2019-03-19T16:00,120
0004003000009600,2019-03-19T16:00,120
0004001000021500,2019-03-19T16:00,1080
0004001000021500,2019-03-19T17:00,240
0004003000009300,2019-03-19T17:00,720
0004001000021100,2019-03-19T17:00,240
0004001000021200,2019-03-19T17:00,180
0004001000021400,2019-03-20T08:00,420
0004001000021500,2019-03-20T08:00,60
0004001000021700,2019-03-20T08:00,120
000400300000bd00,2019-03-20T08:00,60
0004003000009300,2019-03-20T08:00,120
00040000000ec300,2019-03-20T09:00,60
00040000000ec300,2019-03-20T10:00,3420
00040000000ec300,2019-03-20T11:00,1080
0004001020021d00,2019-03-20T12:00,540
0004003000009300,2019-03-20T12:00,60
00040000000ec300,2019-03-20T12:00,1200
00040000000ec300,2019-03-20T13:00,1920
0004000000088900,2019-03-20T13:00,1620
0004000000088900,2019-03-20T14:00,2340
0004001000021400,2019-03-20T14:00,60
0004001000021400,2019-03-20T15:00,60
0004001000021700,2019-03-20T15:00,120
0004000000088900,2019-03-20T15:00,60
0004001000021400,2019-03-20T16:00,120
0004001000021700,2019-03-20T16:00,480
0004003000009300,2019-03-20T16:00,60
0004003000009400,2019-03-20T16:00,60
0004001000021900,2019-03-20T16:00,60
0004001000021000,2019-03-20T16:00,600
0004001000021100,2019-03-20T16:00,60
0004001020021300,2019-03-20T16:00,60
0004000000030800,2019-03-20T16:00,780
0004000000030800,2019-03-20T17:00,2220
0004001000021400,2019-03-20T17:00,120
0004001020021d00,2019-03-20T17:00,120
0004001000021e00,2019-03-20T17:00,120
00040000000ec300,2019-03-20T17:00,780
0004000000030800,2019-03-20T18:00,1080
0004001000021400,2019-03-20T18:00,60
0004001000021400,2019-03-20T19:00,540
0004001000021400,2019-03-20T20:00,360
0004001000021000,2019-03-20T20:00,300
00040000000ec300,2019-03-21T08:00,1680
0004000000030800,2019-03-21T11:00,540
0004000000030800,2019-03-21T12:00,300
0004000000088900,2019-03-21T12:00,3240
0004000000088900,2019-03-21T13:00,2160
0004000000030800,2019-03-21T15:00,420
0004001000021000,2019-03-22T07:00,120
0004001000021000,2019-03-22T08:00,120
000400000f701400,2019-03-22T09:00,60
0004001000021400,2019-03-22T09:00,180
0004001000021500,2019-03-22T09:00,120
0004001000021700,2019-03-22T09:00,120
0004001020021d00,2019-03-22T09:00,60
0004001000021500,2019-03-22T10:00,120
00040000000ec300,2019-03-22T10:00,2520
00040000000ec300,2019-03-22T11:00,1080
0004000000088900,2019-03-22T11:00,1440
0004000000088900,2019-03-22T12:00,840
0004000000030800,2019-03-22T12:00,1980
0004001000021700,2019-03-22T12:00,120
0004001020021d00,2019-03-22T12:00,180
00040000000ec300,2019-03-23T16:00,1020
00040000000ec300,2019-03-23T17:00,1020
0004000000088900,2019-03-24T13:00,780
0004000000088900,2019-03-24T14:00,2340
0004000000030800,2019-03-24T14:00,1200
0004000000030800,2019-03-24T15:00,240
0004001020021d00,2019-03-24T15:00,900
0004001020021d00,2019-03-24T16:00,1740
0004001000021900,2019-03-24T16:00,240
0004001000021500,2019-03-24T16:00,180
0004001000021400,2019-03-24T16:00,840
0004003000009300,2019-03-24T16:00,60
00040000000ec300,2019-03-24T16:00,120
00040000000ec300,2019-03-24T17:00,900
00040000000ec300,2019-03-25T11:00,1800
00040000000ec300,2019-03-25T12:00,2940
0004001020021d00,2019-03-25T19:00,1140
0004001020021d00,2019-03-25T20:00,900
0004001000021400,2019-03-25T20:00,240
0004001020021d00,2019-03-26T08:00,1680
000400000f701400,2019-03-26T08:00,480
000400000f701400,2019-03-26T09:00,840
0004000000030800,2019-03-26T09:00,2160
0004001000021500,2019-03-26T09:00,600
0004001000021500,2019-03-26T10:00,600
0004001000021400,2019-03-26T10:00,60
00040000000ec300,2019-03-26T10:00,540
00040000000ec300,2019-03-26T11:00,1200
0004001020021d00,2019-03-27T10:00,480
0004001000021700,2019-03-27T10:00,1020
0004001000021400,2019-03-27T10:00,60
0004001000021400,2019-03-27T11:00,420
00040000000ec300,2019-03-27T11:00,2160
0004001000021400,2019-03-27T12:00,240
0004001000021500,2019-03-27T12:00,120
0004001000021000,2019-03-27T12:00,180
0004001020024100,2019-03-27T12:00,60
0004003000009e00,2019-03-27T13:00,60
0004001000021400,2019-03-27T13:00,300
0004001000021700,2019-03-27T13:00,60
0004001000021500,2019-03-27T13:00,60
0004001000021400,2019-03-27T14:00,60
0004001000021400,2019-03-27T15:00,180
0004001000021400,2019-03-27T16:00,900
0004001000021400,2019-03-27T18:00,540
0004001000021500,2019-03-27T18:00,60
0004001000021400,2019-03-27T19:00,60
0004003000009400,2019-03-27T19:00,60
0004003000009400,2019-03-27T20:00,60
0004000000088900,2019-03-28T10:00,720
0004000000088900,2019-03-28T11:00,2040
00040000000ec300,2019-03-28T11:00,1140
000400000f701400,2019-03-28T12:00,540
0004001000021400,2019-03-28T12:00,960
0004001000021700,2019-03-28T12:00,60
0004001000021400,2019-03-28T13:00,900
00040000000ec300,2019-03-28T13:00,2340
0004001000021400,2019-03-28T17:00,660
0004001000021500,2019-03-28T17:00,540
0004000000030800,2019-03-28T17:00,780
0004001000021e00,2019-03-28T17:00,300
0004001000021e00,2019-03-28T18:00,2220
0004001000021400,2019-03-28T18:00,180
0004003000009300,2019-03-28T18:00,540
0004003000009700,2019-03-28T18:00,60
0004000000088900,2019-03-29T10:00,360
0004000000088900,2019-03-29T11:00,2580
00040000000ec300,2019-03-29T11:00,960
00040000000ec300,2019-03-29T12:00,240
0004000000030800,2019-03-29T12:00,1200
0004001000021400,2019-03-29T12:00,360
0004003000009300,2019-03-29T12:00,60
0004000000088900,2019-03-30T11:00,720
0004000000088900,2019-03-30T12:00,660
0004000000030800,2019-03-30T12:00,660
0004003000009300,2019-03-30T16:00,60
000400000f701400,2019-03-30T17:00,120
0004000000030800,2019-03-30T17:00,3240
0004000000030800,2019-03-30T18:00,1020
0004000000088900,2019-03-31T13:00,1560
0004000000088900,2019-04-03T16:00,2460
0004000000088900,2019-04-03T17:00,960
0004000000088900,2019-04-05T16:00,1260
0004000000088900,2019-04-05T17:00,660
00040000000ec300,2019-04-14T08:00,60
00040000000ec300,2019-04-14T09:00,1620
0004000000088900,2019-04-14T09:00,360
00040000000ec300,2019-04-18T15:00,1800
00040000000ec300,2019-04-18T16:00,2220
0004001000021400,2019-04-18T16:00,60
0004001000021000,2019-04-18T16:00,120
0004001020024100,2019-04-18T16:00,300
0004001000021800,2019-04-18T16:00,180
0004003000009400,2019-04-18T16:00,60
0004003000009300,2019-04-18T16:00,60
0004001000021500,2019-04-18T16:00,60
00040000000ec300,2019-04-19T10:00,780
00040000000ec300,2019-04-19T11:00,3600
00040000000ec300,2019-04-19T12:00,3420
00040000000ec300,2019-04-19T13:00,240
0004001000021200,2019-04-19T13:00,180
00040000000ec300,2019-04-19T14:00,1140
00040000000ec300,2019-04-19T15:00,1320
0004000000030800,2019-04-19T16:00,1920
0004001000021000,2019-04-19T17:00,240
0004003000009400,2019-04-19T17:00,180
0004001020021d00,2019-04-19T17:00,840
0004003000009700,2019-04-19T17:00,180
0004001000021500,2019-04-19T17:00,60
0004001000021400,2019-04-19T18:00,120
00040000000ec300,2019-04-20T09:00,960
00040000000ec300,2019-04-20T10:00,1200
0004001000021800,2019-04-20T10:00,120
0004001000021000,2019-04-20T10:00,180
0004001000021500,2019-04-20T10:00,120
0004001000021500,2019-04-20T11:00,180
0004001000021400,2019-04-20T11:00,1740
00040000000ec300,2019-04-20T14:00,2820
00040000000ec300,2019-04-20T15:00,1680
0004001000021500,2019-04-20T17:00,180
0004001000021400,2019-04-20T17:00,1260
0004001000021400,2019-04-20T18:00,240
00040000000ec300,2019-04-21T11:00,900
00040000000ec300,2019-04-21T12:00,2400
00040000000ec300,2019-04-21T13:00,1680
0004000000030800,2019-04-22T14:00,840
0004000000088900,2019-04-22T14:00,1620
0004001000021400,2019-04-22T15:00,120
00040000000ec300,2019-04-23T13:00,180
00040000000ec300,2019-04-23T14:00,2160
00040000000ec300,2019-04-23T15:00,60
00040000000ec300,2019-04-23T16:00,1320
00040000000ec300,2019-04-23T17:00,660
00040000000ec300,2019-04-26T17:00,900
00040000000ec300,2019-04-26T18:00,3000
0004001000021000,2019-06-10T07:00,60
0004000000030800,2019-06-10T07:00,420
0004000000030800,2019-06-10T08:00,1020
0004001000021700,2019-06-10T08:00,60
0004001000021900,2019-06-10T08:00,540
0004001000021000,2019-06-10T08:00,60
000400100002c000,2019-06-10T08:00,60
0004003000009400,2019-06-10T08:00,360
00040000000ec300,2019-06-10T08:00,1320
00040000000ec300,2019-06-10T09:00,2100
0004003000009400,2019-06-10T09:00,1500
0004003000009400,2019-06-10T10:00,300
0004001000021700,2019-06-10T10:00,1260
0004001000021000,2019-06-10T10:00,240
0004001020024100,2019-06-10T10:00,1080
0004003000009400,2019-06-10T11:00,60
0004001000021500,2019-06-10T11:00,240
0004001000021500,2019-06-10T12:00,60
0004001000021000,2019-06-10T12:00,360
0004003000009400,2019-06-10T12:00,60
0004001000021900,2019-06-10T12:00,240
0004001000021900,2019-06-10T13:00,60
0004001000021500,2019-06-10T13:00,840
0004001020021d00,2019-06-10T14:00,540
0004003000009400,2019-06-10T14:00,660
00040000000ec300,2019-06-10T14:00,1860
0004000000030800,2019-06-10T15:00,2820
0004000000030800,2019-06-10T16:00,660
0004001000021700,2019-06-10T16:00,240
0004001000021500,2019-06-11T07:00,300
0004001000021200,2019-06-11T07:00,60
0004001020021300,2019-06-11T07:00,60
0004001000021400,2019-06-11T07:00,60
0004001000021800,2019-06-11T07:00,60
0004000000030800,2019-06-11T07:00,180
0004000000030800,2019-06-11T08:00,3240
0004000000030800,2019-06-11T09:00,1440
0004001000021700,2019-06-11T13:00,420
0004001020021d00,2019-06-11T15:00,60
0004001000021700,2019-06-11T16:00,60
0004001020021d00,2019-06-11T16:00,480
00040000000ec300,2019-06-11T16:00,60
0004003000009400,2019-06-11T16:00,720
0004003000009400,2019-06-11T17:00,120
00040000000ec300,2019-06-11T17:00,1560
00040000000ec300,2019-06-11T18:00,360
00040000000ec300,2019-06-11T19:00,3360
00040000000ec300,2019-06-12T10:00,1260
00040000000ec300,2019-06-12T11:00,480
00040000000ec300,2019-06-12T12:00,120
0004001000021000,2019-06-12T12:00,120
0004003000009400,2019-06-12T12:00,60
0004001000021400,2019-06-12T13:00,120
0004001000021400,2019-06-12T14:00,60
0004000000030800,2019-06-12T14:00,3360
0004003000009400,2019-06-12T14:00,60
0004001000021700,2019-06-12T15:00,180
0004001000021100,2019-06-12T15:00,180
0004001000021800,2019-06-12T15:00,720
0004003000009400,2019-06-12T15:00,60
0004001000021400,2019-06-12T16:00,180
0004000000030800,2019-06-12T16:00,1320
0004000000088900,2019-06-12T16:00,780
0004000000088900,2019-06-12T17:00,1440
0004001000021700,2019-06-12T19:00,120
00040000000ec300,2019-06-13T07:00,1080
00040000000ec300,2019-06-13T08:00,3600
0004003000009700,2019-06-13T09:00,120
0004001000021800,2019-06-13T09:00,120
0004003000009400,2019-06-13T09:00,60
000400300000bd00,2019-06-13T09:00,60
0004003000009600,2019-06-13T09:00,60
0004003000009300,2019-06-13T09:00,60
0004000000030800,2019-06-13T09:00,540
0004003000009400,2019-06-13T10:00,120
0004000000030800,2019-06-13T10:00,900
0004001000021000,2019-06-13T10:00,180
0004000000088900,2019-06-13T10:00,300
0004001000021900,2019-06-13T10:00,240
0004001000021900,2019-06-13T11:00,1560
000400300000bd00,2019-06-13T11:00,120
0004003000009400,2019-06-13T11:00,900
0004000000030800,2019-06-13T11:00,240
0004000000030800,2019-06-13T12:00,1200
0004001000021400,2019-06-13T15:00,60
0004001020021d00,2019-06-13T15:00,240
0004000000030800,2019-06-13T15:00,180
0004000000030800,2019-06-13T16:00,600
00040000000ec300,2019-06-13T16:00,780
0004001000021700,2019-06-13T16:00,840
0004001000021000,2019-06-13T16:00,420
000400100002c000,2019-06-13T16:00,660
0004003000009400,2019-06-13T16:00,300
0004001000021900,2019-06-13T17:00,960
0004000000141000,2019-06-13T17:00,660
0004000000164600,2019-06-13T17:00,1500
0004000000164600,2019-06-13T18:00,480
0004000000141000,2019-06-13T18:00,300
0004001000021500,2019-06-13T18:00,120
0004001000021400,2019-06-13T18:00,120
0004003000009400,2019-06-13T18:00,60
0004001000021900,2019-06-14T08:00,180
00040000000b0f00,2019-06-14T08:00,360
0004000000164600,2019-06-14T08:00,2280
0004000000164600,2019-06-14T09:00,2820
0004000000164600,2019-06-14T10:00,1920
0004000000141000,2019-06-14T10:00,1560
0004000000141000,2019-06-14T11:00,540
0004000000164600,2019-06-14T11:00,1380
0004000000164600,2019-06-14T12:00,900
0004001000021900,2019-06-14T12:00,360
00040000000b0f00,2019-06-14T12:00,240
0004000000030800,2019-06-14T12:00,660
0004003000009400,2019-06-14T12:00,60
0004000000141000,2019-06-14T13:00,120
0004000000164600,2019-06-14T13:00,360
00040000000ec300,2019-06-14T13:00,720
00040000000ec300,2019-06-14T14:00,1800
00040000000b0f00,2019-06-14T14:00,360
0004001000021000,2019-06-14T14:00,60
00040000000b0f00,2019-06-14T15:00,360
0004003000009400,2019-06-14T15:00,600
0004000000030800,2019-06-14T15:00,180
0004001000021500,2019-06-14T16:00,600
0004001000021500,2019-06-14T17:00,420
0004000000141000,2019-06-14T17:00,120
0004000000164600,2019-06-14T17:00,840
0004000000030800,2019-06-14T17:00,480
0004001000021700,2019-06-14T20:00,360
0004000000030800,2019-06-14T20:00,600
0004003000009400,2019-06-14T20:00,120
0004000000030800,2019-06-15T07:00,2220
0004000000030800,2019-06-15T08:00,2040
00040000000b0f00,2019-06-15T08:00,1440
0004003000009400,2019-06-15T08:00,120
00040000000b0f00,2019-06-15T09:00,2940
0004003000009400,2019-06-15T09:00,420
00040000000b0f00,2019-06-15T10:00,1080
0004000000141000,2019-06-15T10:00,420
0004000000164600,2019-06-15T10:00,2100
0004000000164600,2019-06-15T11:00,1440
0004001000021700,2019-06-15T11:00,180
0004001000021e00,2019-06-15T11:00,420
0004000000141000,2019-06-15T11:00,900
0004000000141000,2019-06-15T12:00,180
0004001000021500,2019-06-15T12:00,660
0004001000021700,2019-06-15T12:00,60
000400000f701400,2019-06-15T12:00,180
0004001000021100,2019-06-15T12:00,60
0004000000141000,2019-06-15T17:00,720
0004000000164600,2019-06-15T17:00,60
0004000000164600,2019-06-15T18:00,780
0004001000021400,2019-06-15T18:00,120
0004003000009400,2019-06-15T18:00,540
0004003000009600,2019-06-15T18:00,60
0004001000021500,2019-06-15T18:00,420
00040000000b0f00,2019-06-15T18:00,60
0004000000141000,2019-06-16T08:00,120
0004000000164600,2019-06-16T08:00,360
0004000000164600,2019-06-16T09:00,2280
0004000000141000,2019-06-16T09:00,660
0004001000021500,2019-06-16T09:00,300
0004001000021400,2019-06-16T09:00,240
0004001000021400,2019-06-16T10:00,300
000400000f701400,2019-06-16T10:00,120
0004001000021900,2019-06-16T10:00,360
0004000000088900,2019-06-16T10:00,300
00040000000ec300,2019-06-16T10:00,300
00040000000ec300,2019-06-16T11:00,120
0004001000021900,2019-06-16T11:00,240
0004000000164600,2019-06-16T11:00,240
0004000000141000,2019-06-16T11:00,480
0004001000021200,2019-06-16T11:00,60
00040000000b0f00,2019-06-16T11:00,540
0004001020021d00,2019-06-16T12:00,1020
0004000000164600,2019-06-16T12:00,120
0004000000141000,2019-06-16T13:00,240
0004003000009300,2019-06-16T13:00,360
0004001000021400,2019-06-16T13:00,1560
0004000000164600,2019-06-16T14:00,240
0004000000030800,2019-06-16T14:00,1860
0004000000030800,2019-06-16T15:00,2640
0004000000030800,2019-06-16T16:00,1260
0004000000141000,2019-06-17T09:00,240
0004000000164600,2019-06-17T09:00,1380
0004003000009400,2019-06-17T11:00,1980
00040000000b0f00,2019-06-17T11:00,120
0004003000009400,2019-06-17T12:00,1320
0004003000009400,2019-06-17T13:00,900
00040000000b0f00,2019-06-17T13:00,1800
0004003000009400,2019-06-17T14:00,240
0004000000164600,2019-06-17T14:00,1980
0004000000164600,2019-06-17T15:00,2460
0004000000030800,2019-06-17T15:00,1080
0004000000030800,2019-06-17T16:00,300
0004003000009400,2019-06-18T07:00,1920
0004001000021000,2019-06-18T07:00,120
0004003000009600,2019-06-18T07:00,60
0004003000009400,2019-06-18T08:00,1020
0004001000021100,2019-06-18T08:00,180
0004001000021900,2019-06-18T08:00,480
0004000000164600,2019-06-18T08:00,660
0004000000164600,2019-06-18T09:00,1620
00040000000d7d00,2019-06-18T09:00,120
0004000000030800,2019-06-18T09:00,1140
0004003000009400,2019-06-18T09:00,540
0004003000009400,2019-06-18T10:00,1260
0004000000030800,2019-06-18T10:00,1260
00040000000d7d00,2019-06-18T13:00,1500
00040000000d7d00,2019-06-18T14:00,1740
0004000000141000,2019-06-18T16:00,180
0004000000164600,2019-06-18T16:00,720
0004000000030800,2019-06-18T16:00,600
0004000000030800,2019-06-18T17:00,360
00040000000d7d00,2019-06-18T17:00,1860
00040000000d7d00,2019-06-19T08:00,660
0004003000009300,2019-06-19T08:00,60
0004000000164600,2019-06-19T08:00,840
0004001000021400,2019-06-19T08:00,60
00040000000d7d00,2019-06-19T09:00,3480
00040000000d7d00,2019-06-19T10:00,60
0004000000030800,2019-06-19T10:00,2160
0004001000021700,2019-06-19T10:00,780
0004001000021700,2019-06-19T11:00,540
0004001000021400,2019-06-19T11:00,60
0004000000030800,2019-06-19T11:00,1500
0004001000021800,2019-06-19T11:00,180
0004001000021200,2019-06-19T11:00,120
00040000000d7d00,2019-06-19T12:00,60
0004003000009e00,2019-06-19T12:00,60
0004003000009400,2019-06-19T12:00,120
0004003000009400,2019-06-19T13:00,660
0004001000021000,2019-06-19T13:00,60
00040000000ec300,2019-06-19T13:00,720
00040000000d7d00,2019-06-19T13:00,1320
0004001020021d00,2019-06-19T14:00,60
0004001000021700,2019-06-19T14:00,60
0004000000030800,2019-06-19T14:00,240
0004000000030800,2019-06-19T15:00,1920
0004000000030800,2019-06-19T16:00,780
00040000000d7d00,2019-06-20T09:00,1080
0004001000021000,2019-06-20T09:00,180
0004000000030800,2019-06-20T09:00,900
0004000000030800,2019-06-20T10:00,1680
0004001000021700,2019-06-20T10:00,840
0004001000021400,2019-06-20T10:00,300
00040000000ec300,2019-06-20T10:00,660
00040000000ec300,2019-06-20T11:00,780
0004001020021d00,2019-06-20T11:00,60
0004001000021900,2019-06-20T11:00,120
00040000000d7d00,2019-06-20T11:00,720
0004001000021700,2019-06-20T11:00,120
0004001000021500,2019-06-20T11:00,180
0004000000164600,2019-06-20T11:00,120
0004000000030800,2019-06-20T12:00,2820
0004003000009300,2019-06-20T12:00,60
0004003000009400,2019-06-20T12:00,60
0004001000021e00,2019-06-20T12:00,240
0004000000030800,2019-06-20T13:00,420
0004001020021d00,2019-06-20T13:00,360
0004001020021d00,2019-06-20T14:00,180
0004000000030800,2019-06-20T19:00,900
0004000000164600,2019-06-20T20:00,1200
0004000000030800,2019-06-20T20:00,1260
0004000000030800,2019-06-20T21:00,480
00040000000d7d00,2019-06-20T21:00,360
0004000000164600,2019-06-20T21:00,60
0004001000021400,2019-06-20T21:00,180
0004000000030800,2019-06-21T07:00,2160
0004000000030800,2019-06-21T08:00,720
0004000000030800,2019-06-21T16:00,600
0004000000030800,2019-06-21T17:00,2160
0004003000009400,2019-06-21T18:00,120
00040000000b0f00,2019-06-21T18:00,60
0004000000030800,2019-06-21T18:00,60
0004000000164600,2019-06-21T18:00,2040
0004000000164600,2019-06-21T19:00,1980
0004000000030800,2019-06-22T08:00,720
0004000000030800,2019-06-22T09:00,540
0004000000164600,2019-06-22T09:00,960
0004000000164600,2019-06-22T11:00,1260
0004000000164600,2019-06-22T12:00,540
0004000000164600,2019-06-22T13:00,1680
0004000000164600,2019-06-22T14:00,1260
0004001000021200,2019-06-22T17:00,60
0004000000164600,2019-06-22T17:00,1080
00040000000d7d00,2019-06-22T17:00,1440
00040000000d7d00,2019-06-22T18:00,360
0004001000021400,2019-06-22T18:00,300
0004001000021e00,2019-06-23T08:00,360
0004000000088900,2019-06-23T10:00,1920
0004000000088900,2019-06-23T11:00,720
0004001020021300,2019-06-23T11:00,120
0004001000021500,2019-06-23T11:00,660
0004001000021500,2019-06-23T16:00,540
0004000000030800,2019-06-23T16:00,840
0004000000030800,2019-06-23T17:00,360
00040000000d7d00,2019-06-23T17:00,240
00040000000d7d00,2019-06-23T18:00,1680
0004000000164600,2019-06-23T18:00,1560
0004000000164600,2019-06-24T07:00,1440
0004000000164600,2019-06-24T08:00,2280
0004000000030800,2019-06-24T08:00,780
0004001000021700,2019-06-24T08:00,60
0004001020021d00,2019-06-24T08:00,300
0004000000141000,2019-06-24T08:00,120
0004000000141000,2019-06-24T09:00,1920
00040000000d7d00,2019-06-24T09:00,120
0004000000164600,2019-06-24T09:00,960
0004000000141000,2019-06-24T10:00,120
0004000000164600,2019-06-24T10:00,360
000400300000bd00,2019-06-24T10:00,60
0004000000030800,2019-06-24T10:00,1740
0004000000030800,2019-06-24T11:00,180
0004000000164600,2019-06-24T16:00,180
0004000000164600,2019-06-24T17:00,660
00040000000d7d00,2019-06-24T17:00,1620
0004000000164600,2019-06-25T08:00,180
0004000000030800,2019-06-25T10:00,1500
0004001000021400,2019-06-25T17:00,60
0004000000164600,2019-06-25T17:00,840
0004000000030800,2019-06-25T17:00,900
0004001000021500,2019-06-25T17:00,360
00040000000d7d00,2019-06-25T17:00,300
0004000000164600,2019-06-26T07:00,240
0004000000164600,2019-06-26T08:00,2160
0004000000030800,2019-06-26T08:00,960
00040000000ec300,2019-06-26T08:00,180
00040000000ec300,2019-06-26T09:00,3600
00040000000ec300,2019-06-26T10:00,60
0004000000164600,2019-06-26T10:00,540
0004001000021000,2019-06-26T10:00,60
0004001000021000,2011-01-01T00:00,120
0004001000021000,2019-06-26T00:00,60
0004001000021000,2019-06-26T11:00,60
0004000000164600,2019-06-26T11:00,180
0004003000009600,2019-06-26T11:00,120
0004001000021200,2019-06-26T11:00,60
0004003000009700,2019-06-26T11:00,60
0004001000021900,2019-06-26T11:00,180
0004000000030800,2019-06-26T11:00,1080
0004000000030800,2019-06-26T12:00,1920
0004001000021400,2019-06-26T19:00,180
0004001020021d00,2019-06-26T19:00,300
0004000000030800,2019-06-26T19:00,1500
0004000000164600,2019-06-27T10:00,3000
0004000000164600,2019-06-27T11:00,480
0004000000030800,2019-06-27T11:00,2460
00040000000ec300,2019-06-27T11:00,660
00040000000ec300,2019-06-27T12:00,3540
00040000000ec300,2019-06-27T13:00,1440
0004000000164600,2019-06-28T07:00,840
0004000000164600,2019-06-28T08:00,480
00040000000ec300,2019-06-28T08:00,3000
00040000000ec300,2019-06-28T10:00,2220
00040000000ec300,2019-06-28T11:00,420
0004000000164600,2019-06-28T11:00,1740
0004000000030800,2019-06-28T11:00,1440
0004000000030800,2019-06-28T12:00,960
0004000000164600,2019-06-28T12:00,1260
0004001000021400,2019-06-28T12:00,60
0004001020021d00,2019-06-28T12:00,120
0004000000164600,2019-06-29T11:00,1200
0004000000030800,2019-06-29T11:00,900
0004000000164600,2019-06-29T12:00,240
00040000000ec300,2019-06-29T12:00,540
00040000000ec300,2019-06-29T13:00,2760
00040000000ec300,2019-06-29T14:00,780
0004000000164600,2019-06-30T07:00,600
0004003000009700,2019-06-30T07:00,60
00040000000ec300,2019-06-30T07:00,1740
00040000000ec300,2019-06-30T08:00,1980
0004000000030800,2019-06-30T10:00,360
0004001000021800,2019-07-02T14:00,180
0004001000021700,2019-07-02T14:00,300
0004000000030800,2019-07-02T14:00,1680
0004000000030800,2019-07-02T15:00,60
00040000000ec300,2019-07-02T17:00,1980
00040000000ec300,2019-07-02T18:00,840
0004000000164600,2019-07-03T17:00,420
0004000000164600,2019-07-03T18:00,360
0004000000030800,2019-07-04T14:00,240
0004000000030800,2019-07-04T15:00,720
00040000000d7d00,2019-07-04T15:00,1320
0004000000088900,2019-07-04T15:00,1500
0004000000088900,2019-07-04T16:00,360
0004001000021400,2019-07-04T16:00,60
0004000000030800,2019-07-04T17:00,420
0004000000030800,2019-07-04T18:00,2520
0004000000030800,2019-07-05T13:00,1860
0004000000030800,2019-07-05T14:00,120
0004001000021200,2019-07-06T12:00,180
00040000000ec300,2019-07-06T12:00,1680
00040000000ec300,2019-07-06T13:00,1380
0004001000021500,2019-07-06T13:00,180
0004000000030800,2019-07-07T08:00,1980
0004000000164600,2019-07-07T08:00,540
0004000000164600,2019-07-07T09:00,540
0004000000141000,2019-07-07T09:00,180
0004000000030800,2019-07-07T09:00,840
0004000000030800,2019-07-07T10:00,180
0004001000021500,2019-07-07T17:00,120
0004001000021500,2019-07-08T13:00,120
0004000000030800,2019-07-08T14:00,2520
0004001000021500,2019-07-08T14:00,60
0004001000021500,2019-07-08T15:00,600
0004001020021d00,2019-07-08T15:00,660
000400000f701400,2019-07-08T15:00,540
0004000000030800,2019-07-09T17:00,1200
0004000000030800,2019-07-11T08:00,540
0004000000030800,2019-07-11T09:00,1800
0004000000141000,2019-07-11T09:00,60
0004000000164600,2019-07-11T09:00,1740
0004000000164600,2019-07-11T10:00,1680
0004001020021d00,2019-07-11T10:00,420
00040000000ec300,2019-07-11T10:00,1440
00040000000ec300,2019-07-11T11:00,360
0004000000030800,2019-07-12T10:00,2400
0004000000164600,2019-07-12T10:00,840
0004000000164600,2019-07-12T11:00,1200
0004000000030800,2019-07-12T17:00,2700
0004000000030800,2019-07-12T18:00,900
0004000000164600,2019-07-12T18:00,840
0004001000021500,2019-07-12T18:00,300
0004003000009600,2019-07-12T18:00,60
0004001000021000,2019-07-12T18:00,180
0004000000030800,2019-07-12T19:00,660
0004003000009400,2019-07-12T19:00,120
0004000000030800,2019-07-13T10:00,1860
0004000000164600,2019-07-13T10:00,780
0004000000164600,2019-07-13T11:00,2940
0004000000030800,2019-07-13T11:00,660
0004000000164600,2019-07-13T12:00,1080
0004000000030800,2019-07-14T09:00,1080
0004000000030800,2019-07-14T10:00,3120
00040000000ec300,2019-07-14T10:00,420
00040000000ec300,2019-07-14T11:00,1800
00040000000ec300,2019-07-14T16:00,2460
0004000000030800,2019-07-14T18:00,2760
0004000000030800,2019-07-15T14:00,2340
0004000000030800,2019-07-15T15:00,840
00040000000ec300,2019-07-15T17:00,240
00040000000ec300,2019-07-15T18:00,1320
0004000000141000,2019-07-16T14:00,1020
0004000000030800,2019-07-17T13:00,1440
0004000000030800,2019-07-17T14:00,300
0004001000021500,2019-07-17T17:00,180
0004001000021500,2019-07-18T08:00,1320
0004001000021500,2019-07-18T09:00,900
0004001000021500,2019-07-18T10:00,60
0004000000141000,2019-07-18T12:00,1080
0004000000141000,2019-07-18T13:00,540
00040000000d7d00,2019-07-18T13:00,660
0004000000030800,2019-07-18T13:00,2400
0004000000030800,2019-07-18T14:00,1020
0004001000021500,2019-07-19T18:00,720
0004001000021400,2019-07-19T21:00,60
0004001000021500,2019-07-20T19:00,420
0004001000021500,2019-07-20T20:00,120
0004001000021400,2019-07-20T21:00,120
0004001000021400,2019-07-21T07:00,60
0004000000141000,2019-07-21T07:00,180
0004000000164600,2019-07-21T07:00,240
0004000000164600,2019-07-21T08:00,360
00040000000ec300,2019-07-21T08:00,3240
00040000000ec300,2019-07-21T09:00,240
0004000000164600,2019-07-21T18:00,2520
0004000000164600,2019-07-21T19:00,1140
0004000000141000,2019-07-21T19:00,240
0004001000021400,2019-07-21T19:00,120
0004001000021200,2019-07-22T10:00,120
0004000000164600,2019-07-22T10:00,2340
0004000000164600,2019-07-22T11:00,1440
0004000000141000,2019-07-22T11:00,1920
0004001020021d00,2019-07-22T12:00,2580
0004003000009300,2019-07-22T12:00,300
0004001000021400,2019-07-22T12:00,720
0004001000021400,2019-07-22T13:00,60
0004001000021200,2019-07-23T12:00,60
0004000000164600,2019-07-23T12:00,1380
0004000000141000,2019-07-23T12:00,360
0004000000141000,2019-07-23T13:00,1740
0004000000164600,2019-07-23T13:00,240
0004000000030800,2019-07-23T14:00,1920
0004000000030800,2019-07-23T15:00,1620
0004001000021500,2019-07-23T17:00,780
0004001000021500,2019-07-23T18:00,660
0004001000021500,2019-07-23T19:00,60
0004000000164600,2019-07-24T06:00,540
0004000000141000,2019-07-24T06:00,720
0004001000021800,2019-07-24T11:00,480
0004001020021300,2019-07-24T11:00,180
0004000000141000,2019-07-24T11:00,900
0004000000164600,2019-07-24T11:00,780
0004001000021500,2019-07-24T18:00,540
0004001000021500,2019-07-24T19:00,120
0004001000021500,2019-07-24T20:00,60
0004001000021500,2019-07-25T07:00,120
0004003000009400,2019-07-25T07:00,60
0004003000009600,2019-07-25T07:00,60
0004000000164600,2019-07-25T07:00,360
0004000000030800,2019-07-25T07:00,960
0004000000030800,2019-07-25T08:00,2280
00040000000d7d00,2019-07-25T08:00,1020
0004000000030800,2019-07-25T09:00,360
0004000000164600,2019-07-25T09:00,1200
0004001000021500,2019-07-26T08:00,1440
000400000f701400,2019-07-26T08:00,1200
0004000000030800,2019-07-26T08:00,300
0004000000030800,2019-07-26T09:00,3540
0004000000030800,2019-07-26T10:00,120
000400000f701400,2019-07-27T09:00,600
0004000000030800,2019-07-27T09:00,2880
00040000000ec300,2019-07-27T13:00,1020
00040000000ec300,2019-07-27T14:00,1020
0004000000030800,2019-07-27T14:00,600
0004001000021500,2019-07-27T21:00,1140
000400000f701400,2019-07-28T08:00,1440
000400000f701400,2019-07-28T09:00,660
0004000000164600,2019-07-28T09:00,240
0004001000021400,2019-07-28T09:00,60
0004001000021e00,2019-07-28T09:00,1860
0004000000030800,2019-07-28T14:00,480
0004000000030800,2019-07-28T15:00,660
0004001000021500,2019-07-31T18:00,360
0004001000021500,2019-07-31T19:00,180
0004001000021500,2019-08-04T08:00,780
0004001000021500,2019-08-04T09:00,120
0004001000021400,2019-08-04T14:00,120
0004000000088900,2019-08-07T15:00,300
0004000000088900,2019-08-07T16:00,1080
0004000000030800,2019-08-08T18:00,1920
0004001000021e00,2019-08-08T18:00,840
0004000000030800,2019-08-09T16:00,300
0004000000030800,2019-08-09T18:00,600
0004000000030800,2019-08-09T19:00,180
0004001000021400,2019-08-10T07:00,120
0004001000021e00,2019-08-10T07:00,1740
0004001000021e00,2019-08-10T08:00,2460
0004000000030800,2019-08-10T08:00,1140
0004000000030800,2019-08-10T09:00,420
0004000000164600,2019-08-10T09:00,1380
0004000000030800,2019-08-12T07:00,60
0004000000030800,2019-08-12T08:00,1860
00040000000ec300,2019-08-12T08:00,1740
00040000000ec300,2019-08-12T09:00,180
0004001000021500,2019-08-12T09:00,300
0004000000030800,2019-08-15T09:00,1800
0004000000088900,2019-08-15T09:00,900
0004000000088900,2019-08-16T14:00,1920
0004000000088900,2019-08-17T17:00,960
0004000000088900,2019-08-17T18:00,1080
0004000000088900,2019-08-17T19:00,1080
0004000000088900,2019-08-18T07:00,420
0004000000088900,2019-08-18T08:00,3360
0004000000088900,2019-08-18T09:00,180
0004000000164600,2019-08-18T09:00,960
0004000000141000,2019-08-18T09:00,720
00040000000d7d00,2019-08-18T09:00,720
0004000000030800,2019-08-18T13:00,1440
0004000000030800,2019-08-18T14:00,360
0004003000009600,2019-08-18T14:00,60
0004001000021000,2019-08-18T14:00,120
0004000000030800,2019-08-18T17:00,360
0004000000164600,2019-08-18T17:00,60
0004000000030800,2019-08-18T18:00,780
0004000000164600,2019-08-18T18:00,1860
0004000000141000,2019-08-18T18:00,780
0004000000030800,2019-08-19T14:00,2160
0004000000030800,2019-08-19T15:00,480
0004000000088900,2019-08-20T14:00,540
0004000000088900,2019-08-20T15:00,1440
0004000000088900,2019-08-20T18:00,60
0004000000030800,2019-08-24T07:00,180
0004000000030800,2019-08-24T08:00,780
00040000000ec300,2019-08-24T08:00,2760
00040000000ec300,2019-08-24T09:00,120
0004001020021d00,2019-08-24T09:00,780
00040000000b0f00,2019-08-24T09:00,60
0004003000009300,2019-08-24T09:00,60
0004001000021400,2019-08-24T09:00,600
0004003000009600,2019-08-24T09:00,60
0004003000009700,2019-08-24T09:00,180
0004000000030800,2019-08-24T12:00,300
0004000000030800,2019-08-24T13:00,2040
0004001000021100,2019-08-24T13:00,240
0004003000009400,2019-08-24T13:00,60
00040000000ec300,2019-08-24T17:00,2220
00040000000ec300,2019-08-24T18:00,60
00040000000ec300,2019-08-25T11:00,1020
00040000000ec300,2019-08-25T12:00,1980
0004001000021100,2019-08-25T12:00,240
0004000000030800,2019-08-25T12:00,1320
0004000000030800,2019-08-25T13:00,2100
0004000000164600,2019-08-25T13:00,60
0004001000021000,2019-08-25T13:00,60
0004000000164600,2019-08-25T14:00,420
0004003000009700,2019-08-25T14:00,60
0004003000009300,2019-08-27T20:00,480
0004003000009300,2019-08-28T14:00,240
00040000000ec300,2019-08-28T14:00,1200
00040000000ec300,2019-08-28T15:00,2100
0004003000009300,2019-08-28T18:00,120
0004001000021400,2019-09-01T13:00,60
0004000000030800,2019-09-04T16:00,1020
0004000000030800,2019-09-04T17:00,60
0004003000009400,2019-09-04T17:00,60
0004003000009e00,2019-09-04T17:00,60
0004000000030800,2019-09-05T08:00,300
00040000000ec300,2019-09-05T08:00,1440
00040000000ec300,2019-09-05T09:00,1020
00040000000ec300,2019-09-05T10:00,1260
0004000000164600,2019-09-05T10:00,2340
0004000000164600,2019-09-05T11:00,120
0004000000164600,2019-09-06T18:00,1620
0004000000164600,2019-09-06T19:00,420
0004001000021400,2019-09-07T20:00,60
0004000000164600,2019-09-08T10:00,2640
0004000000164600,2019-09-09T18:00,1020
00040000000d7d00,2019-09-09T18:00,540
000400000f701400,2019-09-10T07:00,540
0004000000164600,2019-09-10T07:00,1860
00040000000d7d00,2019-09-10T07:00,240
00040000000d7d00,2019-09-10T08:00,780
00040000000ec300,2019-09-10T08:00,1380
0004000000164600,2019-09-13T16:00,240
0004000000164600,2019-09-13T17:00,420
0004000000164600,2019-09-14T11:00,540
0004000000141000,2019-09-14T11:00,1080
000400000f701400,2019-09-14T11:00,180
000400000f701400,2019-09-14T12:00,600
0004003000009600,2019-09-14T15:00,60
0004003000009300,2019-09-14T15:00,60
00040000000ec300,2019-09-14T15:00,960
00040000000ec300,2019-09-14T16:00,1980
00040000000ec300,2019-09-15T07:00,600
00040000000ec300,2019-09-15T08:00,3420
00040000000ec300,2019-09-15T09:00,600
0004001000021500,2019-09-15T10:00,1020
0004001000021700,2019-09-15T10:00,480
000400000f701400,2019-09-15T10:00,180
000400000f701400,2019-09-15T11:00,300
0004000000164600,2019-09-15T11:00,180
00040000000ec300,2019-09-18T15:00,900
00040000000ec300,2019-09-18T16:00,1560
00040000000ec300,2019-09-21T14:00,1800
00040000000ec300,2019-09-21T15:00,720
00040000000ec300,2019-09-22T12:00,2460
00040000000ec300,2019-09-22T13:00,240
0004000000164600,2019-09-22T13:00,180
0004000000141000,2019-09-22T13:00,60
0004001000021900,2019-09-22T13:00,1080
0004000000030800,2019-09-22T13:00,1020
0004003000009400,2019-09-22T13:00,420
0004003000009400,2019-09-22T14:00,2220
0004000000030800,2019-09-22T14:00,60
00040000000b0f00,2019-09-22T14:00,60
0004003000009400,2019-09-22T15:00,3600
0004003000009400,2019-09-22T16:00,780
0004003000009400,2019-09-22T17:00,60
0004001000021500,2019-09-22T17:00,600
0004001000021500,2019-09-22T18:00,300
0004000000030800,2019-09-22T18:00,1800
0004000000030800,2019-09-22T19:00,120
0004003000009400,2019-09-23T14:00,960
0004000000030800,2019-09-23T16:00,1800
0004000000164600,2019-09-23T16:00,120
0004001000021000,2019-09-23T16:00,120
000400100002c000,2019-09-23T16:00,240
0004003000009400,2019-09-23T16:00,120
0004000000164600,2019-09-24T14:00,1680
0004003000009400,2019-09-24T14:00,180
0004000000030800,2019-09-24T14:00,300
0004000000030800,2019-09-24T15:00,1380
0004000000164600,2019-09-25T16:00,960
0004001000021000,2019-09-25T16:00,120
0004001000021000,2019-09-25T17:00,300
0004000000030800,2019-09-25T17:00,1020
0004001000021900,2019-09-25T17:00,660
0004003000009700,2019-09-25T17:00,60
00040000000b0f00,2019-09-25T17:00,60
0004000000164600,2019-09-25T17:00,900
0004000000164600,2019-09-25T18:00,420
0004000000030800,2019-09-25T18:00,1620
0004003000009600,2019-09-25T18:00,60
0004003000009400,2019-09-25T18:00,60
0004003000009300,2019-09-25T18:00,240
0004000000164600,2019-09-26T15:00,120
0004000000141000,2019-09-26T15:00,60
0004000000141000,2019-09-26T16:00,60
0004000000164600,2019-09-26T16:00,540
0004000000088900,2019-09-26T16:00,2100
0004001000021200,2019-09-26T16:00,300
0004001000021200,2019-09-26T17:00,120
0004000000164600,2019-09-27T16:00,60
0004000000141000,2019-09-27T16:00,60
0004001000021900,2019-09-27T16:00,120
0004003000009400,2019-09-27T16:00,900
0004000000088900,2019-09-29T07:00,600
0004000000088900,2019-09-29T08:00,1620
0004000000164600,2019-09-29T08:00,1440
000400000f701400,2019-09-29T08:00,480
0004003000009300,2019-09-29T09:00,600
0004001000021e00,2019-09-29T09:00,780
0004000000030800,2019-09-29T11:00,60
0004000000164600,2019-10-01T08:00,480
0004000000164600,2019-10-01T09:00,60
0004000000030800,2019-10-01T09:00,2340
00040000000ec300,2019-10-01T09:00,1200
00040000000ec300,2019-10-01T10:00,1920
0004000000164600,2019-10-01T10:00,1680
0004000000164600,2019-10-01T11:00,120
0004000000141000,2019-10-01T11:00,300
0004000000030800,2019-10-17T18:00,1620
0004000000088900,2019-10-17T18:00,720
0004000000088900,2019-10-17T19:00,480
00040000000ec300,2019-10-17T19:00,480
00040000000ec300,2019-10-17T20:00,600
0004000000030800,2019-10-17T20:00,1080
0004001000021000,2019-10-17T20:00,120
0004000000088900,2019-10-17T20:00,1740
0004000000088900,2019-10-17T21:00,720
0004000000164600,2019-10-17T21:00,120
0004001000021e00,2019-10-17T21:00,240
0004001020021d00,2019-10-17T21:00,300
0004001000021700,2019-10-17T21:00,540
0004001000021500,2019-10-17T21:00,60
0004001000021400,2019-10-17T21:00,60
0004001000021000,2019-10-18T08:00,240
0004000000030800,2019-10-18T08:00,780
00040000000ec300,2019-10-18T08:00,1320
00040000000ec300,2019-10-18T09:00,1200
0004001000021900,2019-10-18T09:00,660
0004000000153500,2019-10-18T09:00,1260
0004003000009700,2019-10-18T09:00,60
00040000000d7d00,2019-10-18T09:00,240
00040000000d7d00,2019-10-18T10:00,300
0004000000164600,2019-10-18T10:00,300
0004000000141000,2019-10-18T10:00,240
0004003000009700,2019-10-18T10:00,60
0004001000021900,2019-10-18T10:00,120
0004003000009400,2019-10-18T10:00,360
0004001000021000,2019-10-18T10:00,60
0004000000153500,2019-10-18T13:00,120
0004001000021700,2019-10-18T13:00,60
0004001000021000,2019-10-18T13:00,240
0004001000021800,2019-10-18T13:00,300
0004001000021200,2019-10-18T13:00,60
0004000000164600,2019-10-18T13:00,1320
0004000000164600,2019-10-18T14:00,180
0004000000141000,2019-10-18T14:00,360
0004000000088900,2019-10-18T16:00,1680
0004000000088900,2019-10-18T17:00,1980
000400000f701400,2019-10-18T17:00,300
0004000000030800,2019-10-18T17:00,600
0004001000021000,2019-10-18T00:00,60
0004001000021000,2019-10-18T06:00,60
0004001000021200,2019-10-18T06:00,60
0004000000088900,2019-10-19T03:00,840
0004000000088900,2019-10-19T04:00,3420
0004000000088900,2019-10-19T05:00,660
0004000000153500,2019-10-19T05:00,120
0004000000164600,2019-10-19T05:00,2100
0004001000021100,2019-10-19T05:00,240
0004001000021000,2019-10-19T05:00,420
0004001000021500,2019-10-19T05:00,60
0004001000021000,2019-10-19T06:00,60
0004000000153500,2019-10-19T20:00,60
0004000000164600,2019-10-19T20:00,720
0004000000088900,2019-10-19T20:00,180
0004000000088900,2019-10-19T21:00,1260
0004001000021500,2019-10-19T21:00,180
0004001000021000,2019-10-19T21:00,60
0004001000021000,2019-10-20T21:00,60
0004001000021000,2019-10-20T09:00,60
0004001000021200,2019-10-20T09:00,60
0004000000164600,2019-10-20T15:00,540
0004000000164600,2019-10-20T16:00,660
0004000000030800,2019-10-20T16:00,840
0004000000030800,2019-10-22T15:00,540
0004000000030800,2019-10-22T16:00,1260
0004000000164600,2019-10-22T16:00,1800
0004000000088900,2019-10-22T16:00,300
0004000000088900,2019-10-22T17:00,3540
0004000000088900,2019-10-22T18:00,1320
0004000000088900,2019-10-23T11:00,600
0004000000088900,2019-10-23T12:00,1860
0004000000088900,2019-10-23T15:00,1380
0004000000088900,2019-10-23T16:00,3600
0004000000088900,2019-10-23T17:00,1620
0004000000164600,2019-10-23T17:00,1260
0004000000164600,2019-10-24T15:00,780
0004000000164600,2019-10-24T16:00,1500
0004000000153500,2019-10-24T16:00,60
00040000000d7d00,2019-10-24T16:00,1860
00040000000d7d00,2019-10-24T17:00,60
0004000000088900,2019-10-24T17:00,3120
0004000000088900,2019-10-24T18:00,3240
0004000000164600,2019-10-25T11:00,1020
0004000000164600,2019-10-25T12:00,600
0004000000088900,2019-10-25T12:00,2880
0004000000088900,2019-10-25T13:00,1740
0004000000164600,2019-10-25T13:00,480
0004000000030800,2019-10-25T14:00,1440
0004000000030800,2019-10-25T15:00,120
0004000000030800,2019-10-27T08:00,3060
00040000000ec300,2019-10-27T08:00,300
00040000000ec300,2019-10-27T09:00,2340
00040000000ec300,2019-10-28T06:00,1680
00040000000ec300,2019-10-28T07:00,1680
0004001000021000,2019-10-28T07:00,360
000400000f701400,2019-10-28T07:00,120
0004000000164600,2019-10-28T11:00,2280
0004000000141000,2019-10-28T11:00,480
00040000000ec300,2019-10-28T11:00,120
00040000000ec300,2019-10-28T12:00,2640
0004000000030800,2019-10-28T16:00,2580
0004000000030800,2019-10-28T17:00,420
0004000000164600,2019-10-28T17:00,960
00040000000d7d00,2019-10-28T17:00,360
0004001000021200,2019-10-28T17:00,120
00040000000ec300,2019-10-29T07:00,120
00040000000ec300,2019-10-29T08:00,2340
0004000000164600,2019-10-29T08:00,840
0004000000088900,2019-10-29T08:00,360
0004000000088900,2019-10-29T09:00,3180
0004000000164600,2019-10-30T13:00,720
0004000000164600,2019-10-30T14:00,600
00040000000ec300,2019-10-30T15:00,60
00040000000ec300,2019-10-30T16:00,2760
00040000000ec300,2019-10-30T17:00,840
00040000000ec300,2019-10-31T12:00,2160
00040000000ec300,2019-10-31T13:00,180
0004001000021e00,2019-10-31T21:00,2760
00040000000ec300,2019-11-01T08:00,1980
0004001000021000,2019-11-01T08:00,180
0004001000021e00,2019-11-01T08:00,180
0004001000021e00,2019-11-01T09:00,3600
0004001000021e00,2019-11-01T10:00,840
0004000000088900,2019-11-01T10:00,1440
0004000000088900,2019-11-01T11:00,2040
0004000000088900,2019-11-01T12:00,60
0004000000088900,2019-11-01T16:00,120
0004000000088900,2019-11-01T17:00,300
0004000000088900,2019-11-02T08:00,1440
0004001000021000,2019-11-02T08:00,120
00040000000d7d00,2019-11-02T08:00,60
0004000000153500,2019-11-02T10:00,60
0004000000164600,2019-11-02T10:00,480
0004000000141000,2019-11-02T10:00,300
0004001000021200,2019-11-02T10:00,60
0004001000021e00,2019-11-02T10:00,840
00040000000ec300,2019-11-06T13:00,60
00040000000ec300,2019-11-06T14:00,2520
00040000000ec300,2019-11-06T15:00,240
00040000000ec300,2019-11-08T13:00,60
00040000000ec300,2019-11-08T14:00,1860
00040000000ec300,2019-11-08T19:00,1440
0004000000088900,2019-11-08T19:00,480
0004000000088900,2019-11-09T08:00,900
0004000000141000,2019-11-09T08:00,840
0004000000164600,2019-11-09T08:00,120
0004001000021400,2019-11-09T13:00,240
0004000000088900,2019-11-09T16:00,2100
0004001000021800,2019-11-09T16:00,420
00040000000d7d00,2019-11-09T16:00,720
0004000000164600,2019-11-09T21:00,60
0004000000141000,2019-11-09T21:00,120
00040000000d7d00,2019-11-09T21:00,60
0004001000021000,2019-11-09T21:00,60
0004000000153500,2019-11-09T21:00,1020
0004000000088900,2019-11-10T06:00,180
0004000000088900,2019-11-10T07:00,3420
0004001000021800,2019-11-10T07:00,60
0004001000021800,2019-11-10T08:00,60
0004000000153500,2019-11-10T08:00,240
0004000000164600,2019-11-10T08:00,180
0004000000141000,2019-11-10T08:00,60
0004001000021900,2019-11-10T08:00,120
0004000000030800,2019-11-10T08:00,1920
00040000000ec300,2019-11-10T08:00,480
00040000000ec300,2019-11-10T09:00,900
0004000000088900,2019-11-10T09:00,180
0004001000021700,2019-11-10T09:00,180
0004001020021d00,2019-11-10T09:00,360
0004000000088900,2019-11-10T16:00,300
0004000000088900,2019-11-10T17:00,1680
00040000000ec300,2019-11-10T17:00,1680
0004000000088900,2019-11-11T14:00,1200
00040000000d7d00,2019-11-11T17:00,60
0004000000164600,2019-11-11T17:00,1620
0004000000141000,2019-11-11T17:00,1140
0004000000088900,2019-11-12T07:00,300
0004000000088900,2019-11-12T08:00,240
0004000000088900,2019-11-12T09:00,3060
0004000000088900,2019-11-12T10:00,1200
0004000000164600,2019-11-12T10:00,1260
0004001000021700,2019-11-12T10:00,180
0004001020021d00,2019-11-12T10:00,840
0004001000021400,2019-11-12T10:00,60
0004000000030800,2019-11-12T16:00,180
0004000000030800,2019-11-12T17:00,1560
0004000000164600,2019-11-12T17:00,2040
0004000000164600,2019-11-12T18:00,120
0004000000088900,2019-11-13T13:00,660
0004000000088900,2019-11-13T14:00,1800
0004000000088900,2019-11-13T15:00,60
0004001000021400,2019-11-14T14:00,60
0004000000088900,2019-11-14T18:00,180
0004000000088900,2019-11-15T14:00,1140
0004000000088900,2019-11-15T16:00,360
0004001000021400,2019-11-15T16:00,120
0004000000088900,2019-11-16T14:00,1080
0004000000088900,2019-11-16T15:00,1080
0004001000021000,2019-11-16T15:00,180
0004000000164600,2019-11-16T15:00,1440
0004001020021d00,2019-11-16T15:00,480
00040000000ec300,2019-11-16T20:00,780
00040000000ec300,2019-11-16T21:00,60
0004000000088900,2019-11-17T07:00,600
0004000000088900,2019-11-17T08:00,2100
0004000000164600,2019-11-17T08:00,1500
0004000000164600,2019-11-17T09:00,540
00040000000ec300,2019-11-17T09:00,2940
00040000000ec300,2019-11-17T10:00,1200
0004001000021700,2019-11-17T10:00,780
0004001000021400,2019-11-17T10:00,60
0004003000009300,2019-11-17T10:00,180
0004003000009600,2019-11-17T10:00,60
0004003000009700,2019-11-17T10:00,120
0004003000009400,2019-11-17T10:00,120
000400300000bd00,2019-11-17T10:00,60
0004001000021500,2019-11-17T15:00,180
0004001000021500,2019-11-17T20:00,1080
0004001000021400,2019-11-17T20:00,480
0004001000021700,2019-11-17T20:00,180
0004001020021d00,2019-11-17T20:00,120
0004000000164600,2019-11-17T21:00,60
0004000000141000,2019-11-17T21:00,60
0004000000153500,2019-11-17T21:00,420
0004003000009400,2019-11-17T21:00,240
0004000000088900,2019-11-18T14:00,1320
00040000000ec300,2019-11-18T14:00,780
0004003000009400,2019-11-18T15:00,120
00040000000ec300,2019-11-18T15:00,60
00040000000ec300,2019-11-19T14:00,2040
00040000000ec300,2019-11-19T15:00,1860
0004000000088900,2019-11-19T15:00,1440
0004000000088900,2019-11-19T16:00,900
0004000000164600,2019-11-19T16:00,1140
0004000000088900,2019-11-20T14:00,2040
0004000000088900,2019-11-20T15:00,1620
0004000000164600,2019-11-20T15:00,1740
0004000000164600,2019-11-20T16:00,180
0004000000088900,2019-11-20T16:00,1260
0004000000030800,2019-11-20T16:00,840
0004001000021500,2019-11-20T16:00,300
0004000000088900,2019-11-21T14:00,1620
0004000000088900,2019-11-21T15:00,3480
0004000000164600,2019-11-21T15:00,60
0004000000164600,2019-11-21T16:00,60
0004000000030800,2019-11-21T16:00,1140
0004000000030800,2019-11-22T10:00,540
0004000000164600,2019-11-23T09:00,1380
0004000000141000,2019-11-23T09:00,480
0004000000088900,2019-11-23T09:00,1020
0004000000088900,2019-11-23T10:00,1800
0004001000021700,2019-11-23T13:00,1020
0004000000088900,2019-11-23T13:00,2160
0004000000088900,2019-11-23T14:00,1920
0004001000021800,2019-11-23T14:00,120
0004001000021200,2019-11-23T14:00,60
0004001000021500,2019-11-23T14:00,420
0004001000021700,2019-11-23T14:00,60
000400000f701400,2019-11-23T14:00,540
0004000000088900,2019-11-23T15:00,720
0004000000164600,2019-11-23T15:00,120
0004003000009400,2019-11-23T15:00,360
0004001000021400,2019-11-24T07:00,420
0004001000021200,2019-11-24T07:00,60
0004000000088900,2019-11-24T07:00,1800
0004000000088900,2019-11-24T08:00,840
0004000000164600,2019-11-24T08:00,1200
0004001000021500,2019-11-24T08:00,240
0004001000021500,2019-11-24T09:00,1260
0004001000021500,2019-11-24T10:00,180
0004000000030800,2019-11-25T13:00,180
0004000000030800,2019-11-25T14:00,780
0004001000021000,2019-11-25T14:00,120
0004003000009400,2019-11-25T14:00,120
0004000000088900,2019-11-25T14:00,1200
0004000000088900,2019-11-25T15:00,240
0004000000088900,2019-11-26T17:00,3300
0004000000088900,2019-11-26T18:00,1620
0004000000164600,2019-11-26T18:00,300
0004000000088900,2019-11-27T14:00,2520
0004000000088900,2019-11-27T15:00,120
0004000000088900,2019-11-27T16:00,1560
0004000000088900,2019-11-27T17:00,1440
0004000000164600,2019-11-27T17:00,720
0004000000141000,2019-11-27T17:00,1020
0004001020021d00,2019-11-27T17:00,120
0004003000009300,2019-11-28T14:00,60
0004000000088900,2019-11-28T14:00,2880
0004000000088900,2019-11-29T13:00,300
0004000000088900,2019-11-29T14:00,1080
0004001000021500,2019-11-29T14:00,840
0004000000164600,2019-11-29T14:00,720
0004000000164600,2019-11-29T15:00,60
0004000000088900,2019-11-30T16:00,300
0004000000164600,2019-11-30T16:00,1860
0004000000030800,2019-11-30T16:00,840
0004000000030800,2019-11-30T17:00,240
0004000000164600,2019-12-01T08:00,120
0004000000153500,2019-12-01T08:00,480
00040000000d7d00,2019-12-01T08:00,120
0004000000030800,2019-12-01T08:00,660
0004000000030800,2019-12-01T09:00,1200
0004000000164600,2019-12-01T09:00,2340
0004000000164600,2019-12-01T10:00,780
00040000000d7d00,2019-12-01T10:00,60
0004000000088900,2019-12-01T10:00,2760
0004000000088900,2019-12-01T11:00,360
0004000000164600,2019-12-01T11:00,180
0004000000088900,2019-12-02T07:00,780
0004000000088900,2019-12-02T08:00,2460
0004000000164600,2019-12-02T13:00,300
0004000000164600,2019-12-02T14:00,660
0004000000088900,2019-12-02T14:00,60
0004001000021000,2019-12-02T14:00,120
0004000000030800,2019-12-02T15:00,1620
0004000000164600,2019-12-02T15:00,720
0004000000164600,2019-12-02T16:00,180
00040000000ec300,2019-12-02T16:00,1320
0004000000164600,2019-12-02T17:00,1500
0004000000141000,2019-12-02T17:00,1440
0004000000141000,2019-12-02T18:00,1140
00040000000ec300,2019-12-03T10:00,2460
0004000000164600,2019-12-03T10:00,300
0004000000164600,2019-12-03T11:00,1980
0004001000021700,2019-12-03T11:00,240
0004000000141000,2019-12-03T11:00,960
0004000000141000,2019-12-03T12:00,1620
0004000000088900,2019-12-03T12:00,240
0004003000009400,2019-12-03T12:00,60
0004001000021000,2019-12-03T12:00,60
0004000000164600,2019-12-04T08:00,960
0004000000164600,2019-12-04T09:00,1560
0004000000141000,2019-12-04T09:00,2040
0004000000141000,2019-12-04T10:00,1320
0004000000088900,2019-12-04T10:00,180
0004000000088900,2019-12-04T11:00,300
0004001000021800,2019-12-04T11:00,600
0004003000009700,2019-12-04T11:00,60
0004003000009600,2019-12-04T11:00,60
0004000000088900,2019-12-05T13:00,1560
0004000000088900,2019-12-05T14:00,660
0004000000164600,2019-12-05T14:00,1680
0004000000141000,2019-12-05T14:00,180
0004000000088900,2019-12-06T14:00,1140
0004000000088900,2019-12-06T15:00,1140
0004000000088900,2019-12-06T20:00,300
0004000000164600,2019-12-06T20:00,180
0004000000141000,2019-12-06T21:00,60
0004000000153500,2019-12-06T21:00,240
0004001000021000,2019-12-06T21:00,420
0004003000009400,2019-12-06T21:00,240
0004000000088900,2019-12-07T13:00,240
0004000000088900,2019-12-07T14:00,120
0004000000164600,2019-12-07T14:00,660
0004000000088900,2019-12-07T17:00,420
0004000000088900,2019-12-07T18:00,1740
0004000000088900,2019-12-08T11:00,1140
0004000000088900,2019-12-08T15:00,60
0004000000164600,2019-12-08T15:00,360
0004000000141000,2019-12-08T15:00,540
0004000000153500,2019-12-08T15:00,720
0004000000153500,2019-12-08T16:00,300
0004003000009700,2019-12-08T16:00,60
0004001000021900,2019-12-08T16:00,120
0004003000009300,2019-12-08T16:00,60
0004000000164600,2019-12-08T16:00,300
0004001000021400,2019-12-08T17:00,60
0004000000088900,2019-12-09T09:00,2700
0004003000009700,2019-12-09T09:00,60
0004000000164600,2019-12-09T09:00,60
0004000000164600,2019-12-09T10:00,1200
0004000000164600,2019-12-09T16:00,780
0004000000164600,2019-12-09T17:00,660
0004000000141000,2019-12-09T17:00,780
0004000000153500,2019-12-09T20:00,420
0004000000153500,2019-12-09T21:00,420
0004000000088900,2019-12-10T14:00,60
0004000000088900,2019-12-10T15:00,3600
0004000000088900,2019-12-10T16:00,420
0004000000164600,2019-12-10T16:00,2160
0004000000141000,2019-12-10T16:00,1020
0004000000141000,2019-12-10T17:00,120
0004000000030800,2019-12-10T17:00,2100
0004000000164600,2019-12-11T17:00,1260
0004000000141000,2019-12-11T17:00,840
0004000000088900,2019-12-11T18:00,1440
0004000000088900,2019-12-12T13:00,900
0004000000088900,2019-12-12T14:00,1800
0004000000088900,2019-12-13T14:00,1800
0004000000088900,2019-12-13T15:00,300
0004000000088900,2019-12-14T09:00,780
0004000000088900,2019-12-14T10:00,780
0004000000164600,2019-12-14T10:00,480
0004001000021e00,2019-12-14T10:00,1680
0004001000021e00,2019-12-14T11:00,300
0004000000164600,2019-12-15T08:00,60
0004000000141000,2019-12-15T08:00,120
0004000000088900,2019-12-15T08:00,2040
0004000000088900,2019-12-15T09:00,1020
0004000000164600,2019-12-15T09:00,1320
0004000000141000,2019-12-15T09:00,1140
0004001000021400,2019-12-15T09:00,60
0004001000021400,2019-12-15T10:00,1620
0004000000088900,2019-12-16T12:00,120
0004000000088900,2019-12-16T13:00,2040
0004000000088900,2019-12-16T17:00,120
0004000000088900,2019-12-17T14:00,240
0004001000021400,2019-12-17T14:00,180
0004000000088900,2019-12-18T14:00,1140
00040000000ec300,2019-12-18T14:00,720
00040000000ec300,2019-12-18T15:00,1320
0004000000164600,2019-12-18T15:00,1920
0004000000141000,2019-12-18T15:00,300
0004000000141000,2019-12-18T16:00,300
0004001020021d00,2019-12-18T16:00,60
0004001000021800,2019-12-18T16:00,480
0004001000021800,2019-12-19T08:00,420
0004000000164600,2019-12-19T08:00,60
0004000000141000,2019-12-19T08:00,60
0004000000153500,2019-12-19T08:00,360
0004001000021900,2019-12-19T08:00,360
0004003000009700,2019-12-19T08:00,60
00040000000ec300,2019-12-19T08:00,60
00040000000ec300,2019-12-19T09:00,3480
0004001000021e00,2019-12-19T10:00,900
0004000000088900,2019-12-19T18:00,600
0004000000088900,2019-12-20T07:00,2160
0004000000088900,2019-12-20T08:00,1740
0004000000088900,2019-12-21T08:00,2340
0004000000164600,2019-12-21T08:00,60
0004001000021800,2019-12-21T09:00,360
0004000000088900,2019-12-21T09:00,1020
0004000000088900,2019-12-21T10:00,1140
0004000000164600,2019-12-21T10:00,720
0004000000141000,2019-12-21T10:00,60
0004000000164600,2019-12-21T17:00,960
0004000000141000,2019-12-21T17:00,1380
0004000000141000,2019-12-21T18:00,1500
0004000000164600,2019-12-22T08:00,60
0004000000141000,2019-12-22T08:00,1740
0004000000153500,2019-12-22T08:00,660
0004000000088900,2019-12-22T08:00,60
0004000000088900,2019-12-22T09:00,1920
0004000000030800,2019-12-22T11:00,960
0004000000164600,2019-12-23T09:00,660
0004000000164600,2019-12-23T10:00,1080
0004000000030800,2019-12-23T10:00,780
0004000000164600,2019-12-23T13:00,480
0004000000164600,2019-12-23T14:00,480
0004000000141000,2019-12-23T14:00,2040
000400000f701400,2019-12-23T14:00,60
0004000000164600,2019-12-23T20:00,540
0004001020021d00,2019-12-23T20:00,300
000400000f701400,2019-12-23T20:00,240
0004000000164600,2019-12-24T09:00,600
0004000000164600,2019-12-24T10:00,900
0004000000141000,2019-12-24T10:00,1140
0004000000141000,2019-12-24T11:00,240
0004000000141000,2019-12-24T12:00,2820
0004000000164600,2019-12-26T07:00,120
0004001000021800,2019-12-26T11:00,540
0004001000021800,2019-12-27T13:00,300
0004000000030800,2019-12-27T13:00,1500
0004000000164600,2019-12-27T14:00,1620
0004000000164600,2019-12-27T16:00,60
0004000000141000,2019-12-27T16:00,2460
0004000000141000,2019-12-27T17:00,3600
0004000000141000,2019-12-27T18:00,780
0004000000164600,2019-12-27T18:00,1320
0004001000021000,2019-12-27T21:00,60
0004000000030800,2019-12-27T21:00,1380
0004003000009400,2019-12-27T21:00,120
0004001000021800,2019-12-28T08:00,240
0004000000164600,2019-12-28T12:00,660
0004000000164600,2019-12-28T13:00,720
0004000000141000,2019-12-28T13:00,1800
0004000000141000,2019-12-28T14:00,420
0004000000088900,2019-12-29T12:00,720
0004000000164600,2019-12-29T12:00,240
0004001000021800,2019-12-30T10:00,420
0004000000030800,2019-12-30T10:00,1680
0004000000030800,2019-12-30T11:00,480
0004000000030800,2019-12-30T12:00,1020
0004000000164600,2019-12-30T12:00,420
0004000000141000,2019-12-30T12:00,1980
0004000000141000,2019-12-30T16:00,1440
0004000000164600,2019-12-30T17:00,2160
0004001000021800,2019-12-30T17:00,420
0004001000021700,2019-12-30T17:00,480
0004001000021700,2019-12-30T18:00,120
0004000000030800,2019-12-30T18:00,2100
0004000000030800,2019-12-30T19:00,60
0004000000030800,2019-12-31T11:00,2040
0004000000030800,2019-12-31T12:00,840
0004000000164600,2019-12-31T14:00,1440
0004000000141000,2019-12-31T14:00,480
0004000000141000,2019-12-31T15:00,360
0004001000021e00,2019-12-31T15:00,1620
0004001000021800,2019-12-31T19:00,240
0004000000030800,2019-12-31T19:00,3300
0004001000021800,2020-01-01T07:00,180
0004000000030800,2020-01-01T07:00,960
0004000000141000,2020-01-02T18:00,1200
0004000000088900,2020-01-03T11:00,1380
0004000000088900,2020-01-03T12:00,1020
0004000000141000,2020-01-03T12:00,900
0004000000164600,2020-01-03T12:00,240
0004000000164600,2020-01-03T13:00,1140
0004001000021e00,2020-01-03T13:00,1860
0004001000021e00,2020-01-03T14:00,180
0004000000088900,2020-01-03T17:00,240
0004000000088900,2020-01-03T18:00,1800
0004001000021800,2020-01-04T09:00,120
0004000000088900,2020-01-04T09:00,1740
0004000000088900,2020-01-04T16:00,60
0004000000164600,2020-01-04T16:00,60
0004000000141000,2020-01-04T16:00,600
0004000000141000,2020-01-04T17:00,120
0004000000141000,2020-01-04T18:00,180
0004000000141000,2020-01-04T19:00,240
0004001000021800,2020-01-05T09:00,240
00040000000d7d00,2020-01-05T09:00,1200
0004000000141000,2020-01-05T09:00,240
0004000000141000,2020-01-05T10:00,660
0004000000088900,2020-01-05T10:00,2160
0004000000088900,2020-01-06T09:00,120
0004000000088900,2020-01-06T10:00,1980
0004000000088900,2020-01-06T13:00,900
0004000000088900,2020-01-06T14:00,120
0004000000164600,2020-01-06T16:00,1740
0004000000141000,2020-01-06T16:00,780
0004000000088900,2020-01-06T16:00,120
0004000000088900,2020-01-06T17:00,420
0004001000021000,2020-01-06T19:00,180
0004000000141000,2020-01-06T19:00,180
0004000000164600,2020-01-06T19:00,60
0004001000021800,2020-01-07T07:00,240
0004001000021800,2020-01-07T08:00,60
0004000000088900,2020-01-07T08:00,1080
00040000000ec300,2020-01-07T08:00,1860
0004000000141000,2020-01-07T08:00,360
0004000000141000,2020-01-07T09:00,780
0004000000164600,2020-01-07T09:00,780
0004001000021100,2020-01-07T09:00,240
000400000f701400,2020-01-07T09:00,900
0004000000141000,2020-01-08T08:00,360
0004000000030800,2020-01-08T14:00,1680
0004000000141000,2020-01-08T14:00,300
0004000000164600,2020-01-08T14:00,60
0004000000164600,2020-01-08T15:00,1260
0004000000141000,2020-01-08T15:00,1020
0004000000141000,2020-01-09T14:00,780
0004000000141000,2020-01-09T15:00,480
0004003000009300,2020-01-09T15:00,180
0004000000164600,2020-01-09T15:00,1380
000400000f701400,2020-01-09T15:00,180
0004000000030800,2020-01-09T17:00,2160
0004000000030800,2020-01-09T18:00,420
0004001000021800,2020-01-09T18:00,480
0004001000021700,2020-01-09T18:00,660
0004001000021400,2020-01-09T18:00,120
0004003000009600,2020-01-09T18:00,60
0004000000030800,2020-01-10T09:00,60
0004001000021800,2020-01-10T09:00,240
0004000000141000,2020-01-10T09:00,840
0004000000164600,2020-01-10T09:00,60
0004000000164600,2020-01-10T10:00,660
0004001000021700,2020-01-10T10:00,240
000400000f701400,2020-01-10T10:00,180
0004001000021400,2020-01-10T10:00,60
0004000000141000,2020-01-10T18:00,840
0004000000141000,2020-01-11T08:00,1260
0004000000164600,2020-01-11T08:00,180
0004000000164600,2020-01-11T09:00,1980
0004000000141000,2020-01-11T09:00,180
0004001020021d00,2020-01-11T15:00,360
0004001000021200,2020-01-11T15:00,60
0004003000009300,2020-01-11T15:00,60
0004003000009600,2020-01-11T15:00,60
0004003000009700,2020-01-11T15:00,120
0004000000141000,2020-01-11T16:00,240
0004000000141000,2020-01-11T17:00,840
0004000000164600,2020-01-11T17:00,660
0004001000021800,2020-01-11T17:00,300
0004000000141000,2020-01-12T08:00,2100
0004001020021d00,2020-01-12T08:00,1020
0004001020021d00,2020-01-12T09:00,420
0004001000021800,2020-01-12T09:00,360
0004001000021100,2020-01-12T09:00,120
0004003000009600,2020-01-12T09:00,60
0004001000021000,2020-01-12T13:00,180
0004000000164600,2020-01-12T13:00,120
0004000000141000,2020-01-12T13:00,240
0004001000021500,2020-01-12T13:00,60
0004000000153500,2020-01-12T13:00,60
0004000000141000,2020-01-12T14:00,1560
0004000000164600,2020-01-12T14:00,1380
0004000000164600,2020-01-12T15:00,540
0004000000141000,2020-01-13T16:00,1020
0004000000164600,2020-01-13T16:00,1740
0004003000009300,2020-01-13T16:00,480
0004000000141000,2020-01-13T17:00,180
0004001000021800,2020-01-13T17:00,840
0004001000021700,2020-01-13T17:00,480
0004003000009700,2020-01-13T17:00,60
0004003000009300,2020-01-13T17:00,60
0004000000141000,2020-01-14T09:00,480
0004000000164600,2020-01-14T09:00,1200
0004003000009300,2020-01-14T09:00,300
0004001000021800,2020-01-14T09:00,180
0004001000021e00,2020-01-14T09:00,60
0004001000021800,2020-01-14T10:00,480
0004000000164600,2020-01-14T10:00,60
0004000000141000,2020-01-14T10:00,900
0004001000021200,2020-01-14T10:00,60
000400000f701400,2020-01-14T10:00,180
0004001000021e00,2020-01-14T10:00,1140
0004001000021e00,2020-01-14T12:00,120
0004001000021e00,2020-01-14T13:00,600
0004000000141000,2020-01-15T11:00,900
0004000000141000,2020-01-16T13:00,900
0004000000164600,2020-01-16T13:00,60
0004001000021800,2020-01-16T13:00,420
0004001020021d00,2020-01-16T13:00,840
0004001000021800,2020-01-16T14:00,360
0004000000164600,2020-01-16T14:00,420
000400000f701400,2020-01-16T14:00,360
0004001000021700,2020-01-16T14:00,420
0004003000009300,2020-01-16T14:00,480
0004001000021400,2020-01-16T14:00,360
0004000000030800,2020-01-16T14:00,660
0004001020021300,2020-01-16T15:00,60
0004001000021000,2020-01-16T15:00,900
000400100002c000,2020-01-16T15:00,60
0004001000021200,2020-01-16T15:00,60
0004000000141000,2020-01-16T15:00,780
0004000000141000,2020-01-16T16:00,420
0004000000164600,2020-01-16T16:00,840
0004001000021800,2020-01-16T16:00,120
0004000000141000,2020-01-17T07:00,60
0004000000141000,2020-01-17T08:00,600
0004003000009300,2020-01-17T08:00,60
0004001000021200,2020-01-17T08:00,60
00040000000b0f00,2020-01-17T08:00,60
0004001000021800,2020-01-17T08:00,180
0004001000021800,2020-01-17T10:00,60
0004000000141000,2020-01-17T13:00,960
0004000000164600,2020-01-17T13:00,960
0004000000164600,2020-01-17T14:00,1260
0004000000141000,2020-01-17T14:00,360
000400000f701400,2020-01-17T14:00,420
0004000000030800,2020-01-17T15:00,600
0004000000030800,2020-01-17T16:00,1020
0004003000009300,2020-01-17T16:00,240
0004000000141000,2020-01-17T16:00,660
0004000000164600,2020-01-17T16:00,840
0004000000164600,2020-01-17T17:00,60
0004001000021700,2020-01-17T17:00,180
0004001000021400,2020-01-17T17:00,180
0004000000141000,2020-01-17T17:00,240
0004000000141000,2020-01-18T16:00,60
0004000000141000,2020-01-18T17:00,840
0004001000021700,2020-01-18T17:00,540
0004001000021400,2020-01-18T17:00,60
0004000000030800,2020-01-18T17:00,960
0004001000021000,2020-01-18T17:00,60
0004001000021200,2020-01-18T17:00,360
000400000f701400,2020-01-18T18:00,360
0004001000021800,2020-01-18T18:00,420
0004003000009300,2020-01-18T18:00,60
0004001000021400,2020-01-18T18:00,180
0004001000021700,2020-01-18T18:00,60
0004000000141000,2020-01-18T18:00,300
0004001000021200,2020-01-19T08:00,60
0004001000021800,2020-01-19T08:00,240
000400000f701400,2020-01-19T08:00,60
0004001000021800,2020-01-19T11:00,120
0004000000141000,2020-01-19T15:00,840
0004000000164600,2020-01-19T15:00,60
0004000000153500,2020-01-19T15:00,240
0004001000021800,2020-01-22T07:00,180
00040000000ec300,2020-01-22T07:00,780
00040000000ec300,2020-01-22T08:00,1200
0004000000141000,2020-01-22T16:00,240
0004000000141000,2020-01-22T17:00,780
0004000000164600,2020-01-22T17:00,600
000400000f701400,2020-01-22T17:00,180
0004000000164600,2020-01-23T06:00,120
0004000000141000,2020-01-23T07:00,1980
0004000000030800,2020-01-23T07:00,540
0004000000153500,2020-01-23T07:00,120
0004001000021500,2020-01-23T07:00,60
0004000000164600,2020-01-23T07:00,600
0004000000164600,2020-01-23T08:00,480
0004001000021800,2020-01-23T08:00,300
000400000f701400,2020-01-23T08:00,60
0004000000164600,2020-01-24T07:00,420
0004000000141000,2020-01-24T07:00,60
0004000000153500,2020-01-24T07:00,420
0004000000030800,2020-01-24T07:00,1440
0004001020021d00,2020-01-24T07:00,60
0004000000164600,2020-01-24T08:00,480
0004000000141000,2020-01-24T08:00,1260
0004001000021800,2020-01-24T08:00,420
0004001000021800,2020-01-24T09:00,60
0004000000141000,2020-01-24T17:00,1380
0004000000164600,2020-01-24T17:00,780
000400000f701400,2020-01-24T17:00,60
0004000000153500,2020-01-24T17:00,120
0004001020021d00,2020-01-24T17:00,180
0004000000141000,2020-01-25T07:00,840
0004000000164600,2020-01-25T07:00,660
0004001000021800,2020-01-25T08:00,60
0004000000141000,2020-01-25T16:00,60
0004000000141000,2020-01-25T17:00,960
0004000000164600,2020-01-25T17:00,1560
0004003000009300,2020-01-25T17:00,120
0004001000021800,2020-01-25T17:00,120
0004001000021800,2020-01-25T18:00,120
0004000000141000,2020-01-26T08:00,420
000400000f701400,2020-01-26T08:00,60
000400000f701400,2020-01-26T09:00,420
0004000000141000,2020-01-27T09:00,180
0004000000141000,2020-01-27T10:00,480
0004000000141000,2020-01-28T07:00,60
0004000000164600,2020-01-28T07:00,120
0004000000030800,2020-01-28T07:00,1260
0004001020021d00,2020-01-28T07:00,60
0004001000021800,2020-01-28T08:00,120
0004000000141000,2020-01-28T08:00,240
00040000000d7d00,2020-01-28T09:00,180
0004000000141000,2020-01-28T18:00,1140
0004000000164600,2020-01-28T18:00,1620
0004003000009300,2020-01-28T18:00,60
0004000000141000,2020-01-29T07:00,600
0004000000164600,2020-01-29T07:00,600
0004001000021900,2020-01-29T07:00,420
0004001000021000,2020-01-29T08:00,180
0004003000009400,2020-01-29T08:00,60
0004001000021800,2020-01-29T08:00,180
000400000015d800,2020-01-29T08:00,480
0004000000141000,2020-01-29T16:00,480
000400000015d800,2020-01-29T16:00,1080
000400000015d800,2020-01-29T17:00,3600
000400000015d800,2020-01-29T18:00,2280
000400000015d800,2020-01-29T21:00,120
0004000000164600,2020-01-30T07:00,60
0004000000141000,2020-01-30T07:00,60
000400000015d800,2020-01-30T07:00,720
000400000015d800,2020-01-30T08:00,480
000400000015d800,2020-01-30T11:00,240
0004001000021000,2020-01-30T15:00,60
000400000015d800,2020-01-30T15:00,540
0004000000153500,2020-01-30T15:00,60
000400000015d800,2020-01-30T19:00,780
0004001000021800,2020-01-31T08:00,420
0004000000141000,2020-01-31T17:00,900
000400000f701400,2020-01-31T17:00,120
0004001000021700,2020-01-31T17:00,180
0004000000164600,2020-01-31T17:00,360
000400000015d800,2020-01-31T17:00,60
0004001000021700,2020-01-31T18:00,60
000400000015d800,2020-01-31T18:00,660
0004001000021400,2020-01-31T20:00,120
0004001000021800,2020-01-31T21:00,120
0004001000021000,2020-01-31T21:00,120
0004000000030800,2020-01-31T21:00,780
000400000015d800,2020-01-31T21:00,960
000400000015d800,2020-02-01T16:00,60
0004000000141000,2020-02-01T16:00,720
0004000000141000,2020-02-01T17:00,120
0004000000164600,2020-02-01T17:00,480
0004001020021d00,2020-02-01T17:00,900
000400000f701400,2020-02-01T17:00,300
0004001000021800,2020-02-01T17:00,120
000400000015d800,2020-02-01T17:00,1320
0004003000009300,2020-02-01T17:00,300
000400000015d800,2020-02-01T18:00,60
0004001000021800,2020-02-01T18:00,720
0004001000021700,2020-02-01T18:00,60
0004000000030800,2020-02-01T21:00,480
000400000015d800,2020-02-01T21:00,600
0004000000164600,2020-02-01T21:00,60
0004000000141000,2020-02-01T21:00,60
0004000000153500,2020-02-01T21:00,480
0004000000141000,2020-02-02T09:00,1080
0004000000164600,2020-02-02T09:00,540
0004003000009300,2020-02-02T09:00,60
0004003000009400,2020-02-02T09:00,60
000400000f701400,2020-02-02T09:00,60
0004001020021d00,2020-02-02T09:00,360
0004001020021d00,2020-02-02T10:00,300
000400000015d800,2020-02-02T10:00,2880
0004001000021e00,2020-02-02T15:00,300
0004001000021800,2020-02-03T17:00,300
0004001000021800,2020-02-03T18:00,180
0004000000141000,2020-02-03T19:00,480
0004003000009300,2020-02-03T19:00,120
0004000000164600,2020-02-03T19:00,900
0004000000088900,2020-02-03T19:00,1140
0004000000030800,2020-02-03T20:00,840
000400000015d800,2020-02-03T20:00,540
0004000000164600,2020-02-03T21:00,180
0004000000141000,2020-02-03T21:00,900
0004000000141000,2020-02-04T15:00,660
0004000000164600,2020-02-04T15:00,660
0004000000164600,2020-02-04T17:00,1800
0004003000009300,2020-02-04T17:00,180
0004000000141000,2020-02-04T17:00,420
0004001000021800,2020-02-04T19:00,180
0004001000021700,2020-02-04T19:00,60
0004000000164600,2020-02-05T15:00,480
0004000000141000,2020-02-05T15:00,120
0004000000141000,2020-02-05T16:00,60
0004001000021800,2020-02-05T17:00,120
0004001000021400,2020-02-05T17:00,240
0004003000009300,2020-02-05T17:00,60
0004003000009600,2020-02-05T17:00,60
0004000000030800,2020-02-05T20:00,1140
000400000015d800,2020-02-05T20:00,720
000400000015d800,2020-02-05T21:00,780
0004000000141000,2020-02-06T15:00,540
0004000000164600,2020-02-06T15:00,480
0004001020021d00,2020-02-06T15:00,120
0004001020021d00,2020-02-06T16:00,60
0004000000141000,2020-02-06T16:00,180
0004000000164600,2020-02-06T16:00,60
000400000015d800,2020-02-06T16:00,120
000400000015d800,2020-02-06T17:00,1560
0004001000021800,2020-02-06T17:00,180
0004001000021000,2020-02-06T17:00,60
0004000000030800,2020-02-06T21:00,120
0004000000141000,2020-02-07T15:00,1020
0004000000164600,2020-02-07T15:00,480
0004000000164600,2020-02-07T16:00,300
0004001020021d00,2020-02-07T16:00,300
0004001000021800,2020-02-07T17:00,240
0004003000009600,2020-02-07T17:00,120
0004003000009400,2020-02-07T17:00,180
0004000000030800,2020-02-08T07:00,360
0004000000030800,2020-02-08T08:00,480
0004001000021500,2020-02-08T12:00,240
0004000000030800,2020-02-08T13:00,840
0004001000021000,2020-02-08T13:00,480
00040000000ec300,2020-02-08T13:00,360
00040000000ec300,2020-02-08T14:00,720
0004000000141000,2020-02-08T17:00,540
0004000000164600,2020-02-08T17:00,840
0004001000021800,2020-02-08T18:00,720
0004003000009300,2020-02-08T18:00,240
0004001000021200,2020-02-08T18:00,180
0004001000021400,2020-02-08T18:00,780
00040000000ec300,2020-02-08T18:00,240
0004000000030800,2020-02-08T20:00,1380
0004000000030800,2020-02-08T21:00,720
0004001020021d00,2020-02-08T21:00,240
0004000000141000,2020-02-08T21:00,60
000400000015d800,2020-02-08T21:00,240
00040000000d7d00,2020-02-08T21:00,120
0004000000141000,2020-02-09T07:00,840
0004001020021d00,2020-02-09T07:00,420
0004000000164600,2020-02-09T07:00,480
0004000000153500,2020-02-09T07:00,300
0004001000021e00,2020-02-09T07:00,360
0004001000021e00,2020-02-09T08:00,1740
0004001000021400,2020-02-09T08:00,60
0004000000141000,2020-02-09T15:00,1020
0004001000021e00,2020-02-09T15:00,1440
0004001000021e00,2020-02-09T16:00,1200
0004000000164600,2020-02-09T16:00,840
0004000000141000,2020-02-09T16:00,900
0004003000009300,2020-02-09T16:00,120
0004001000021400,2020-02-09T16:00,480
0004001000021400,2020-02-09T17:00,2100
0004001000021700,2020-02-09T17:00,240
0004001000021200,2020-02-09T17:00,180
0004000000141000,2020-02-10T15:00,840
0004000000164600,2020-02-10T15:00,60
0004001000021e00,2020-02-10T15:00,480
0004001000021e00,2020-02-10T16:00,1260
0004001000021e00,2020-02-10T17:00,3360
0004001000021e00,2020-02-10T18:00,60
0004000000030800,2020-02-10T20:00,600
0004000000030800,2020-02-10T21:00,960
0004000000141000,2020-02-11T17:00,660
0004001000021e00,2020-02-11T17:00,1620
0004001000021e00,2020-02-11T18:00,720
00040000000d7d00,2020-02-11T18:00,60
0004003000009300,2020-02-11T18:00,60
0004000000141000,2020-02-11T18:00,180
0004000000164600,2020-02-11T18:00,660
0004001000021400,2020-02-11T18:00,300
0004000000030800,2020-02-11T21:00,1200
0004000000030800,2020-02-12T20:00,240
0004000000030800,2020-02-12T21:00,420
0004000000141000,2020-02-13T15:00,720
0004000000164600,2020-02-13T16:00,240
0004000000164600,2020-02-13T17:00,240
0004000000030800,2020-02-13T20:00,600
0004000000030800,2020-02-13T21:00,120
0004000000141000,2020-02-14T17:00,540
0004000000141000,2020-02-14T18:00,240
0004001020021d00,2020-02-14T18:00,300
0004001000021400,2020-02-14T18:00,1020
0004003000009300,2020-02-14T18:00,60
0004000000164600,2020-02-14T18:00,1020
0004000000030800,2020-02-15T08:00,720
0004000000141000,2020-02-15T08:00,540
000400000015d800,2020-02-15T08:00,1020
000400000015d800,2020-02-15T09:00,180
0004000000141000,2020-02-15T17:00,2220
0004000000141000,2020-02-16T08:00,720
0004000000164600,2020-02-16T08:00,780
0004000000030800,2020-02-16T08:00,120
0004000000030800,2020-02-16T09:00,1560
0004000000164600,2020-02-16T14:00,1080
0004000000164600,2020-02-16T15:00,360
0004000000141000,2020-02-16T15:00,660
0004000000030800,2020-02-16T15:00,1140
0004000000030800,2020-02-16T20:00,60
0004000000141000,2020-02-18T09:00,540
0004000000164600,2020-02-18T09:00,420
0004000000030800,2020-02-18T09:00,1020
0004001000021400,2020-02-18T09:00,240
0004003000009300,2020-02-18T09:00,60
0004001000021700,2020-02-18T09:00,300
0004001020021d00,2020-02-18T09:00,240
000400000f701400,2020-02-18T09:00,240
0004000000141000,2020-02-19T16:00,240
0004000000141000,2020-02-19T17:00,960
0004000000164600,2020-02-19T17:00,840
000400000015d800,2020-02-19T21:00,120
0004000000030800,2020-02-19T21:00,60
0004000000141000,2020-02-20T08:00,720
0004003000009300,2020-02-20T08:00,60
0004000000164600,2020-02-20T08:00,1260
0004000000164600,2020-02-20T09:00,480
0004000000141000,2020-02-20T17:00,600
0004000000164600,2020-02-20T17:00,600
0004000000164600,2020-02-20T18:00,600
0004000000141000,2020-02-21T12:00,1080
0004000000164600,2020-02-21T12:00,420
0004000000164600,2020-02-21T13:00,1260
0004000000030800,2020-02-21T13:00,1200
0004000000141000,2020-02-23T08:00,300
0004000000141000,2020-02-23T12:00,180
0004000000164600,2020-02-23T12:00,2040
0004001000021400,2020-02-23T13:00,120
0004001000021800,2020-02-23T13:00,660
0004000000164600,2020-02-23T13:00,1740
0004000000164600,2020-02-23T14:00,480
0004000000141000,2020-02-23T16:00,120
00040000000ec300,2020-02-23T16:00,60
00040000000ec300,2020-02-23T17:00,2400
00040000000ec300,2020-02-23T18:00,2520
0004000000141000,2020-02-23T18:00,120
00040000000ec300,2020-02-24T09:00,1260
00040000000ec300,2020-02-24T10:00,3480
00040000000ec300,2020-02-24T11:00,1560
00040000000ec300,2020-02-24T15:00,1260
00040000000ec300,2020-02-24T16:00,1620
0004000000141000,2020-03-16T12:00,480
0004000000141000,2020-03-16T13:00,900
0004000000164600,2020-03-16T13:00,900
00040000000ec300,2020-03-16T13:00,480
0004000000030800,2020-03-16T13:00,660
0004000000141000,2020-03-20T15:00,360
0004000000141000,2020-03-20T16:00,660
0004000000164600,2020-03-20T16:00,600
0004000000030800,2020-03-20T16:00,1080
0004000000088900,2020-03-20T16:00,720
0004000000088900,2020-03-20T17:00,60
0004000000141000,2020-03-23T17:00,840
0004000000164600,2020-03-23T17:00,480
000400000015d800,2020-03-24T07:00,1260
0004000000164600,2020-03-24T07:00,60
0004000000141000,2020-03-24T07:00,60
0004000000030800,2020-03-24T07:00,420
000400000015d800,2020-03-24T08:00,1260
0004001000021400,2020-03-24T08:00,60
0004000000030800,2020-03-24T08:00,360
00040000000ec300,2020-03-24T09:00,240
00040000000ec300,2020-03-24T10:00,2400
0004000000141000,2020-03-24T10:00,540
0004000000141000,2020-03-24T11:00,240
0004000000164600,2020-03-24T11:00,720
000400000015d800,2020-03-25T07:00,780
000400000015d800,2020-03-25T08:00,1260
0004001000021900,2020-03-25T08:00,300
00040000000ec300,2020-03-25T08:00,1440
00040000000ec300,2020-03-25T09:00,1860
000400000015d800,2020-03-25T16:00,540
0004000000164600,2020-03-25T16:00,60
0004000000141000,2020-03-25T16:00,60
0004001000021900,2020-03-25T16:00,180
0004000000030800,2020-03-25T16:00,1020
0004003000009400,2020-03-25T16:00,180
0004000000153500,2020-03-25T16:00,780
000400000015d800,2020-03-25T17:00,360
0004001000021000,2020-03-25T17:00,60
00040000000ec300,2020-03-26T15:00,1620
0004003000009700,2020-03-26T15:00,60
000400000015d800,2020-03-26T15:00,600
000400000015d800,2020-03-26T16:00,1560
0004000000141000,2020-03-26T16:00,720
0004000000164600,2020-03-26T16:00,1080
00040000000ec300,2020-03-26T19:00,2340
0004000000141000,2020-03-27T16:00,1680
0004000000164600,2020-03-27T16:00,480
0004000000164600,2020-03-27T17:00,240
00040000000ec300,2020-03-27T17:00,3240
00040000000ec300,2020-03-27T18:00,780
000400000015d800,2020-03-28T10:00,660
0004000000141000,2020-03-28T13:00,1200
0004000000164600,2020-03-28T13:00,240
00040000000ec300,2020-03-28T13:00,1200
0004000000030800,2020-03-28T20:00,60
0004000000164600,2020-03-29T12:00,360
0004000000030800,2020-03-29T12:00,780
0004001020021d00,2020-03-29T12:00,120
0004001020021d00,2020-03-29T13:00,600
0004001000021400,2020-03-29T13:00,240
000400000f701400,2020-03-29T14:00,180
0004000000141000,2020-03-29T14:00,1500
0004000000164600,2020-03-29T14:00,1620
000400300000bd00,2020-03-29T14:00,60
0004003000009400,2020-03-29T14:00,60
0004000000030800,2020-03-29T15:00,660
00040000000ec300,2020-03-29T19:00,2760
00040000000ec300,2020-03-29T20:00,480
0004001000021700,2020-03-29T20:00,60
0004000000030800,2020-03-30T09:00,720
0004000000141000,2020-03-30T09:00,480
0004000000030800,2020-03-30T10:00,240
0004000000030800,2020-03-30T11:00,180
00040000000ec300,2020-04-01T12:00,840
00040000000ec300,2020-04-01T13:00,60
0004000000030800,2020-04-01T20:00,1080
0004000000141000,2020-04-01T20:00,120
0004000000164600,2020-04-01T20:00,240
00040000000ec300,2020-04-01T20:00,1140
00040000000ec300,2020-04-01T21:00,300
0004001020021d00,2020-04-01T21:00,120
0004000000141000,2020-04-01T21:00,60
00040000000ec300,2020-04-02T08:00,2580
00040000000ec300,2020-04-02T09:00,720
0004000000141000,2020-04-02T10:00,1080
0004000000164600,2020-04-02T10:00,1620
00040000000ec300,2020-04-03T08:00,1080
00040000000ec300,2020-04-03T09:00,780
0004000000164600,2020-04-03T18:00,840
0004000000164600,2020-04-03T19:00,1320
0004000000141000,2020-04-03T19:00,540
0004000000141000,2020-04-03T20:00,1440
00040000000ec300,2020-04-03T20:00,2160
00040000000ec300,2020-04-03T21:00,240
0004001000021e00,2020-04-04T06:00,780
0004001000021e00,2020-04-04T07:00,300
0004000000141000,2020-04-04T07:00,840
0004000000164600,2020-04-04T07:00,900
0004000000164600,2020-04-04T08:00,1440
0004000000088900,2020-04-04T10:00,1080
0004000000088900,2020-04-04T11:00,780
0004001000021200,2020-04-04T11:00,60
0004000000164600,2020-04-04T11:00,420
0004000000141000,2020-04-04T11:00,720
0004000000030800,2020-04-05T07:00,60
0004000000030800,2020-04-05T08:00,1500
0004000000141000,2020-04-05T08:00,1800
0004000000141000,2020-04-05T09:00,240
0004000000164600,2020-04-05T09:00,780
0004000000030800,2020-04-06T07:00,900
0004000000164600,2020-04-06T07:00,1260
0004000000164600,2020-04-06T18:00,120
0004000000141000,2020-04-06T18:00,60
0004000000141000,2020-04-07T11:00,960
0004000000164600,2020-04-07T11:00,1500
0004000000164600,2020-04-07T12:00,60
0004000000141000,2020-04-07T12:00,2340
0004000000030800,2020-04-08T20:00,660
0004000000030800,2020-04-08T21:00,1440
0004000000141000,2020-04-09T16:00,60
0004000000164600,2020-04-09T16:00,120
0004000000164600,2020-04-10T08:00,360
0004000000164600,2020-04-10T09:00,300
0004000000141000,2020-04-10T09:00,900
0004003000009300,2020-04-10T09:00,180
0004001000021400,2020-04-10T09:00,120
0004000000030800,2020-04-10T12:00,1680
00040000000ec300,2020-04-11T06:00,780
00040000000ec300,2020-04-11T07:00,2280
0004000000141000,2020-04-11T07:00,1140
0004000000164600,2020-04-11T07:00,180
0004000000164600,2020-04-11T08:00,2880
0004003000009300,2020-04-11T08:00,240
00040000000ec300,2020-04-12T07:00,1020
00040000000ec300,2020-04-12T08:00,1380
0004000000141000,2020-04-12T08:00,240
0004001000021400,2020-04-12T12:00,60
0004000000141000,2020-04-12T12:00,480
0004000000141000,2020-04-12T13:00,480
0004000000164600,2020-04-12T13:00,2520
00040000000ec300,2020-04-12T13:00,420
00040000000ec300,2020-04-12T14:00,1860
00040000000ec300,2020-04-12T17:00,2820
00040000000ec300,2020-04-12T18:00,1920
000400000015d800,2020-04-12T18:00,1500
0004001000021800,2020-04-13T07:00,240
0004001000021200,2020-04-13T07:00,60
0004001000021500,2020-04-13T07:00,300
00040000000ec300,2020-04-13T07:00,1740
00040000000ec300,2020-04-13T08:00,1800
0004000000141000,2020-04-13T08:00,840
0004000000164600,2020-04-13T08:00,780
0004000000153500,2020-04-13T08:00,60
0004001000021800,2020-04-13T08:00,60
00040000000ec300,2020-04-13T16:00,360
00040000000ec300,2020-04-13T17:00,2400
00040000000ec300,2020-04-14T12:00,780
00040000000ec300,2020-04-14T13:00,1980
0004001000021200,2020-04-14T13:00,60
00040000000ec300,2020-04-14T16:00,2820
00040000000ec300,2020-04-14T17:00,1020
0004000000141000,2020-04-14T17:00,360
00040000000ec300,2020-04-15T06:00,900
00040000000ec300,2020-04-15T07:00,3600
00040000000ec300,2020-04-15T08:00,1980
0004000000141000,2020-04-15T08:00,720
0004000000141000,2020-04-15T09:00,360
0004000000164600,2020-04-15T09:00,1380
0004001000021800,2020-04-15T09:00,240
0004001000021700,2020-04-15T09:00,180
0004003000009300,2020-04-15T13:00,540
0004001020021d00,2020-04-15T13:00,180
000400000015d800,2020-04-15T13:00,480
00040000000ec300,2020-04-16T07:00,240
00040000000ec300,2020-04-16T08:00,2520
0004000000164600,2020-04-16T08:00,600
0004000000164600,2020-04-16T09:00,300
00040000000ec300,2020-04-18T13:00,2580
0004000000164600,2020-04-18T13:00,240
0004000000141000,2020-04-18T13:00,120
0004000000153500,2020-04-18T13:00,300
0004001000021800,2020-04-19T07:00,420
0004003000009300,2020-04-19T07:00,60
00040000000ec300,2020-04-19T07:00,1500
00040000000ec300,2020-04-19T08:00,3240
00040000000ec300,2020-04-19T09:00,3180
0004000000164600,2020-04-19T13:00,720
0004000000141000,2020-04-19T13:00,300
0004000000141000,2020-04-19T14:00,60
0004000000164600,2020-04-19T14:00,300
00040000000ec300,2020-04-19T14:00,420
00040000000ec300,2020-04-20T06:00,1620
00040000000ec300,2020-04-20T07:00,1440
0004000000164600,2020-04-20T07:00,540
0004000000141000,2020-04-20T07:00,420
00040000000ec300,2020-04-20T08:00,120
0004000000141000,2020-04-20T12:00,420
0004000000141000,2020-04-20T13:00,420
00040000000ec300,2020-04-20T13:00,960
0004000000164600,2020-04-20T13:00,180
0004000000164600,2020-04-20T16:00,60
0004000000141000,2020-04-20T16:00,240
0004000000141000,2020-04-21T08:00,720
0004000000164600,2020-04-21T08:00,1620
0004000000164600,2020-04-21T09:00,360
0004000000141000,2020-04-21T14:00,120
0004000000164600,2020-04-21T14:00,60
00040000000ec300,2020-04-23T07:00,780
0004000000164600,2020-04-23T07:00,120
0004000000164600,2020-04-23T08:00,2340
0004000000141000,2020-04-23T08:00,360
0004000000153500,2020-04-23T08:00,60
0004001000021400,2020-04-23T08:00,300
0004000000141000,2020-04-24T08:00,60
00040000000ec300,2020-04-24T08:00,1380
00040000000ec300,2020-04-24T09:00,300
00040000000d7d00,2020-04-24T09:00,1860
0004000000141000,2020-04-24T09:00,1440
0004000000141000,2020-04-24T10:00,300
0004000000164600,2020-04-24T10:00,1800
0004000000164600,2020-04-25T10:00,420
0004000000164600,2020-04-25T11:00,1560
0004000000141000,2020-04-25T11:00,720
00040000000ec300,2020-04-25T11:00,1260
00040000000ec300,2020-04-25T12:00,1980
0004000000164600,2020-04-25T18:00,120
0004000000141000,2020-04-26T12:00,1200
0004000000164600,2020-04-26T12:00,1320
0004000000164600,2020-04-26T13:00,300
0004000000164600,2020-04-26T17:00,660
0004000000164600,2020-04-26T18:00,60
0004000000141000,2020-04-27T12:00,780
0004000000164600,2020-04-27T12:00,300
00040000000ec300,2020-04-27T13:00,840
00040000000ec300,2020-04-28T17:00,900
0004000000141000,2020-04-28T17:00,660
0004000000141000,2020-04-28T18:00,120
0004000000164600,2020-04-28T18:00,840
0004000000141000,2020-04-28T20:00,60
0004000000164600,2020-04-28T20:00,660
0004000000141000,2020-04-29T12:00,660
0004000000164600,2020-04-29T12:00,480
0004000000164600,2020-04-29T13:00,60
0004000000030800,2020-04-29T14:00,780
0004003000009400,2020-04-29T14:00,180
0004000000164600,2020-04-29T14:00,180
0004000000141000,2020-04-29T14:00,60
0004001000021000,2020-04-29T15:00,60
000400000015d800,2020-04-29T15:00,420
0004000000141000,2020-04-30T06:00,420
0004000000141000,2020-04-30T07:00,300
0004000000164600,2020-04-30T07:00,960
0004000000164600,2020-04-30T09:00,60
0004000000164600,2020-04-30T12:00,300
0004000000164600,2020-04-30T13:00,180
0004000000164600,2020-05-01T08:00,60
0004000000141000,2020-05-01T08:00,540
0004001000021700,2020-05-01T08:00,120
0004000000030800,2020-05-01T08:00,60
0004000000030800,2020-05-03T09:00,2220
0004000000030800,2020-05-05T09:00,1380
0004001000021100,2020-05-05T09:00,60
0004001020021300,2020-05-05T09:00,180
0004001000021800,2020-05-05T09:00,60
000400000015d800,2020-05-05T09:00,300
0004000000030800,2020-05-05T15:00,780
000400000f701400,2020-05-05T15:00,180
000400000f701400,2020-05-05T16:00,120
0004000000030800,2020-05-05T16:00,180
0004000000030800,2020-05-05T17:00,120
0004000000030800,2020-05-05T20:00,360
0004000000030800,2020-05-05T21:00,1740
0004000000164600,2020-05-05T21:00,60
0004000000141000,2020-05-05T21:00,120
0004000000030800,2020-05-06T14:00,420
0004000000030800,2020-05-06T18:00,1260
0004001000021900,2020-05-06T18:00,60
0004000000164600,2020-05-06T18:00,600
000400000015d800,2020-05-06T20:00,960
000400000015d800,2020-05-06T21:00,180
0004000000030800,2020-05-07T07:00,1320
0004000000030800,2020-05-07T08:00,960
0004000000030800,2020-05-07T20:00,180
0004000000030800,2020-05-07T21:00,780
0004000000030800,2020-05-08T12:00,1860
0004000000030800,2020-05-08T13:00,180
0004000000141000,2020-05-08T13:00,60
0004000000164600,2020-05-08T13:00,2040
0004000000164600,2020-05-08T17:00,300
0004001000021100,2020-05-08T17:00,60
0004000000030800,2020-05-08T17:00,2520
0004000000030800,2020-05-09T08:00,900
0004000000030800,2020-05-11T07:00,2400
0004000000030800,2020-05-11T12:00,420
0004000000030800,2020-05-11T13:00,240
0004000000164600,2020-05-13T06:00,180
0004000000030800,2020-05-13T08:00,2100
0004000000164600,2020-05-13T08:00,240
0004000000164600,2020-05-13T09:00,480
0004001000021400,2020-05-13T09:00,960
0004001000021e00,2020-05-13T09:00,1140
0004000000164600,2020-05-17T07:00,480
0004000000030800,2020-05-17T07:00,780
0004000000030800,2020-05-17T08:00,720
0004000000030800,2020-05-17T14:00,780
0004000000030800,2020-05-18T06:00,540
0004000000030800,2020-05-18T07:00,600
0004003000009400,2020-05-18T07:00,60
0004001000021000,2020-05-19T12:00,60
0004003000009400,2020-05-19T12:00,240
0004003000009400,2020-05-19T13:00,1500
0004000000030800,2020-05-20T12:00,1980
0004000000030800,2020-05-20T13:00,420
0004000000164600,2020-05-20T13:00,720
0004003000009300,2020-05-20T13:00,720
000400000f701400,2020-05-20T13:00,480
0004003000009600,2020-05-20T14:00,60
0004003000009300,2020-05-20T14:00,60
0004000000030800,2020-05-20T14:00,480
0004000000030800,2020-05-20T15:00,2700
0004000000030800,2020-05-21T17:00,2400
0004000000030800,2020-05-21T18:00,1980
0004000000164600,2020-05-21T18:00,900
0004000000164600,2020-05-21T19:00,60
0004000000030800,2020-05-22T08:00,1200
0004000000164600,2020-05-22T08:00,720
0004003000009300,2020-05-22T08:00,180
0004001000021400,2020-05-22T09:00,900
0004001000021000,2020-05-26T08:00,60
0004001000021000,2020-05-26T14:00,60
0004003000009600,2020-05-26T16:00,240
0004000000030800,2020-05-26T16:00,60
0004001000021000,2020-05-26T18:00,180
0004001000021000,2020-05-26T20:00,120
0004001000021100,2020-05-26T20:00,360
0004000000d59100,2020-05-26T20:00,60
000400000f800100,2020-05-26T09:00,720
0004001000021100,2020-05-26T09:00,480
0004000000125500,2020-05-26T09:00,60
0004001000021900,2020-05-26T09:00,60
00040000000afe00,2020-05-26T09:00,60
000400000bcfff00,2020-05-26T09:00,60
0004001000021000,2020-05-26T19:00,60
0004001000021000,2020-05-26T07:00,60
0004001000021000,2020-05-27T07:00,60
0004000000125500,2020-05-27T07:00,2400
0004000000125500,2020-05-27T08:00,1440
0004000000125500,2020-05-27T10:00,480
0004000000125500,2020-05-27T11:00,3540
0004000000125500,2020-05-27T12:00,3540
0004000000125500,2020-05-27T13:00,480
0004000000125500,2020-05-27T14:00,720
0004001000021200,2020-05-27T20:00,120
0004003000009600,2020-05-27T20:00,180
00040000000afe00,2020-05-27T20:00,120
000400000d921e00,2020-05-27T20:00,420
0004000000125500,2020-05-27T20:00,840
0004000000125500,2020-05-27T21:00,660
0004000000125500,2020-05-28T07:00,2220
0004000000125500,2020-05-28T08:00,180
0004001000021000,2020-05-28T10:00,60
0004000000125500,2020-05-28T12:00,3060
0004000000125500,2020-05-28T13:00,660
0004000000125500,2020-05-28T15:00,2100
0004000000125500,2020-05-28T16:00,1320
0004000000125500,2020-05-29T18:00,660
0004000000125500,2020-05-29T19:00,3600
0004000000125500,2020-05-29T20:00,1740
0004000000125500,2020-05-30T07:00,1020
0004000000125500,2020-05-30T08:00,3600
0004000000125500,2020-05-30T09:00,300
0004001000021100,2020-05-30T17:00,180
0004001000021800,2020-05-30T17:00,60
0004001000021400,2020-05-30T17:00,180
000400000f800100,2020-05-30T18:00,180
00040000001deb00,2020-05-30T18:00,60
0004001000021900,2020-05-30T21:00,1140
0004003000009400,2020-05-30T21:00,360
0004000000125500,2020-05-30T21:00,60
0004000000125500,2020-05-31T09:00,3060
0004000000125500,2020-05-31T10:00,1920
0004000000125500,2020-05-31T12:00,2040
0004000000125500,2020-06-01T08:00,2700
0004000000125500,2020-06-01T09:00,3180
0004000000125500,2020-06-02T09:00,1020
0004000000125500,2020-06-02T10:00,960
0004000000125500,2020-06-02T13:00,2160
0004000000125500,2020-06-02T14:00,360
0004000000125500,2020-06-03T09:00,960
0004000000125500,2020-06-03T10:00,1500
0004000000125500,2020-06-03T11:00,3480
0004000000125500,2020-06-03T12:00,1920
0004000000125500,2020-06-05T17:00,420
0004000000125500,2020-06-05T18:00,3480
0004001000021000,2020-06-06T18:00,120
0004001020024100,2020-06-06T18:00,780
000400000f800100,2020-06-06T18:00,60
00040000000afe00,2020-06-06T18:00,600
0004000000172600,2020-06-06T18:00,1440
0004000000172600,2020-06-06T19:00,1260
0004001000021400,2020-06-06T19:00,60
0004001000021400,2020-06-07T09:00,60
0004000000125500,2020-06-07T09:00,3300
0004000000125500,2020-06-07T10:00,60
0004000000125500,2020-06-08T09:00,3540
0004000000125500,2020-06-08T15:00,840
0004000000125500,2020-06-08T16:00,3600
0004000000125500,2020-06-08T17:00,1080
0004000000125500,2020-06-08T18:00,1020
0004000000125500,2020-06-09T11:00,3180
0004000000125500,2020-06-10T08:00,240
0004000000125500,2020-06-10T09:00,3180
0004000000172600,2020-06-10T13:00,1440
0004000000172600,2020-06-10T14:00,1500
00040000001deb00,2020-06-10T14:00,60
000400000bcfff00,2020-06-10T14:00,60
0004000000164600,2020-06-10T14:00,120
0004000000172600,2020-06-11T07:00,1740
0004000000172600,2020-06-11T08:00,3600
0004000000172600,2020-06-11T09:00,3540
0004000000172600,2020-06-11T10:00,240
00040000000afe00,2020-06-11T10:00,180
000400000bcfff00,2020-06-11T10:00,120
0004000000125500,2020-06-11T16:00,1560
0004000000125500,2020-06-11T17:00,780
0004000000172600,2020-06-11T17:00,1740
0004000000164600,2020-06-11T17:00,120
0004000000172600,2020-06-12T09:00,2340
0004000000172600,2020-06-12T10:00,1260
0004000000172600,2020-06-12T11:00,540
0004001000021000,2020-06-15T08:00,120
0004001020024100,2020-06-15T08:00,840
000400000f800100,2020-06-15T08:00,60
0004000000081100,2020-06-15T08:00,660
0004000000081100,2020-06-15T09:00,960
0004000000125500,2020-06-15T09:00,2640
0004000000125500,2020-06-15T10:00,1620
0004000000081100,2020-06-15T10:00,600
0004000000172600,2020-06-15T11:00,60
0004000000081100,2020-06-15T11:00,2520
0004000000081100,2020-06-15T12:00,2520
0004001000021400,2020-06-15T12:00,60
0004000000172600,2020-06-15T12:00,180
0004000000172600,2020-06-15T13:00,360
0004000000081100,2020-06-15T15:00,1860
000400000bcfff00,2020-06-15T15:00,300
000400000f800100,2020-06-15T16:00,120
0004000000125500,2020-06-16T12:00,1980
0004000000125500,2020-06-23T16:00,1800
0004000000125500,2020-06-23T17:00,3540
0004000000125500,2020-06-23T18:00,360
0004000000125500,2020-06-24T07:00,1740
0004000000125500,2020-06-24T08:00,1080
0004000000125500,2020-06-25T08:00,1740
0004000000125500,2020-06-25T09:00,3600
0004000000125500,2020-06-25T10:00,180
0004000000125500,2020-06-25T14:00,420
0004000000172600,2020-06-25T15:00,120
0004000000081100,2020-06-25T15:00,1380
0004000000125500,2020-06-25T20:00,1320
0004000000081100,2020-06-25T20:00,60
0004000000172600,2020-06-25T20:00,1500
0004000000125500,2020-06-26T11:00,60
0004000000172600,2020-06-26T12:00,180
0004000000125500,2020-06-27T10:00,660
0004000000125500,2020-06-27T12:00,780
0004000000125500,2020-06-27T13:00,1560
0004000000125500,2020-06-30T17:00,2880
0004000000125500,2020-06-30T18:00,300
0004000000125500,2020-07-01T11:00,2940
0004000000125500,2020-07-01T12:00,3360
0004000000125500,2020-07-01T13:00,1980
0004000000125500,2020-07-01T14:00,1200
0004000000125500,2020-07-01T15:00,300
0004000000125500,2020-07-01T17:00,180
0004000000125500,2020-07-02T10:00,780
0004000000125500,2020-07-02T11:00,3600
0004000000125500,2020-07-02T12:00,1680
0004000000125500,2020-07-03T07:00,300
0004000000081100,2020-07-03T07:00,60
0004000000125500,2020-07-04T19:00,2940
0004000000125500,2020-07-05T07:00,1740
0004000000125500,2020-07-05T08:00,480
0004000000125500,2020-07-08T14:00,1560
0004000000125500,2020-07-08T17:00,840
0004000000125500,2020-07-08T18:00,2280
0004000000030800,2020-07-09T07:00,60
0004001000021800,2020-07-09T07:00,120
0004000000125500,2020-07-11T09:00,780
0004001000021200,2020-07-11T13:00,240
0004000000125500,2020-07-11T13:00,1800
0004000000125500,2020-07-11T16:00,1080
0004000000125500,2020-07-11T17:00,480
0004000000125500,2020-07-12T09:00,900
0004000000125500,2020-07-13T15:00,180
0004000000125500,2020-07-13T16:00,3600
0004000000125500,2020-07-13T17:00,780
0004000000125500,2020-07-14T17:00,2580
0004000000125500,2020-07-14T18:00,1980
000400000f800100,2020-07-23T20:00,240
000400000d921e00,2020-07-23T20:00,60
000400000bcfff00,2020-07-23T20:00,240
0004000000030800,2020-07-23T20:00,300
0004000000125500,2020-07-26T14:00,60
0004000000125500,2020-07-26T15:00,3600
0004000000125500,2020-07-26T16:00,2760
0004000000125500,2020-07-27T11:00,1080
0004000000125500,2020-07-27T12:00,2400
0004003000009400,2020-07-27T12:00,60
0004000000125500,2020-07-28T10:00,1320
0004000000125500,2020-07-28T11:00,3120
0004000000125500,2020-07-28T12:00,60
0004000000125500,2020-07-29T12:00,2220
0004000000125500,2020-07-29T13:00,900
0004000000125500,2020-07-30T11:00,2880
0004000000125500,2020-07-30T12:00,480
0004000000125500,2020-07-31T12:00,2100
0004000000125500,2020-07-31T13:00,1320
0004000000125500,2020-08-01T09:00,2280
0004000000125500,2020-08-01T10:00,1860
0004003000009300,2020-08-01T10:00,360
0004000000125500,2020-08-02T08:00,60
0004000000125500,2020-08-02T09:00,2220
0004000000125500,2020-08-02T10:00,1380
0004000000081100,2020-08-02T10:00,660
0004000000141000,2020-08-02T10:00,120
0004000000164600,2020-08-02T10:00,480
0004000000125500,2020-08-05T12:00,2160
0004000000081100,2020-08-05T12:00,60
0004003000009300,2020-08-05T13:00,60
0004000000125500,2020-08-05T13:00,60
0004000000125500,2020-08-06T11:00,1140
0004000000125500,2020-08-06T12:00,2520
0004000000125500,2020-08-06T16:00,1020
0004000000125500,2020-08-07T11:00,1500
0004000000125500,2020-08-07T12:00,1320
0004000000125500,2020-08-07T17:00,780
0004000000125500,2020-08-08T14:00,600
0004000000081100,2020-08-08T14:00,300
0004000000125500,2020-08-08T15:00,1020
0004000000125500,2020-08-08T16:00,1440
0004000000125500,2020-08-09T08:00,1920
0004000000125500,2020-08-09T09:00,540
0004000000081100,2020-08-09T09:00,2940
0004000000081100,2020-08-09T10:00,480
0004001000021200,2020-08-09T11:00,60
0004000000081100,2020-08-09T11:00,60
0004000000125500,2020-08-10T17:00,1500
0004000000125500,2020-08-13T16:00,2880
0004000000081100,2020-08-13T16:00,120
0004000000125500,2020-08-13T17:00,1020
0004000000081100,2020-08-13T17:00,60
0004000000164600,2020-08-13T17:00,120
0004000000125500,2020-08-14T12:00,2580
0004000000125500,2020-08-14T13:00,1800
0004000000125500,2020-08-15T12:00,1740
0004001000021000,2020-08-15T12:00,60
0004000000030800,2020-08-15T12:00,840
0004000000030800,2020-08-16T08:00,840
0004000000125500,2020-08-16T08:00,1440
0004000000125500,2020-08-16T09:00,2160
0004000000081100,2020-08-16T09:00,60
0004000000081100,2020-08-16T10:00,3600
0004000000081100,2020-08-16T11:00,600
0004000000125500,2020-08-16T11:00,900
0004001000021200,2020-08-16T11:00,60
0004000000125500,2020-08-17T11:00,540
0004000000125500,2020-08-17T12:00,480
0004001000021000,2020-08-25T12:00,120
0004001020024100,2020-08-25T12:00,540
000400000f800100,2020-08-25T12:00,360
0004000000034c00,2020-08-25T12:00,840
0004000000034c00,2020-08-25T13:00,900
0004000000125500,2020-08-25T13:00,2640
000400000f800100,2020-08-25T14:00,60
000400000bcfff00,2020-08-25T15:00,180
0004001000021000,2020-08-25T15:00,120
000400000f800100,2020-08-25T15:00,180
00040000000afe00,2020-08-25T15:00,60
0004003000009300,2020-08-25T15:00,60
0004003000009600,2020-08-25T15:00,60
0004001000021100,2020-08-25T15:00,60
0004000000034c00,2020-08-25T18:00,420
0004000000034c00,2020-08-25T19:00,2400
0004000000034c00,2020-08-26T11:00,780
0004000000034c00,2020-08-26T12:00,780
0004000000125500,2020-08-26T12:00,600
0004000000125500,2020-08-26T13:00,2220
0004000000034c00,2020-08-26T15:00,120
0004000000034c00,2020-08-26T19:00,120
0004000000034c00,2020-08-26T20:00,900
0004000000153500,2020-08-27T10:00,960
0004000000164600,2020-08-27T10:00,60
0004000000141000,2020-08-27T10:00,60
0004001000021900,2020-08-27T10:00,780
0004000000034c00,2020-08-27T10:00,120
0004000000125500,2020-08-27T12:00,1980
0004000000030800,2020-08-28T09:00,600
0004000000034c00,2020-08-28T14:00,780
0004000000034c00,2020-08-28T15:00,480
0004000000125500,2020-08-28T15:00,1980
0004000000034c00,2020-08-28T19:00,2700
0004000000164600,2020-08-29T10:00,120
0004000000030800,2020-08-29T10:00,1920
0004000000153500,2020-08-29T10:00,1020
0004000000125500,2020-08-29T10:00,240
0004000000125500,2020-08-29T11:00,1140
0004000000125500,2020-08-29T13:00,1560
0004000000125500,2020-08-29T14:00,60
0004001000021500,2020-08-29T15:00,300
0004000000034c00,2020-08-29T19:00,1320
0004000000034c00,2020-08-29T20:00,1020
0004001000021000,2020-08-30T09:00,120
0004000000153500,2020-08-30T09:00,480
0004000000030800,2020-08-30T09:00,720
0004000000141000,2020-08-30T09:00,60
0004000000164600,2020-08-30T09:00,60
0004001000021000,2020-08-30T10:00,180
0004000000125500,2020-08-30T10:00,1440
0004000000125500,2020-08-30T11:00,3600
0004000000125500,2020-08-30T12:00,60
0004001000021400,2020-09-04T07:00,300
0004000000034c00,2020-09-04T11:00,60
0004001000021500,2020-09-05T07:00,120
0004000000153500,2020-09-05T09:00,1140
000400300000bd00,2020-09-05T09:00,60
00040000000afe00,2020-09-05T09:00,60
0004000000030800,2020-09-05T09:00,600
0004000000030800,2020-09-05T10:00,2580
0004000000034c00,2020-09-05T17:00,1200
0004000000030800,2020-09-06T08:00,2160
0004000000172600,2020-09-06T08:00,780
0004000000172600,2020-09-06T09:00,2820
0004000000172600,2020-09-06T10:00,540
0004000000172600,2020-09-06T11:00,3360
0004000000172600,2020-09-06T12:00,3540
0004000000172600,2020-09-06T13:00,420
0004001000021200,2020-09-06T13:00,180
0004000000172600,2020-09-07T12:00,1320
0004000000172600,2020-09-07T13:00,360
0004001000021000,2020-09-07T14:00,240
0004000000030800,2020-09-07T14:00,900
0004000000030800,2020-09-08T08:00,1740
0004000000030800,2020-09-08T09:00,840
0004000000153500,2020-09-08T09:00,60
0004000000034c00,2020-09-08T09:00,60
0004000000172600,2020-09-08T09:00,120
0004001000021900,2020-09-08T09:00,120
0004003000009400,2020-09-08T09:00,60
0004001020021d00,2020-09-08T09:00,960
0004003000009400,2020-09-08T10:00,840
0004003000009600,2020-09-08T10:00,120
0004000000164600,2020-09-08T10:00,240
0004000000164600,2020-09-08T11:00,780
0004001000021800,2020-09-08T11:00,240
0004000000172600,2020-09-08T11:00,1440
0004000000172600,2020-09-08T12:00,3600
0004000000172600,2020-09-08T13:00,1020
0004000000034c00,2020-09-08T13:00,180
0004000000034c00,2020-09-08T14:00,1200
0004000000125500,2020-09-09T13:00,300
0004000000172600,2020-09-09T13:00,2040
0004001020021d00,2020-09-09T13:00,720
0004000000172600,2020-09-11T18:00,1980
0004000000172600,2020-09-11T19:00,1740
0004000000034c00,2020-09-14T18:00,1500
0004000000034c00,2020-09-14T19:00,240
0004000000172600,2020-09-15T11:00,540
000400000f800100,2020-09-15T11:00,360
0004001000021000,2020-09-15T11:00,720
0004001020024100,2020-09-15T11:00,240
000400000eb00000,2020-09-15T11:00,120
0004000000125500,2020-09-15T11:00,360
0004000000034c00,2020-09-15T11:00,300
0004000000030800,2020-09-15T11:00,240
0004003000009700,2020-09-15T11:00,60
0004003000009600,2020-09-15T12:00,60
0004000000172600,2020-09-15T12:00,480
0004000000172600,2020-09-15T13:00,3240
0004000000172600,2020-09-15T14:00,540
0004001000021000,2020-09-15T14:00,120
0004001000021800,2020-09-15T14:00,60
0004000000172600,2020-09-15T16:00,180
0004000000172600,2020-09-15T17:00,3180
0004000000172600,2020-09-16T12:00,3180
0004000000172600,2020-09-16T13:00,2340
0004000000172600,2020-09-16T16:00,1320
0004000000172600,2020-09-16T17:00,1920
0004001020021d00,2020-09-16T17:00,120
0004003000009300,2020-09-16T17:00,60
0004000000172600,2020-09-17T11:00,60
0004000000034c00,2020-09-17T11:00,240
0004001000021400,2020-09-17T11:00,360
0004001000021000,2020-09-17T11:00,120
0004001020024100,2020-09-17T11:00,180
0004001000021000,2020-09-17T15:00,240
0004001020024100,2020-09-17T15:00,240
000400000f800100,2020-09-17T15:00,180
0004000000172600,2020-09-17T15:00,2400
0004000000172600,2020-09-17T16:00,2820
000400000012d600,2020-09-17T16:00,780
000400000012d600,2020-09-17T17:00,2820
0004001000021200,2020-09-17T17:00,60
0004000000172600,2020-09-18T12:00,1440
0004000000172600,2020-09-18T13:00,3540
000400000012d600,2020-09-18T14:00,840
000400000012d600,2020-09-18T16:00,2280
000400000012d600,2020-09-18T17:00,2580
0004001000021200,2020-09-18T17:00,60
0004001000021000,2020-09-18T17:00,240
0004003000009400,2020-09-18T17:00,60
0004001000021100,2020-09-18T17:00,240
000400300000bd00,2020-09-18T17:00,60
0004001000021000,2020-09-18T18:00,180
0004000000172600,2020-09-19T11:00,840
0004000000172600,2020-09-19T12:00,720
0004000000172600,2020-09-19T16:00,2280
0004000000172600,2020-09-19T17:00,420
000400000012d600,2020-09-19T17:00,3000
000400000012d600,2020-09-19T18:00,3060
000400000d921e00,2020-09-20T08:00,60
0004000000172600,2020-09-20T08:00,360
0004000000125500,2020-09-20T08:00,1860
0004000000125500,2020-09-20T09:00,3120
0004001000021200,2020-09-20T10:00,60
000400000015d800,2020-09-20T10:00,60
0004000000172600,2020-09-20T10:00,960
000400000012d600,2020-09-20T10:00,240
000400000012d600,2020-09-20T11:00,2880
000400000012d600,2020-09-20T12:00,1800
0004000000125500,2020-09-21T14:00,1080
0004000000125500,2020-09-21T15:00,2940
0004001000021200,2020-09-21T15:00,60
000400000012d600,2020-09-22T11:00,1020
000400000012d600,2020-09-22T12:00,2520
0004003000009300,2020-09-22T12:00,60
0004000000125500,2020-09-22T12:00,840
0004000000125500,2020-09-22T13:00,60
0004000000172600,2020-09-22T13:00,540
000400000f800100,2020-09-22T13:00,180
0004000000125500,2020-09-22T15:00,2100
0004000000125500,2020-09-22T16:00,960
0004000000125500,2020-09-23T11:00,2760
0004000000125500,2020-09-23T12:00,1260
0004000000172600,2020-09-23T12:00,2280
0004000000172600,2020-09-23T13:00,180
000400000012d600,2020-09-23T15:00,60
000400000012d600,2020-09-23T16:00,2220
000400000012d600,2020-09-23T17:00,60
000400000012d600,2020-09-23T18:00,3180
000400000012d600,2020-09-24T16:00,1620
000400000012d600,2020-09-24T17:00,1080
0004000000172600,2020-09-25T10:00,420
0004000000172600,2020-09-25T11:00,3600
0004000000172600,2020-09-25T12:00,2100
0004000000125500,2020-09-25T12:00,1500
0004000000125500,2020-09-25T13:00,480
000400000012d600,2020-09-25T13:00,2100
000400000012d600,2020-09-25T14:00,300
0004000000125500,2020-09-25T18:00,3000
0004000000125500,2020-09-26T10:00,1080
0004000000125500,2020-09-26T11:00,2760
000400000012d600,2020-09-26T11:00,780
000400000012d600,2020-09-26T12:00,3600
000400000012d600,2020-09-26T13:00,420
0004000000172600,2020-09-27T07:00,300
0004000000172600,2020-09-27T08:00,3000
0004000000125500,2020-09-27T08:00,600
0004000000125500,2020-09-27T09:00,1260
0004000000125500,2020-09-27T18:00,3060
0004000000125500,2020-09-28T11:00,600
000400000012d600,2020-09-28T11:00,2760
0004000000125500,2020-09-28T12:00,840
0004000000172600,2020-09-28T12:00,2100
000400000bcfff00,2020-09-28T12:00,60
0004000000125500,2020-09-29T10:00,1860
0004000000125500,2020-09-29T11:00,2580
000400000012d600,2020-09-30T11:00,900
000400000012d600,2020-09-30T12:00,2100
0004003000009300,2020-09-30T12:00,60
0004000000034c00,2020-09-30T14:00,1080
0004000000125500,2020-09-30T14:00,2100
0004000000125500,2020-09-30T15:00,720
0004000000125500,2020-09-30T16:00,3060
0004001000021200,2020-09-30T16:00,60
0004001000021400,2020-09-30T18:00,480
0004000000125500,2020-10-01T14:00,2340
0004000000125500,2020-10-01T15:00,3540
0004003000009300,2020-10-01T15:00,60
0004000000125500,2020-10-01T16:00,900
0004001000021700,2020-10-01T17:00,180
0004001000021400,2020-10-01T17:00,120
0004001000021400,2020-10-01T18:00,420
0004003000009300,2020-10-01T18:00,480
0004001000021200,2020-10-02T12:00,60
0004001000021800,2020-10-02T12:00,180
0004000000125500,2020-10-02T15:00,1560
0004000000125500,2020-10-02T16:00,2160
0004001000021200,2020-10-02T16:00,60
000400000012d600,2020-10-02T16:00,300
000400000012d600,2020-10-02T17:00,3360
0004000000125500,2020-10-03T11:00,540
0004001020021d00,2020-10-03T12:00,300
0004000000030800,2020-10-03T12:00,960
0004000000125500,2020-10-03T12:00,1860
0004000000125500,2020-10-03T13:00,1200
000400000012d600,2020-10-03T13:00,900
0004000000125500,2020-10-03T14:00,840
0004000000125500,2020-10-03T15:00,3600
0004000000125500,2020-10-03T16:00,900
0004001000021200,2020-10-03T16:00,60
000400000f800100,2020-10-04T08:00,60
0004001000021800,2020-10-04T13:00,300
0004001000021000,2020-10-04T13:00,180
0004001020024100,2020-10-04T13:00,480
000400000f800100,2020-10-04T13:00,480
0004000000176f00,2020-10-04T13:00,420
0004000000176f00,2020-10-04T14:00,1860
0004000000176f00,2020-10-04T15:00,3600
0004000000176f00,2020-10-04T16:00,960
000400000f800100,2020-10-04T16:00,60
0004000000176f00,2020-10-05T08:00,1320
0004001000021000,2020-10-05T08:00,240
0004003000009700,2020-10-05T08:00,60
0004001020024100,2020-10-05T08:00,300
000400000bcfff00,2020-10-05T08:00,60
000400000f800100,2020-10-05T08:00,60
0004000000176f00,2020-10-05T09:00,420
0004001000021000,2020-10-05T10:00,120
0004000000176f00,2020-10-05T10:00,660
0004000000176f00,2020-10-05T11:00,3600
0004000000176f00,2020-10-05T12:00,180
0004000000176f00,2020-10-05T16:00,960
0004000000176f00,2020-10-05T17:00,420
0004000000176f00,2020-10-06T10:00,720
0004000000176f00,2020-10-06T11:00,3600
0004000000176f00,2020-10-06T12:00,360
0004000000172600,2020-10-06T12:00,2520
0004000000034c00,2020-10-06T13:00,420
0004000000172600,2020-10-06T13:00,300
0004000000172600,2020-10-06T14:00,2100
0004001000021200,2020-10-06T14:00,60
000400000d921e00,2020-10-06T15:00,180
0004003000009700,2020-10-06T15:00,60
0004003000009600,2020-10-06T15:00,60
0004001000021800,2020-10-06T15:00,60
0004001020021300,2020-10-06T15:00,120
0004001000021100,2020-10-06T15:00,240
0004003000009400,2020-10-06T15:00,60
0004003000009e00,2020-10-06T15:00,60
0004000000172600,2020-10-07T10:00,780
0004000000172600,2020-10-07T11:00,3600
0004000000172600,2020-10-07T12:00,1020
0004000000176f00,2020-10-07T12:00,1560
0004000000172600,2020-10-08T12:00,1380
0004000000172600,2020-10-08T13:00,900
0004000000034c00,2020-10-08T13:00,660
0004000000034c00,2020-10-08T14:00,780
0004000000176f00,2020-10-08T16:00,180
000400000012d600,2020-10-08T16:00,600
0004003000009300,2020-10-09T16:00,60
0004000000176f00,2020-10-09T16:00,960
0004000000172600,2020-10-09T16:00,1620
000400000012d600,2020-10-09T16:00,300
000400000012d600,2020-10-09T17:00,300
0004000000176f00,2020-10-10T08:00,1500
0004000000176f00,2020-10-10T09:00,2700
0004000000172600,2020-10-10T10:00,600
0004000000172600,2020-10-10T17:00,720
000400000bcfff00,2020-10-10T17:00,60
0004000000176f00,2020-10-10T17:00,360
000400000012d600,2020-10-10T17:00,1680
0004000000176f00,2020-10-11T08:00,3180
0004000000176f00,2020-10-11T09:00,2340
0004000000172600,2020-10-11T12:00,600
0004000000030800,2020-10-11T16:00,60
0004000000172600,2020-10-11T16:00,240
0004000000176f00,2020-10-11T16:00,480
0004000000176f00,2020-10-11T17:00,120
000400000012d600,2020-10-11T17:00,3300
000400000012d600,2020-10-11T18:00,960
0004000000172600,2020-10-12T10:00,1920
000400000bcfff00,2020-10-12T10:00,60
0004000000172600,2020-10-12T11:00,2940
0004003000009300,2020-10-12T11:00,60
0004000000172600,2020-10-12T12:00,420
000400000012d600,2020-10-12T17:00,780
000400000012d600,2020-10-12T18:00,120
0004000000172600,2020-10-13T10:00,960
0004000000081100,2020-10-13T16:00,240
000400000015d800,2020-10-13T16:00,540
000400000012d600,2020-10-13T17:00,1080
0004000000176f00,2020-10-14T11:00,1680
0004000000034c00,2020-10-14T11:00,420
0004000000034c00,2020-10-14T12:00,960
000400000012d600,2020-10-14T12:00,60
0004000000125500,2020-10-14T12:00,1740
0004000000125500,2020-10-15T10:00,1560
0004000000125500,2020-10-15T11:00,2040
0004000000034c00,2020-10-15T11:00,780
0004000000172600,2020-10-15T11:00,660
0004000000172600,2020-10-15T12:00,300
0004000000176f00,2020-10-17T10:00,840
0004000000176f00,2020-10-17T11:00,3000
0004000000034c00,2020-10-17T14:00,180
0004000000034c00,2020-10-17T15:00,480
0004000000176f00,2020-10-18T09:00,1200
0004000000176f00,2020-10-18T10:00,960
0004000000176f00,2020-10-18T13:00,120
0004000000176f00,2020-10-18T14:00,240
0004000000172600,2020-10-18T14:00,1080
0004000000172600,2020-10-18T15:00,1920
000400000bcfff00,2020-10-18T15:00,60
0004000000172600,2020-10-19T11:00,1440
0004003000009400,2020-10-20T07:00,960
0004003000009400,2020-10-20T08:00,1560
000400000012d600,2020-10-20T08:00,120
0004000000172600,2020-10-20T11:00,2340
0004003000009400,2020-10-20T11:00,60
000400000012d600,2020-10-20T12:00,60
0004000000176f00,2020-10-20T13:00,660
0004000000176f00,2020-10-20T14:00,660
0004000000176f00,2020-10-21T08:00,2280
0004003000009400,2020-10-22T06:00,60
0004000000176f00,2020-10-22T06:00,1200
0004000000176f00,2020-10-22T07:00,840
0004000000030800,2020-10-22T07:00,360
0004000000176f00,2020-10-22T10:00,1200
000400000012d600,2020-10-22T10:00,2220
000400000012d600,2020-10-22T11:00,1980
0004000000030800,2020-10-22T14:00,120
0004000000176f00,2020-10-22T14:00,840
0004003000009400,2020-10-22T14:00,120
0004003000009400,2020-10-22T15:00,1680
0004003000009400,2020-10-23T07:00,960
0004000000176f00,2020-10-23T07:00,360
0004000000176f00,2020-10-23T08:00,3600
0004000000176f00,2020-10-23T09:00,180
0004000000176f00,2020-10-23T14:00,1500
0004000000176f00,2020-10-23T15:00,1440
0004000000176f00,2020-10-26T08:00,600
0004000000176f00,2020-10-26T09:00,240
0004000000176f00,2020-10-27T10:00,480
0004000000176f00,2020-10-27T11:00,3600
0004000000176f00,2020-10-27T12:00,360
0004000000176f00,2020-10-28T11:00,3300
0004000000176f00,2020-10-28T12:00,900
0004000000176f00,2020-10-29T11:00,420
0004000000176f00,2020-10-29T12:00,3600
0004000000176f00,2020-10-29T13:00,1440
0004000000081100,2020-10-30T12:00,60
0004000000030800,2020-10-30T12:00,240
0004000000030800,2020-10-30T13:00,1620
0004000000125500,2020-10-30T13:00,1500
0004000000030800,2020-11-01T07:00,60
0004000000030800,2020-11-01T08:00,2280
0004000000176f00,2020-11-01T08:00,60
0004000000176f00,2020-11-02T15:00,2100
0004000000176f00,2020-11-02T16:00,1080
0004000000176f00,2020-11-03T07:00,2100
0004000000176f00,2020-11-03T08:00,600
0004000000172600,2020-11-03T08:00,2640
0004000000176f00,2020-11-03T16:00,1680
0004000000030800,2020-11-03T16:00,1080
0004000000176f00,2020-11-04T07:00,2580
0004000000176f00,2020-11-04T08:00,3240
0004000000176f00,2020-11-04T11:00,1500
0004000000176f00,2020-11-04T12:00,540
0004000000176f00,2020-11-06T07:00,780
0004000000176f00,2020-11-06T08:00,2220
0004000000030800,2020-11-06T08:00,540
000400000012d600,2020-11-06T08:00,60
0004000000176f00,2020-11-06T12:00,2280
0004000000176f00,2020-11-06T13:00,2220
0004000000176f00,2020-11-07T12:00,2760
0004000000176f00,2020-11-07T13:00,2160
0004000000125500,2020-11-08T11:00,180
0004000000176f00,2020-11-08T11:00,3180
0004000000030800,2020-11-08T11:00,60
0004000000030800,2020-11-08T12:00,120
000400000f701400,2020-11-08T12:00,180
0004000000164600,2020-11-08T12:00,600
0004000000141000,2020-11-08T12:00,780
0004003000009400,2020-11-08T12:00,420
0004000000030800,2020-11-09T07:00,60
0004000000176f00,2020-11-09T07:00,480
0004000000176f00,2020-11-09T08:00,2160
0004000000030800,2020-11-09T08:00,1020
000400000012d600,2020-11-09T12:00,1320
000400000012d600,2020-11-09T13:00,540
0004000000176f00,2020-11-09T13:00,60
0004000000176f00,2020-11-09T14:00,780
0004000000176f00,2020-11-10T08:00,1800
0004000000153500,2020-11-10T08:00,900
0004000000164600,2020-11-10T08:00,60
0004000000164600,2020-11-10T09:00,60
0004000000176f00,2020-11-10T10:00,1020
0004000000176f00,2020-11-10T11:00,3600
0004000000176f00,2020-11-10T12:00,2040
0004000000176f00,2020-11-11T07:00,1140
0004000000176f00,2020-11-11T08:00,960
0004003000009700,2020-11-11T10:00,60
0004000000176f00,2020-11-11T10:00,720
0004000000176f00,2020-11-11T11:00,2040
0004000000176f00,2020-11-11T12:00,1680
0004000000176f00,2020-11-11T18:00,3180
0004000000125500,2020-11-11T18:00,60
0004000000125500,2020-11-11T19:00,180
0004000000125500,2020-11-12T11:00,840
0004000000125500,2020-11-12T16:00,1860
0004000000176f00,2020-11-12T17:00,120
0004000000176f00,2020-11-13T07:00,1740
0004000000176f00,2020-11-13T08:00,3060
0004000000176f00,2020-11-13T12:00,2220
0004000000176f00,2020-11-13T13:00,2520
0004000000030800,2020-11-14T08:00,1800
0004000000030800,2020-11-14T09:00,1020
0004000000141000,2020-11-15T10:00,420
0004000000172600,2020-11-15T10:00,1200
0004000000034c00,2020-11-15T10:00,960
000400000bcfff00,2020-11-15T10:00,60
0004000000034c00,2020-11-15T11:00,300
0004000000125500,2020-11-15T11:00,3120
0004000000125500,2020-11-15T12:00,1260
0004000000125500,2020-11-15T16:00,540
0004000000176f00,2020-11-15T16:00,60
0004000000030800,2020-11-15T18:00,1200
0004000000030800,2020-11-15T19:00,420
0004000000176f00,2020-11-16T07:00,1800
0004000000034c00,2020-11-16T11:00,1020
0004000000034c00,2020-11-16T12:00,1140
0004000000081100,2020-11-16T12:00,1860
0004000000081100,2020-11-16T13:00,480
0004000000176f00,2020-11-16T15:00,720
000400000012d600,2020-11-16T15:00,1200
0004000000176f00,2020-11-17T07:00,540
0004000000034c00,2020-11-17T11:00,840
0004000000125500,2020-11-17T11:00,1080
0004000000125500,2020-11-17T12:00,420
0004000000034c00,2020-11-17T12:00,180
0004001000021400,2020-12-04T13:00,120
0004000000125500,2020-12-04T13:00,60
0004000000176f00,2020-12-04T13:00,60
000400000012d600,2020-12-04T13:00,1080
000400000012d600,2020-12-04T14:00,1980
0004000000034c00,2020-12-05T09:00,1200
0004000000125500,2020-12-05T09:00,600
0004000000172600,2020-12-05T09:00,1020
000400000012d600,2020-12-05T15:00,660
000400000012d600,2020-12-05T16:00,2700
000400000012d600,2020-12-05T17:00,900
0004000000034c00,2020-12-06T10:00,540
0004000000034c00,2020-12-06T11:00,1680
0004000000125500,2020-12-06T11:00,300
0004000000125500,2020-12-06T12:00,1500
000400000012d600,2020-12-06T12:00,2100
000400000012d600,2020-12-06T13:00,2640
000400000012d600,2020-12-06T17:00,360
000400000012d600,2020-12-06T18:00,1740
0004000000125500,2020-12-07T11:00,1200
000400000012d600,2020-12-07T11:00,900
0004000000034c00,2020-12-07T12:00,660
0004000000034c00,2020-12-07T13:00,1320
0004000000034c00,2020-12-08T12:00,1740
0004000000034c00,2020-12-08T13:00,1260
000400000bcfff00,2020-12-08T13:00,60
000400000f800100,2020-12-08T13:00,60
0004000000125500,2020-12-08T13:00,60
0004000000034c00,2020-12-09T12:00,1800
0004000000034c00,2020-12-09T13:00,1860
0004001000021000,2020-12-09T13:00,60
0004001000021700,2020-12-09T13:00,60
0004001000021800,2020-12-09T13:00,300
000400000f800100,2020-12-09T13:00,60
000400000f800100,2020-12-10T07:00,240
0004001000021100,2020-12-10T07:00,120
00040000000afe00,2020-12-10T07:00,60
0004000000172600,2020-12-10T07:00,180
0004003000009700,2020-12-10T07:00,180
0004003000009600,2020-12-10T07:00,60
0004003000009e00,2020-12-10T07:00,60
0004000000034c00,2020-12-10T10:00,1140
0004000000034c00,2020-12-10T11:00,1140
0004000000176f00,2020-12-10T12:00,660
00040000000d7d00,2020-12-10T12:00,720
000400000012d600,2020-12-12T12:00,120
000400000012d600,2020-12-12T13:00,1980
0004001000021000,2020-12-12T16:00,120
0004001020024100,2020-12-12T16:00,420
000400000f800100,2020-12-12T16:00,60
000400000f800100,2020-12-12T17:00,240
000400000014f100,2020-12-12T17:00,1320
0004001000021000,2020-12-13T08:00,120
000400000014f100,2020-12-13T08:00,2700
000400000014f100,2020-12-13T09:00,2040
000400000014f100,2020-12-13T10:00,1980
000400000014f100,2020-12-13T11:00,2400
000400000014f100,2020-12-13T12:00,660
000400000014f100,2020-12-13T13:00,2340
000400000014f100,2020-12-14T08:00,3540
000400000014f100,2020-12-14T09:00,60
000400000014f100,2020-12-14T11:00,2520
000400000014f100,2020-12-14T12:00,2580
000400000014f100,2020-12-15T08:00,3180
000400000014f100,2020-12-15T13:00,780
000400000014f100,2020-12-15T14:00,3600
000400000014f100,2020-12-15T15:00,780
000400000014f100,2020-12-16T07:00,120
000400000014f100,2020-12-16T08:00,3540
000400000014f100,2020-12-16T17:00,3000
000400000014f100,2020-12-16T18:00,1140
000400000014f100,2020-12-17T08:00,2400
000400000014f100,2020-12-17T13:00,2340
000400000014f100,2020-12-17T14:00,300
000400000014f100,2020-12-18T08:00,1680
000400000014f100,2020-12-19T12:00,1500
000400000014f100,2020-12-19T13:00,780
0004000000030800,2020-12-19T16:00,60
000400000014f100,2020-12-19T16:00,1920
0004001000021400,2020-12-19T16:00,60
000400000014f100,2020-12-19T17:00,1800
000400000014f100,2020-12-20T10:00,2220
000400000014f100,2020-12-20T11:00,420
000400000014f100,2020-12-21T07:00,180
000400000014f100,2020-12-21T08:00,2040
0004001000021500,2020-12-21T15:00,180
0004001000021400,2020-12-21T15:00,540
000400000014f100,2020-12-21T15:00,300
000400000014f100,2020-12-21T16:00,3600
000400000014f100,2020-12-21T17:00,1200
0004001000021400,2020-12-21T18:00,60
000400000014f100,2020-12-22T08:00,180
0004000000030800,2020-12-22T09:00,60
0004003000009400,2020-12-22T09:00,60
0004001000021000,2020-12-22T09:00,60
0004000000034c00,2020-12-22T10:00,2460
000400000bcfff00,2020-12-22T10:00,60
0004003000009400,2020-12-22T10:00,60
000400000f800100,2020-12-22T10:00,60
000400000d921e00,2020-12-22T13:00,60
000400000f800100,2020-12-22T13:00,60
00040000001deb00,2020-12-22T13:00,60
0004001000021000,2020-12-22T14:00,180
0004003000009700,2020-12-22T14:00,60
0004001000021400,2020-12-22T15:00,1020
0004003000009300,2020-12-22T15:00,60
0004000000030800,2020-12-24T08:00,1500
00040000001deb00,2020-12-24T08:00,60
0004000000034c00,2020-12-24T09:00,1020
0004001000021000,2020-12-24T18:00,60
0004001020024100,2020-12-24T18:00,240
0004001000021000,2020-12-24T19:00,60
0004000000034c00,2020-12-25T09:00,1920
0004001000021000,2020-12-25T09:00,120
0004001000021400,2020-12-25T10:00,960
0004000000081100,2020-12-25T10:00,180
0004000000081100,2020-12-25T11:00,2760
0004000000081100,2020-12-25T12:00,2280
0004001000021400,2020-12-25T12:00,60
0004001000021000,2020-12-25T12:00,120
0004001020024100,2020-12-25T12:00,300
0004001000021800,2020-12-26T07:00,240
000400000014f100,2020-12-26T07:00,540
000400000014f100,2020-12-26T08:00,1620
0004001000021700,2020-12-26T08:00,420
0004000000034c00,2020-12-26T08:00,960
0004000000034c00,2020-12-26T09:00,1680
0004000000030800,2020-12-27T07:00,60
0004000000030800,2020-12-27T08:00,2640
0004000000034c00,2020-12-30T09:00,1140
0004000000034c00,2020-12-30T10:00,180
0004000000081100,2020-12-30T10:00,1680
0004000000030800,2020-12-31T08:00,420
0004000000030800,2020-12-31T09:00,1020
0004000000172600,2020-12-31T09:00,1200
0004001000021e00,2020-12-31T13:00,120
0004000000030800,2021-01-01T08:00,3120
0004000000030800,2021-01-01T09:00,360
0004000000176f00,2021-01-02T08:00,2280
0004000000176f00,2021-01-02T09:00,420
0004000000030800,2021-01-02T09:00,540
0004000000172600,2021-01-02T09:00,1500
000400000014f100,2021-01-03T10:00,600
0004000000172600,2021-01-03T13:00,120
0004000000172600,2021-01-03T14:00,3600
0004000000172600,2021-01-03T15:00,660
0004000000176f00,2021-01-04T08:00,600
0004000000176f00,2021-01-04T09:00,2160
0004000000030800,2021-01-04T09:00,1380
0004000000030800,2021-01-04T10:00,1800
0004000000172600,2021-01-05T12:00,660
0004000000176f00,2021-01-05T12:00,720
0004000000176f00,2021-01-05T13:00,1380
0004000000172600,2021-01-05T13:00,240
0004000000081100,2021-01-05T13:00,60
0004000000172600,2021-01-06T09:00,420
0004000000125500,2021-01-06T14:00,360
0004000000172600,2021-01-07T09:00,2400
0004000000172600,2021-01-08T09:00,840
0004000000125500,2021-01-08T09:00,480
0004000000172600,2021-01-08T10:00,1680
000400000014f100,2021-01-08T10:00,1620
0004000000172600,2021-01-08T17:00,2820
0004000000172600,2021-01-08T18:00,420
0004000000172600,2021-01-09T10:00,360
0004000000172600,2021-01-09T11:00,2700
000400000bcfff00,2021-01-09T11:00,180
0004001000021000,2021-01-09T11:00,60
0004001000021e00,2021-01-09T17:00,1920
0004003000009400,2021-01-09T21:00,60
0004000000172600,2021-01-10T09:00,3420
0004000000172600,2021-01-10T10:00,480
0004000000172600,2021-01-10T12:00,240
0004000000172600,2021-01-10T13:00,2880
0004000000172600,2021-01-10T14:00,1260
0004000000172600,2021-01-11T10:00,2580
0004000000172600,2021-01-11T11:00,3600
0004000000172600,2021-01-11T12:00,900
0004000000172600,2021-01-11T15:00,1560
0004000000172600,2021-01-12T09:00,60
0004000000172600,2021-01-12T10:00,3000
0004000000172600,2021-01-12T16:00,2580
0004000000172600,2021-01-12T17:00,600
0004000000172600,2021-01-13T11:00,1920
0004000000125500,2021-01-13T13:00,180
000400000014f100,2021-01-13T13:00,420
0004000000141000,2021-01-13T13:00,840
0004003000009400,2021-01-14T09:00,300
0004000000030800,2021-01-14T09:00,2040
0004000000172600,2021-01-14T11:00,960
0004000000172600,2021-01-14T12:00,1920
0004000000030800,2021-01-15T08:00,180
0004000000030800,2021-01-15T09:00,180
0004000000172600,2021-01-15T09:00,2700
000400000bcfff00,2021-01-15T09:00,60
0004000000172600,2021-01-15T12:00,240
0004000000172600,2021-01-15T13:00,1620
0004000000172600,2021-01-16T09:00,2700
0004000000172600,2021-01-16T10:00,240
0004000000141000,2021-01-16T11:00,180
0004000000141000,2021-01-16T12:00,660
0004000000164600,2021-01-16T12:00,780
000400000014f100,2021-01-16T12:00,2100
000400000014f100,2021-01-16T13:00,60
0004000000172600,2021-01-16T17:00,1260
0004000000172600,2021-01-17T11:00,2580
0004000000172600,2021-01-17T12:00,2220
000400000bcfff00,2021-01-17T12:00,60
0004000000172600,2021-01-18T16:00,1500
0004000000030800,2021-01-19T11:00,1200
0004000000172600,2021-01-19T11:00,60
000400000014f100,2021-01-19T11:00,960
000400000014f100,2021-01-19T12:00,840
0004000000141000,2021-01-19T12:00,1740
0004000000172600,2021-01-19T14:00,600
0004000000034c00,2021-01-20T08:00,120
0004000000034c00,2021-01-20T09:00,1140
0004000000172600,2021-01-20T09:00,1980
0004000000125500,2021-01-20T09:00,180
0004000000125500,2021-01-20T12:00,3060
0004000000125500,2021-01-20T13:00,900
0004000000030800,2021-01-20T17:00,2520
0004000000030800,2021-01-24T10:00,2160
0004000000141000,2021-01-24T10:00,60
0004000000164600,2021-01-24T10:00,60
0004001000021800,2021-01-24T10:00,60
000400000015d800,2021-01-24T10:00,300
000400000015d800,2021-01-24T11:00,2040
0004000000141000,2021-01-24T17:00,2160
0004000000164600,2021-01-24T17:00,240
0004000000125500,2021-01-24T17:00,1200
0004000000125500,2021-01-24T18:00,540
000400000014f100,2021-01-24T18:00,540
00040000000ec300,2021-01-24T18:00,2160
0004000000088900,2021-01-24T18:00,60
0004000000088900,2021-01-24T19:00,900
00040000000ec300,2021-01-25T08:00,2400
0004000000034c00,2021-01-26T09:00,1680
0004000000125500,2021-01-26T09:00,60
00040000000ec300,2021-01-26T09:00,120
00040000000ec300,2021-01-26T10:00,1200
00040000000ec300,2021-01-26T12:00,2700
0004000000141000,2021-01-26T12:00,120
0004000000141000,2021-01-26T13:00,120
0004001000021e00,2021-01-26T13:00,660
00040000000ec300,2021-01-26T13:00,1260
00040000000ec300,2021-01-27T08:00,2880
00040000000ec300,2021-01-27T09:00,240
00040000000ec300,2021-01-30T12:00,1860
00040000000ec300,2021-01-30T13:00,1260
0004000000141000,2021-01-30T13:00,1320
0004000000164600,2021-01-30T13:00,960
0004000000164600,2021-01-30T14:00,180
0004001000021200,2021-01-31T08:00,300
0004000000125500,2021-01-31T08:00,2640
0004000000125500,2021-01-31T09:00,3060
0004000000125500,2021-01-31T10:00,480
00040000000ec300,2021-01-31T10:00,1560
0004000000125500,2021-02-01T13:00,60
0004000000125500,2021-02-01T14:00,1860
00040000000ec300,2021-02-01T15:00,1320
0004000000141000,2021-02-01T16:00,480
0004000000141000,2021-02-01T17:00,720
0004000000141000,2021-02-02T16:00,1800
0004000000164600,2021-02-02T16:00,840
0004001000021700,2021-02-02T16:00,120
0004001000021500,2021-02-02T16:00,180
0004001000021500,2021-02-02T17:00,60
0004000000125500,2021-02-04T17:00,480
0004000000125500,2021-02-06T08:00,1020
0004000000172600,2021-02-06T08:00,840
0004000000172600,2021-02-06T09:00,3540
0004000000172600,2021-02-06T10:00,1980
0004001000021200,2021-02-06T19:00,180
0004000000172600,2021-02-07T08:00,1740
0004000000172600,2021-02-07T09:00,1200
0004000000172600,2021-02-07T10:00,1380
000400000bcfff00,2021-02-07T10:00,60
0004000000172600,2021-02-07T11:00,2760
0004001000021200,2021-02-07T11:00,240
0004000000141000,2021-02-07T15:00,2700
0004000000141000,2021-02-07T16:00,300
0004000000164600,2021-02-07T16:00,240
0004000000125500,2021-02-07T17:00,120
0004000000172600,2021-02-08T10:00,720
0004000000172600,2021-02-08T11:00,3540
0004000000172600,2021-02-08T12:00,120
0004000000172600,2021-02-08T14:00,1500
0004001000021200,2021-02-08T14:00,60
0004000000172600,2021-02-08T18:00,660
0004000000172600,2021-02-08T19:00,3600
0004000000172600,2021-02-08T20:00,120
0004000000172600,2021-02-09T10:00,2460
0004000000172600,2021-02-09T11:00,3600
0004000000172600,2021-02-09T12:00,1680
0004001000021200,2021-02-11T11:00,60
0004000000172600,2021-02-11T11:00,1740
0004000000172600,2021-02-11T12:00,2880
000400000bcfff00,2021-02-11T12:00,60
0004001000021200,2021-02-11T12:00,120
0004000000172600,2021-02-12T11:00,1140
0004000000172600,2021-02-12T12:00,2580
0004001000021000,2021-02-12T12:00,60
0004000000172600,2021-02-12T14:00,1620
0004000000172600,2021-02-12T15:00,1680
0004001000021200,2021-02-12T15:00,60
000400000014f100,2021-02-14T16:00,2040
000400000014f100,2021-02-14T17:00,3600
000400000f800100,2021-02-14T20:00,180
000400000eb00000,2021-02-14T20:00,60
0004001000021000,2021-02-14T20:00,60
0004000000172600,2021-02-15T10:00,300
0004000000172600,2021-02-15T11:00,3540
0004000000172600,2021-02-15T12:00,480
000400000f800100,2021-02-15T13:00,60
000400000eb00000,2021-02-15T13:00,120
0004001000021000,2021-02-15T13:00,60
000400000014f100,2021-02-15T15:00,60
0004000000034c00,2021-02-15T15:00,720
0004000000034c00,2021-02-15T16:00,420
000400000014f100,2021-02-15T17:00,60
000400000014f100,2021-02-15T18:00,2760
000400000f800100,2021-02-15T20:00,60
0004001000021000,2021-02-16T08:00,420
0004001020024100,2021-02-16T08:00,300
000400000f800100,2021-02-16T08:00,240
000400000eb00000,2021-02-16T08:00,300
0004000000125500,2021-02-16T11:00,2760
0004000000125500,2021-02-16T12:00,180
000400000014f100,2021-02-16T13:00,960
000400000014f100,2021-02-16T14:00,1680
0004000000081100,2021-02-17T14:00,180
000400300000bd00,2021-02-18T12:00,60
0004001020021300,2021-02-18T12:00,60
000400000014f100,2021-02-18T12:00,900
0004000000125500,2021-02-18T12:00,1380
0004000000125500,2021-02-18T13:00,3480
0004003000009400,2021-02-18T15:00,60
0004003000009600,2021-02-18T15:00,60
0004003000009300,2021-02-18T15:00,60
000400300000bd00,2021-02-18T15:00,60
0004001020021d00,2021-02-18T15:00,420
0004001020021d00,2021-02-19T07:00,360
0004000000081100,2021-02-19T07:00,60
000400000d921e00,2021-02-19T08:00,180
000400000014f100,2021-02-19T08:00,1440
000400000014f100,2021-02-19T10:00,1080
000400000014f100,2021-02-19T11:00,1080
0004000000172600,2021-02-19T11:00,1620
0004000000034c00,2021-02-19T11:00,900
0004000000034c00,2021-02-19T12:00,840
0004001000021200,2021-02-19T12:00,60
000400000014f100,2021-02-19T18:00,480
0004001000021200,2021-02-19T20:00,60
000400000014f100,2021-02-20T08:00,2340
000400000014f100,2021-02-20T09:00,900
000400000014f100,2021-02-20T10:00,1920
000400000014f100,2021-02-20T11:00,1380
0004001000021000,2021-02-22T11:00,180
0004001020024100,2021-02-22T11:00,120
000400000f800100,2021-02-22T11:00,60
00040000005dea00,2021-02-22T11:00,240
0004001000021200,2021-02-22T13:00,60
0004000000034c00,2021-02-22T13:00,2460
000400000014f100,2021-02-22T17:00,660
0004001000021000,2021-02-22T19:00,180
0004001020024100,2021-02-22T19:00,60
000400000f800100,2021-02-22T19:00,240
0004001000021200,2021-02-22T19:00,180
0004003000009400,2021-02-22T19:00,60
00040000005dea00,2021-02-22T19:00,1980
00040000005dea00,2021-02-22T20:00,2220
00040000005dea00,2021-02-23T07:00,60
00040000005dea00,2021-02-23T08:00,3600
00040000005dea00,2021-02-23T09:00,1620
0004001000021200,2021-02-23T09:00,60
000400000015d800,2021-02-23T09:00,60
00040000005dea00,2021-02-23T13:00,1620
000400000bcfff00,2021-02-23T16:00,120
0004001000021200,2021-02-23T16:00,60
000400000f800100,2021-02-23T16:00,240
0004001000021000,2021-02-23T19:00,120
0004001020024100,2021-02-23T19:00,60
000400000d921e00,2021-02-23T19:00,240
000400000f800100,2021-02-23T19:00,60
0004001000021200,2021-02-23T19:00,60
00040000005dea00,2021-02-24T08:00,2700
00040000005dea00,2021-02-24T09:00,3360
00040000005dea00,2021-02-24T12:00,1320
00040000005dea00,2021-02-24T13:00,2040
00040000005dea00,2021-02-25T12:00,2160
00040000000ec300,2021-02-26T11:00,180
0004000000141000,2021-02-26T11:00,600
0004000000141000,2021-02-26T12:00,60
0004001020021d00,2021-02-26T12:00,420
00040000005dea00,2021-02-26T15:00,360
00040000005dea00,2021-02-26T16:00,3600
00040000005dea00,2021-02-26T17:00,900
00040000005dea00,2021-02-27T08:00,2340
00040000005dea00,2021-02-27T09:00,1980
00040000005dea00,2021-02-27T13:00,840
00040000005dea00,2021-02-27T14:00,1920
0004001000021200,2021-02-27T14:00,60
00040000005dea00,2021-02-28T07:00,1440
00040000005dea00,2021-02-28T08:00,3240
00040000005dea00,2021-02-28T09:00,1260
00040000005dea00,2021-02-28T13:00,3480
00040000005dea00,2021-02-28T14:00,780
00040000005dea00,2021-03-01T08:00,2880
00040000005dea00,2021-03-01T09:00,240
00040000005dea00,2021-03-02T07:00,1740
00040000005dea00,2021-03-02T08:00,1680
00040000005dea00,2021-03-06T14:00,960
00040000005dea00,2021-03-06T15:00,3600
00040000005dea00,2021-03-06T16:00,420
00040000005dea00,2021-03-06T17:00,2820
00040000005dea00,2021-03-06T18:00,1080
00040000005dea00,2021-03-07T07:00,2220
00040000005dea00,2021-03-07T08:00,3600
00040000005dea00,2021-03-07T09:00,2280
0004001000021200,2021-03-07T09:00,60
00040000005dea00,2021-03-07T15:00,1200
00040000005dea00,2021-03-07T16:00,2880
00040000005dea00,2021-03-07T17:00,2280
00040000005dea00,2021-03-08T10:00,120
00040000005dea00,2021-03-08T11:00,1380
00040000005dea00,2021-03-08T14:00,1980
00040000005dea00,2021-03-08T15:00,3480
000400000f800100,2021-03-09T07:00,60
0004001000021000,2021-03-09T07:00,120
0004001020024100,2021-03-09T07:00,240
00040000005dea00,2021-03-09T10:00,2160
00040000005dea00,2021-03-09T16:00,120
00040000005dea00,2021-03-09T17:00,3600
00040000005dea00,2021-03-09T18:00,2040
00040000005dea00,2021-03-09T19:00,660
000400000f800100,2021-03-10T08:00,360
0004001000021000,2021-03-10T08:00,120
0004001020024100,2021-03-10T08:00,60
00040000005dea00,2021-03-10T08:00,1860
00040000005dea00,2021-03-10T09:00,1380
000400000f800100,2021-03-10T09:00,60
0004000000703200,2021-03-10T09:00,2040
0004000000703200,2021-03-10T10:00,1200
0004001000021200,2021-03-10T10:00,60
0004000000703200,2021-03-10T16:00,300
0004000000703200,2021-03-10T17:00,3600
0004000000703200,2021-03-10T18:00,1620
0004000000703200,2021-03-11T07:00,1920
0004000000703200,2021-03-11T08:00,2640
00040000005dea00,2021-03-11T08:00,960
00040000005dea00,2021-03-11T09:00,420
0004003000009700,2021-03-11T12:00,60
0004001000021200,2021-03-11T12:00,60
00040000005dea00,2021-03-11T12:00,1620
00040000005dea00,2021-03-11T13:00,3600
00040000005dea00,2021-03-11T14:00,1080
0004000000703200,2021-03-11T17:00,1200
0004000000703200,2021-03-11T18:00,240
0004001000021200,2021-03-12T12:00,60
0004000000703200,2021-03-12T12:00,2580
0004000000703200,2021-03-12T13:00,1140
0004001000021200,2021-03-12T13:00,60
00040000005dea00,2021-03-12T13:00,2340
00040000005dea00,2021-03-12T14:00,600
0004001000021200,2021-03-12T14:00,120
00040000005dea00,2021-03-13T08:00,3000
00040000005dea00,2021-03-13T09:00,2460
0004001000021200,2021-03-13T12:00,180
0004000000703200,2021-03-13T12:00,2520
0004000000703200,2021-03-13T13:00,3000
0004000000703200,2021-03-14T08:00,600
0004000000703200,2021-03-14T09:00,2700
0004000000703200,2021-03-14T10:00,1020
0004000000703200,2021-03-14T11:00,1620
00040000005dea00,2021-03-14T12:00,2460
00040000005dea00,2021-03-14T13:00,2220
0004001000021200,2021-03-14T13:00,60
00040000005dea00,2021-03-15T18:00,300
00040000005dea00,2021-03-15T19:00,1560
0004000000703200,2021-03-17T10:00,1020
0004000000703200,2021-03-17T11:00,3480
0004000000703200,2021-03-17T12:00,2400
0004000000703200,2021-03-18T08:00,1740
0004000000703200,2021-03-18T09:00,2760
0004000000164600,2021-03-18T10:00,900
0004001000021200,2021-03-18T15:00,60
00040000005dea00,2021-03-18T15:00,3120
00040000005dea00,2021-03-18T16:00,1500
0004000000703200,2021-03-19T10:00,840
0004000000703200,2021-03-19T11:00,2940
0004000000703200,2021-03-19T12:00,1740
0004000000703200,2021-03-19T15:00,960
0004000000703200,2021-03-19T16:00,2400
0004000000703200,2021-03-20T07:00,1080
0004000000703200,2021-03-20T08:00,1860
00040000005dea00,2021-03-20T08:00,1740
00040000005dea00,2021-03-20T09:00,1140
0004000000703200,2021-03-20T17:00,1020
0004000000703200,2021-03-22T14:00,60
0004001000021200,2021-03-22T14:00,60
00040000005dea00,2021-03-22T14:00,2760
00040000005dea00,2021-03-22T15:00,900
00040000005dea00,2021-03-23T08:00,3300
00040000005dea00,2021-03-23T09:00,2820
0004000000703200,2021-03-23T12:00,780
00040000005dea00,2021-03-23T15:00,3240
00040000005dea00,2021-03-23T16:00,480
0004000000703200,2021-03-23T16:00,1200
0004000000703200,2021-03-25T08:00,3480
0004000000703200,2021-03-25T09:00,480
0004000000703200,2021-03-25T13:00,2160
0004000000703200,2021-03-25T14:00,1560
00040000005dea00,2021-03-25T15:00,1320
00040000005dea00,2021-03-25T16:00,780
0004003000009400,2021-03-26T06:00,1260
0004003000009400,2021-03-26T07:00,720
0004000000703200,2021-03-26T07:00,1800
0004000000703200,2021-03-26T08:00,1680
0004001000021000,2021-03-27T10:00,180
0004001020024100,2021-03-27T10:00,360
000400000f800100,2021-03-27T10:00,540
000400000eb00000,2021-03-27T10:00,300
00040000001deb00,2021-03-27T10:00,60
0004001020024100,2021-03-27T11:00,360
0004001000021000,2021-03-27T11:00,300
000400000f800100,2021-03-27T11:00,240
000400000eb00000,2021-03-27T11:00,60
0004000000703200,2021-03-27T12:00,1560
00040000005dea00,2021-03-27T13:00,2040
00040000005dea00,2021-03-27T14:00,1740
00040000005dea00,2021-03-27T15:00,60
0004001000021000,2021-03-28T09:00,180
0004001020024100,2021-03-28T09:00,120
000400000f800100,2021-03-28T09:00,300
000400000d921e00,2021-03-28T09:00,120
000400000eb00000,2021-03-28T09:00,120
0004001000021700,2021-03-28T09:00,60
00040000005dea00,2021-03-29T08:00,1980
0004000000703200,2021-03-30T08:00,1440
00040000005dea00,2021-03-30T15:00,3060
00040000005dea00,2021-03-30T16:00,840
0004000000703200,2021-03-30T16:00,360
0004001000021200,2021-03-30T16:00,60
0004000000703200,2021-03-31T09:00,3600
0004000000703200,2021-03-31T10:00,600
0004000000703200,2021-03-31T12:00,2160
0004000000703200,2021-03-31T13:00,3600
0004000000703200,2021-03-31T14:00,600
0004000000703200,2021-04-01T07:00,660
0004000000703200,2021-04-01T08:00,2580
0004000000703200,2021-04-02T12:00,480
0004000000703200,2021-04-02T13:00,3000
0004000000703200,2021-04-02T14:00,780
0004000000703200,2021-04-02T15:00,3600
0004000000703200,2021-04-02T16:00,240
00040000005dea00,2021-04-02T16:00,1260
00040000005dea00,2021-04-02T17:00,120
00040000005dea00,2021-04-03T08:00,1740
00040000005dea00,2021-04-03T09:00,1620
0004000000703200,2021-04-03T12:00,2820
0004000000703200,2021-04-03T13:00,3420
0004000000703200,2021-04-03T14:00,2280
0004000000703200,2021-04-03T17:00,1080
0004001000021800,2021-04-04T08:00,180
0004000000703200,2021-04-04T08:00,2640
0004000000703200,2021-04-04T09:00,2640
0004001000021200,2021-04-05T07:00,60
00040000005dea00,2021-04-05T07:00,840
00040000005dea00,2021-04-05T08:00,1920
0004001000021200,2021-04-05T08:00,60
0004000000703200,2021-04-05T08:00,540
0004000000703200,2021-04-05T09:00,1740
0004000000703200,2021-04-06T12:00,2280
0004000000703200,2021-04-06T13:00,2100
00040000005dea00,2021-04-06T14:00,2040
0004000000030800,2021-04-07T07:00,240
0004000000703200,2021-04-07T07:00,1260
0004000000703200,2021-04-07T08:00,3600
0004000000703200,2021-04-07T09:00,600
0004003000009400,2021-04-07T15:00,360
0004003000009400,2021-04-07T16:00,180
0004000000030800,2021-04-07T16:00,2100
0004000000703200,2021-04-07T17:00,3180
0004000000703200,2021-04-07T18:00,1620
0004000000030800,2021-04-08T07:00,840
0004000000703200,2021-04-08T08:00,3540
0004000000703200,2021-04-08T09:00,780
0004003000009400,2021-04-08T15:00,660
00040000005dea00,2021-04-08T15:00,780
00040000005dea00,2021-04-08T16:00,1320
0004003000009300,2021-04-08T16:00,60
0004000000703200,2021-04-08T16:00,60
00040000005dea00,2021-04-09T12:00,1500
00040000005dea00,2021-04-09T13:00,600
0004000000703200,2021-04-09T13:00,3000
0004000000703200,2021-04-09T14:00,60
0004000000703200,2021-04-10T07:00,60
00040000005dea00,2021-04-10T07:00,600
00040000005dea00,2021-04-10T08:00,3600
00040000005dea00,2021-04-10T09:00,240
0004000000703200,2021-04-10T09:00,1080
000400000eb00000,2021-04-10T13:00,180
0004001000021000,2021-04-10T13:00,60
0004000000030800,2021-04-10T15:00,1620
0004000000703200,2021-04-10T17:00,1980
0004000000703200,2021-04-10T18:00,2100
0004000000703200,2021-04-11T07:00,1560
0004000000703200,2021-04-11T08:00,2880
0004000000703200,2021-04-11T09:00,60
00040000005dea00,2021-04-11T09:00,1260
00040000005dea00,2021-04-11T10:00,1440
0004000000172600,2021-04-11T10:00,120
00040000001deb00,2021-04-11T11:00,60
000400000eb00000,2021-04-11T11:00,60
0004000000034c00,2021-04-11T11:00,420
0004000000030800,2021-04-11T11:00,60
0004000000030800,2021-04-11T12:00,300
0004001020021d00,2021-04-11T12:00,480
00040000005dea00,2021-04-11T15:00,1500
0004000000703200,2021-04-11T17:00,1980
0004000000703200,2021-04-11T18:00,1140
0004000000703200,2021-04-13T07:00,1680
0004000000703200,2021-04-13T08:00,1320
00040000005dea00,2021-04-13T08:00,120
0004003000009300,2021-04-13T08:00,180
000400000eb00000,2021-04-13T08:00,120
00040000005dea00,2021-04-13T09:00,2940
00040000005dea00,2021-04-13T10:00,1080
0004000000703200,2021-04-13T15:00,1680
0004000000703200,2021-04-13T16:00,1260
0004000000703200,2021-04-14T07:00,840
0004000000703200,2021-04-14T08:00,3600
0004000000703200,2021-04-14T09:00,420
00040000005dea00,2021-04-14T14:00,840
00040000005dea00,2021-04-14T15:00,3120
0004000000703200,2021-04-15T07:00,240
0004000000703200,2021-04-15T08:00,3360
00040000005dea00,2021-04-15T08:00,180
00040000005dea00,2021-04-15T09:00,1260
00040000005dea00,2021-04-15T14:00,1620
00040000005dea00,2021-04-15T15:00,2280
0004003000009700,2021-04-16T08:00,60
0004000000703200,2021-04-16T08:00,3480
0004000000703200,2021-04-16T09:00,780
00040000005dea00,2021-04-16T16:00,2760
00040000005dea00,2021-04-16T17:00,360
0004001000021700,2021-04-17T08:00,720
00040000005dea00,2021-04-17T08:00,720
00040000005dea00,2021-04-17T09:00,3000
00040000005dea00,2021-04-17T12:00,2280
00040000005dea00,2021-04-17T13:00,180
00040000005dea00,2021-04-17T14:00,1200
0004000000703200,2021-04-17T16:00,60
0004000000703200,2021-04-17T17:00,3060
0004000000703200,2021-04-17T18:00,1920
0004000000703200,2021-04-18T07:00,2220
0004000000703200,2021-04-18T08:00,2880
00040000005dea00,2021-04-18T08:00,660
00040000005dea00,2021-04-18T09:00,2400
00040000005dea00,2021-04-18T14:00,240
00040000005dea00,2021-04-18T15:00,2880
00040000005dea00,2021-04-19T07:00,2340
00040000005dea00,2021-04-19T08:00,720
00040000005dea00,2021-04-19T10:00,1020
00040000005dea00,2021-04-19T11:00,360
0004000000703200,2021-04-19T14:00,3300
0004000000703200,2021-04-19T15:00,120
0004000000703200,2021-04-19T17:00,2820
0004000000703200,2021-04-19T18:00,2340
00040000005dea00,2021-04-20T07:00,480
00040000005dea00,2021-04-20T08:00,3000
0004000000703200,2021-04-20T08:00,540
0004000000703200,2021-04-20T09:00,2820
00040000005dea00,2021-04-20T13:00,1080
0004000000164600,2021-04-20T13:00,120
0004000000164600,2021-04-20T14:00,1740
0004000000703200,2021-04-20T14:00,1560
0004000000703200,2021-04-20T15:00,1740
0004000000703200,2021-04-21T09:00,3360
0004000000703200,2021-04-21T10:00,120
00040000005dea00,2021-04-21T10:00,1020
00040000005dea00,2021-04-21T13:00,3300
00040000005dea00,2021-04-21T14:00,2040
0004001000021700,2021-04-22T08:00,120
0004000000703200,2021-04-22T08:00,600
00040000005dea00,2021-04-23T07:00,2100
00040000005dea00,2021-04-23T08:00,2460
0004000000703200,2021-04-23T12:00,180
0004000000703200,2021-04-23T13:00,3600
0004000000703200,2021-04-23T14:00,720
0004000000164600,2021-04-23T16:00,1620
0004000000703200,2021-04-23T16:00,780
0004000000703200,2021-04-23T17:00,300
0004000000176f00,2021-04-23T17:00,2700
0004000000176f00,2021-04-23T18:00,1200
00040000005dea00,2021-04-24T09:00,1860
0004000000703200,2021-04-24T09:00,600
0004000000703200,2021-04-24T10:00,1260
00040000005dea00,2021-04-24T11:00,2940
0004000000703200,2021-04-24T13:00,960
0004000000703200,2021-04-24T14:00,3600
0004000000703200,2021-04-24T15:00,1740
0004001000021200,2021-04-25T07:00,60
00040000005dea00,2021-04-25T07:00,180
00040000005dea00,2021-04-25T08:00,1560
0004000000703200,2021-04-25T08:00,1980
0004000000703200,2021-04-25T09:00,1860
00040000005dea00,2021-04-25T14:00,2160
00040000005dea00,2021-04-25T15:00,180
0004000000703200,2021-04-25T15:00,3360
0004000000703200,2021-04-25T16:00,2400
0004000000703200,2021-04-26T07:00,2880
0004000000703200,2021-04-26T08:00,900
000400300000bd00,2021-04-26T08:00,60
00040000005dea00,2021-04-26T08:00,120
0004000000172600,2021-04-26T09:00,180
0004000000703200,2021-04-26T14:00,1320
0004000000703200,2021-04-26T15:00,600
0004001000021000,2021-04-26T15:00,120
0004001020024100,2021-04-26T15:00,60
0004001000021000,2021-04-26T16:00,360
0004001020024100,2021-04-26T16:00,180
000400000f800100,2021-04-26T16:00,60
00040000001a1e00,2021-04-26T16:00,180
00040000005dea00,2021-04-26T16:00,180
00040000005dea00,2021-04-27T07:00,180
00040000005dea00,2021-04-27T08:00,2400
0004000000703200,2021-04-27T08:00,1140
0004000000703200,2021-04-27T09:00,3480
0004000000703200,2021-04-28T09:00,1800
0004000000703200,2021-04-28T10:00,2220
0004000000172600,2021-04-29T09:00,900
0004001000021000,2021-04-29T09:00,120
0004001020024100,2021-04-29T09:00,180
0004003000009300,2021-04-29T09:00,60
0004000000703200,2021-04-29T09:00,960
0004000000703200,2021-04-29T10:00,3600
0004000000703200,2021-04-29T11:00,300
000400000bcfff00,2021-04-29T11:00,60
000400000f800100,2021-04-29T11:00,60
0004001000021000,2021-04-29T11:00,120
0004001020024100,2021-04-29T11:00,120
0004000000703200,2021-04-29T13:00,1740
0004000000703200,2021-04-29T14:00,3600
0004000000703200,2021-04-29T15:00,2460
00040000005dea00,2021-04-30T08:00,3180
0004000000703200,2021-04-30T08:00,240
0004000000703200,2021-04-30T09:00,3600
0004000000703200,2021-04-30T10:00,60
0004000000703200,2021-04-30T13:00,3480
0004000000703200,2021-04-30T14:00,3600
0004000000703200,2021-04-30T15:00,120
00040000005dea00,2021-05-01T07:00,2400
0004000000703200,2021-05-01T14:00,60
0004000000703200,2021-05-01T15:00,3480
0004000000703200,2021-05-01T16:00,1260
0004000000164600,2021-05-01T17:00,2400
0004000000164600,2021-05-01T18:00,60
0004000000703200,2021-05-02T07:00,240
0004000000703200,2021-05-02T08:00,3300
0004000000703200,2021-05-02T09:00,2460
00040000005dea00,2021-05-02T10:00,1860
00040000005dea00,2021-05-02T13:00,60
0004000000703200,2021-05-02T13:00,60
00040000005dea00,2021-05-02T14:00,60
0004001000021000,2021-05-02T14:00,120
0004001020024100,2021-05-02T14:00,60
0004000000703200,2021-05-02T17:00,2340
0004000000703200,2021-05-02T18:00,2160
000400300000bd00,2021-05-03T08:00,60
0004000000703200,2021-05-03T08:00,600
0004000000703200,2021-05-03T09:00,2880
00040000005dea00,2021-05-03T09:00,660
00040000005dea00,2021-05-03T10:00,180
0004000000164600,2021-05-03T14:00,540
00040000005dea00,2021-05-03T14:00,300
00040000005dea00,2021-05-03T15:00,1680
0004000000703200,2021-05-03T17:00,1260
0004000000703200,2021-05-03T18:00,1860
00040000005dea00,2021-05-04T09:00,1860
0004000000703200,2021-05-05T08:00,2700
0004000000703200,2021-05-05T09:00,3360
00040000005dea00,2021-05-05T13:00,180
00040000005dea00,2021-05-05T14:00,2220
00040000005dea00,2021-05-06T13:00,60
0004000000703200,2021-05-06T13:00,60
0004000000703200,2021-05-06T14:00,3600
0004000000703200,2021-05-06T15:00,780
0004000000164600,2021-05-06T15:00,660
000400000bcfff00,2021-05-06T15:00,60
0004001000021000,2021-05-06T15:00,60
0004001000021900,2021-05-06T15:00,840
0004001000021900,2021-05-06T16:00,960
0004001000021000,2021-05-06T16:00,60
0004000000164600,2021-05-06T16:00,960
0004000000164600,2021-05-06T17:00,1260
0004000000164600,2021-05-07T13:00,540
0004000000164600,2021-05-07T14:00,660
0004000000703200,2021-05-07T14:00,2940
0004000000703200,2021-05-07T15:00,1020
00040000005dea00,2021-05-07T15:00,2460
00040000005dea00,2021-05-07T16:00,120
0004000000164600,2021-05-07T17:00,60
0004000000164600,2021-05-07T18:00,1680
0004000000164600,2021-05-09T09:00,1440
0004000000703200,2021-05-09T09:00,2040
0004000000703200,2021-05-09T10:00,1680
00040000005dea00,2021-05-09T13:00,2100
0004000000164600,2021-05-10T08:00,540
0004000000703200,2021-05-10T08:00,780
0004000000703200,2021-05-10T09:00,2640
0004000000703200,2021-05-10T12:00,60
00040000005dea00,2021-05-10T12:00,1140
00040000005dea00,2021-05-10T13:00,60
0004000000703200,2021-05-10T13:00,60
0004001000021000,2021-05-10T13:00,60
0004001020024100,2021-05-10T13:00,300
0004001020024100,2021-05-10T14:00,420
0004001000021000,2021-05-10T14:00,120
0004000000703200,2021-05-10T15:00,3060
0004000000703200,2021-05-10T16:00,3120
0004000000703200,2021-05-10T17:00,3600
0004000000703200,2021-05-10T18:00,300
0004000000703200,2021-05-11T07:00,600
0004000000703200,2021-05-11T08:00,60
00040000005dea00,2021-05-11T09:00,2700
00040000005dea00,2021-05-11T10:00,1320
0004000000703200,2021-05-11T10:00,2160
0004000000703200,2021-05-11T11:00,1860
00040000005dea00,2021-05-12T08:00,840
00040000005dea00,2021-05-12T09:00,1860
0004000000703200,2021-05-12T09:00,1680
0004000000703200,2021-05-12T10:00,1080
0004000000703200,2021-05-12T14:00,3600
0004000000703200,2021-05-12T15:00,1860
00040000005dea00,2021-05-13T07:00,60
00040000005dea00,2021-05-13T08:00,3600
00040000005dea00,2021-05-13T09:00,360
0004000000703200,2021-05-13T09:00,1560
0004000000703200,2021-05-13T12:00,2760
0004000000703200,2021-05-13T13:00,1620
0004000000703200,2021-05-14T08:00,3300
0004000000703200,2021-05-14T09:00,3300
0004000000164600,2021-05-14T11:00,120
00040000005dea00,2021-05-14T13:00,1140
00040000005dea00,2021-05-14T14:00,120
00040000005dea00,2021-05-14T15:00,1320
00040000005dea00,2021-05-14T16:00,840
00040000005dea00,2021-05-15T10:00,120
00040000005dea00,2021-05-15T11:00,2040
0004000000703200,2021-05-15T13:00,960
0004000000703200,2021-05-15T14:00,3600
0004000000703200,2021-05-15T15:00,2940
00040000005dea00,2021-05-16T10:00,60
0004000000703200,2021-05-16T11:00,1380
0004000000703200,2021-05-16T12:00,2100
0004000000703200,2021-05-16T13:00,2160
0004000000703200,2021-05-17T08:00,1140
0004000000703200,2021-05-17T09:00,3600
0004000000703200,2021-05-17T10:00,540
00040000005dea00,2021-05-17T12:00,1200
0004000000703200,2021-05-17T12:00,60
0004001000021000,2021-05-17T12:00,120
0004001020024100,2021-05-17T12:00,180
0004000000164600,2021-05-17T17:00,1380
0004000000141000,2021-05-17T17:00,420
0004000000141000,2021-05-17T18:00,3480
0004000000703200,2021-05-18T12:00,1980
0004000000703200,2021-05-18T13:00,960
0004000000703200,2021-05-19T09:00,1140
0004000000703200,2021-05-19T10:00,3600
0004000000703200,2021-05-19T11:00,60
00040000005dea00,2021-05-19T14:00,1560
00040000005dea00,2021-05-19T15:00,120
0004000000164600,2021-05-19T15:00,780
0004001000021900,2021-05-19T15:00,300
0004000000141000,2021-05-19T15:00,2340
0004000000141000,2021-05-19T16:00,420
0004000000703200,2021-05-20T08:00,120
0004000000703200,2021-05-20T09:00,3600
0004000000703200,2021-05-20T10:00,2460
0004000000703200,2021-05-20T15:00,3000
0004000000703200,2021-05-20T16:00,2580
0004000000703200,2021-05-23T11:00,3420
0004000000703200,2021-05-23T12:00,3120
0004000000703200,2021-05-24T06:00,420
0004000000703200,2021-05-24T07:00,2340
0004001000021000,2021-05-26T15:00,120
0004001020024100,2021-05-26T15:00,60
0004000000164600,2021-05-26T15:00,180
0004000000703200,2021-05-26T15:00,1320
0004000000703200,2021-05-26T16:00,2700
0004000000703200,2021-05-27T11:00,3120
00040000005dea00,2021-05-27T12:00,1860
00040000005dea00,2021-05-27T13:00,1380
0004001000021200,2021-05-27T13:00,60
0004003000009400,2021-05-27T14:00,3360
0004003000009400,2021-05-27T15:00,300
0004000000164600,2021-05-27T15:00,60
0004000000141000,2021-05-27T15:00,480
0004001000021900,2021-05-27T15:00,60
0004000000030800,2021-05-27T15:00,1140
0004000000703200,2021-05-28T12:00,2760
0004000000703200,2021-05-28T13:00,840
0004000000703200,2021-05-28T16:00,540
0004000000703200,2021-05-28T17:00,3480
0004000000703200,2021-05-28T18:00,240
0004000000703200,2021-05-29T09:00,300
0004000000703200,2021-05-29T10:00,3180
0004000000703200,2021-05-29T15:00,60
00040000005dea00,2021-05-30T12:00,2460
0004000000703200,2021-05-30T12:00,480
0004000000703200,2021-05-30T13:00,1800
0004000000703200,2021-05-30T14:00,2880
0004000000703200,2021-05-30T15:00,2340
0004001000021200,2021-05-30T15:00,120
00040000005dea00,2021-05-31T11:00,1200
00040000005dea00,2021-05-31T12:00,2820
0004000000164600,2021-05-31T16:00,60
0004000000141000,2021-05-31T16:00,60
0004000000703200,2021-05-31T16:00,2520
0004000000703200,2021-05-31T17:00,3600
0004000000703200,2021-05-31T18:00,720
00040000005dea00,2021-06-01T11:00,1140
00040000005dea00,2021-06-01T12:00,2280
0004000000164600,2021-06-01T13:00,180
0004000000141000,2021-06-01T13:00,540
0004000000703200,2021-06-01T14:00,3540
0004000000703200,2021-06-01T15:00,600
00040000005dea00,2021-06-02T11:00,960
00040000005dea00,2021-06-02T12:00,840
0004000000703200,2021-06-02T16:00,1320
0004000000703200,2021-06-03T16:00,2160
0004000000703200,2021-06-03T17:00,3480
0004000000703200,2021-06-03T18:00,1620
00040000005dea00,2021-06-04T11:00,360
00040000005dea00,2021-06-04T12:00,3600
00040000005dea00,2021-06-04T13:00,960
0004000000703200,2021-06-04T15:00,3420
0004000000703200,2021-06-04T16:00,1320
0004000000703200,2021-06-05T11:00,1620
0004000000703200,2021-06-05T12:00,2820
0004000000703200,2021-06-05T13:00,120
0004003000009400,2021-06-05T14:00,1200
0004003000009400,2021-06-05T16:00,60
00040000005dea00,2021-06-05T16:00,3300
0004001000021000,2021-06-06T12:00,120
0004001020024100,2021-06-06T12:00,780
000400000d921e00,2021-06-06T12:00,60
0004800443505545,2021-06-06T12:00,120
0004003000009700,2021-06-06T13:00,60
0004800441444145,2021-06-06T13:00,60
000400000f800100,2021-06-06T13:00,60
0004800443505545,2021-06-06T16:00,2520
0004800443505545,2021-06-06T17:00,3600
0004800443505545,2021-06-06T18:00,2700
00040000005dea00,2021-06-07T13:00,2880
000400000f800100,2021-06-07T13:00,60
00040000005dea00,2021-06-07T14:00,180
0004800443505545,2021-06-07T15:00,1260
0004800443505545,2021-06-07T16:00,3600
0004800443505545,2021-06-07T17:00,1860
0004000000164600,2021-06-08T09:00,180
0004800443505545,2021-06-08T09:00,2280
0004800443505545,2021-06-08T10:00,2520
0004001000021000,2021-06-08T10:00,480
00040000005dea00,2021-06-08T12:00,300
00040000005dea00,2021-06-08T13:00,3480
00040000005dea00,2021-06-08T16:00,180
00040000005dea00,2021-06-08T17:00,3480
00040000005dea00,2021-06-08T18:00,120
00040000005dea00,2021-06-09T12:00,1140
00040000005dea00,2021-06-09T13:00,540
0004800441444145,2021-06-09T13:00,360
0004800443505545,2021-06-09T14:00,2100
0004800443505545,2021-06-09T15:00,3600
0004800443505545,2021-06-09T16:00,1800
0004800441444145,2021-06-09T16:00,840
0004800441444145,2021-06-09T17:00,3600
0004800441444145,2021-06-09T18:00,2700
0004800443505545,2021-06-10T09:00,2640
0004800443505545,2021-06-10T10:00,720
0004800441444145,2021-06-10T11:00,960
0004800441444145,2021-06-10T12:00,3300
0004800441444145,2021-06-10T13:00,1500
0004800443505545,2021-06-10T13:00,1980
0004800443505545,2021-06-10T14:00,720
0004800443505545,2021-06-10T20:00,60
0004800441444145,2021-06-10T20:00,960
0004800443505545,2021-06-11T08:00,1320
0004800443505545,2021-06-11T09:00,2160
0004800441444145,2021-06-11T13:00,180
0004800441444145,2021-06-11T14:00,1500
0004800441444145,2021-06-11T15:00,2280
0004800443505545,2021-06-11T15:00,1260
0004800443505545,2021-06-11T16:00,1080
0004001000021200,2021-06-11T18:00,120
0004800443505545,2021-06-12T08:00,120
0004800443505545,2021-06-12T09:00,3600
0004800443505545,2021-06-12T10:00,1320
0004800441444145,2021-06-12T12:00,3480
0004800441444145,2021-06-12T13:00,1620
0004800443505545,2021-06-12T19:00,120
0004800443505545,2021-06-12T20:00,1260
000400000f800100,2021-06-13T08:00,60
00040000005dea00,2021-06-13T08:00,240
0004000000703200,2021-06-13T08:00,60
0004001000021000,2021-06-13T08:00,120
0004001020024100,2021-06-13T08:00,300
0004001020024100,2021-06-13T09:00,180
0004001000021000,2021-06-13T09:00,240
0004800441444145,2021-06-13T09:00,120
0004800443505545,2021-06-13T11:00,60
0004800443505545,2021-06-13T12:00,2280
0004800443505545,2021-06-13T13:00,2940
0004800441444145,2021-06-13T14:00,1560
0004800443505545,2021-06-14T09:00,2520
0004800443505545,2021-06-14T10:00,900
0004800441444145,2021-06-14T14:00,2400
0004800443505545,2021-06-15T09:00,960
0004800443505545,2021-06-15T10:00,1740
0004800443505545,2021-06-15T11:00,1680
0004001000021200,2021-06-15T11:00,60
0004800441444145,2021-06-15T12:00,1560
0004800441444145,2021-06-15T13:00,2640
0004800443505545,2021-06-16T09:00,840
0004800443505545,2021-06-16T10:00,2400
0004001000021200,2021-06-16T10:00,60
0004800443505545,2021-06-16T12:00,2040
0004800443505545,2021-06-16T13:00,840
0004001000021200,2021-06-16T13:00,60
0004800441444145,2021-06-16T13:00,1440
0004800441444145,2021-06-16T14:00,2160
0004800441444145,2021-06-16T15:00,300
0004800443505545,2021-06-17T09:00,600
0004800443505545,2021-06-17T10:00,3600
0004800443505545,2021-06-17T11:00,180
0004800441444145,2021-06-17T14:00,600
0004800441444145,2021-06-17T15:00,3000
0004001000021200,2021-06-17T15:00,60
0004003000009400,2021-06-17T15:00,300
0004003000009400,2021-06-17T16:00,1320
0004800443505545,2021-06-18T09:00,540
0004800443505545,2021-06-18T10:00,1980
0004001000021200,2021-06-18T10:00,60
0004800443505545,2021-06-19T09:00,840
0004800443505545,2021-06-19T10:00,3060
0004001000021200,2021-06-19T10:00,60
0004800443505545,2021-06-19T12:00,900
0004800441444145,2021-06-19T12:00,1080
0004800441444145,2021-06-19T13:00,1500
0004800443505545,2021-06-20T08:00,60
0004800443505545,2021-06-20T09:00,3600
0004800443505545,2021-06-20T10:00,480
0004800441444145,2021-06-20T13:00,3120
0004800443505545,2021-06-21T10:00,2580
0004800443505545,2021-06-21T11:00,1620
0004001000021000,2021-06-21T11:00,240
0004800443505545,2021-06-21T12:00,60
0004800441444145,2021-06-21T12:00,2880
0004800441444145,2021-06-21T13:00,1860
0004003000009600,2021-06-21T13:00,120
0004001000021200,2021-06-21T13:00,60
0004800443505545,2021-06-22T09:00,1320
0004800443505545,2021-06-22T10:00,3000
0004800441444145,2021-06-22T13:00,2580
0004800441444145,2021-06-22T14:00,360
0004800443505545,2021-06-23T14:00,600
0004800443505545,2021-06-23T15:00,3240
0004800443505545,2021-06-24T09:00,3120
0004800443505545,2021-06-24T10:00,1140
0004800441444145,2021-06-24T11:00,1380
0004800441444145,2021-06-24T12:00,1800
0004001000021200,2021-06-24T12:00,60
0004800443505545,2021-06-25T09:00,3000
0004800443505545,2021-06-25T10:00,1320
0004800441444145,2021-06-25T13:00,900
0004800441444145,2021-06-25T14:00,3000
0004001000021200,2021-06-25T14:00,60
0004800443505545,2021-06-26T09:00,2820
0004800443505545,2021-06-26T10:00,1860
0004800441444145,2021-06-26T12:00,1140
0004800441444145,2021-06-26T13:00,1080
0004001000021200,2021-06-26T13:00,60
0004800441444145,2021-06-26T14:00,1620
0004001000021200,2021-06-26T14:00,120
0004800443505545,2021-06-27T09:00,2940
0004800443505545,2021-06-27T10:00,360
0004003000009400,2021-06-27T16:00,240
0004800443505545,2021-06-28T09:00,1800
0004001000021200,2021-06-28T12:00,60
0004800443505545,2021-06-28T12:00,2880
0004800443505545,2021-06-28T13:00,1320
0004001000021200,2021-06-28T13:00,60
0004800441444145,2021-06-28T13:00,60
0004800441444145,2021-06-28T14:00,3600
0004800441444145,2021-06-28T15:00,1200
0004800441444145,2021-06-28T20:00,1680
0004800443505545,2021-06-29T09:00,1860
0004800443505545,2021-06-29T10:00,2580
0004800441444145,2021-06-29T12:00,720
0004800441444145,2021-06-29T13:00,2460
0004800441444145,2021-06-29T14:00,300
0004001000021000,2021-06-29T18:00,240
0004001020024100,2021-06-29T18:00,960
0004800443505545,2021-06-30T08:00,780
0004800443505545,2021-06-30T09:00,2580
0004800441444145,2021-06-30T12:00,1320
0004800441444145,2021-06-30T13:00,3420
0004000000703200,2021-06-30T13:00,60
0004001000021200,2021-06-30T13:00,120
0004800443505545,2021-06-30T20:00,60
0004800443505545,2021-07-01T09:00,720
0004800443505545,2021-07-01T10:00,480
0004800443505545,2021-07-01T14:00,600
0004800443505545,2021-07-01T15:00,3600
0004800443505545,2021-07-01T16:00,2040
0004800443505545,2021-07-02T09:00,1620
0004800443505545,2021-07-02T10:00,3480
0004800441444145,2021-07-02T12:00,960
0004800441444145,2021-07-02T13:00,3540
0004800441444145,2021-07-02T14:00,360
0004000000141000,2021-07-02T14:00,240
0004000000703200,2021-07-03T09:00,60
0004000000703200,2021-07-03T11:00,780
0004800443505545,2021-07-03T11:00,1980
0004800443505545,2021-07-03T12:00,3600
0004800443505545,2021-07-03T13:00,2220
0004001000021200,2021-07-03T13:00,60
0004001000021000,2021-07-03T17:00,240
0004001020024100,2021-07-03T17:00,660
0004000000703200,2021-07-03T17:00,60
0004800443505545,2021-07-04T09:00,660
0004800443505545,2021-07-04T10:00,2820
0004800441444145,2021-07-04T12:00,960
0004800441444145,2021-07-04T13:00,1380
0004800443505545,2021-07-05T09:00,120
0004800443505545,2021-07-05T10:00,3480
0004800443505545,2021-07-05T11:00,1020
0004001000021200,2021-07-05T11:00,60
0004800441444145,2021-07-05T12:00,420
0004800441444145,2021-07-05T13:00,1080
0004800441444145,2021-07-05T14:00,3180
0004800443505545,2021-07-06T11:00,600
0004800443505545,2021-07-06T12:00,3060
0004800443505545,2021-07-06T13:00,3600
0004800441444145,2021-07-06T14:00,1920
0004800443505545,2021-07-07T08:00,60
0004800443505545,2021-07-07T09:00,180
0004800443505545,2021-07-07T14:00,2820
0004800443505545,2021-07-07T15:00,240
0004001000021200,2021-07-07T15:00,60
0004800443505545,2021-07-07T17:00,2460
0004800443505545,2021-07-07T18:00,1920
0004800443505545,2021-07-08T09:00,2820
0004800443505545,2021-07-08T10:00,1500
0004800441444145,2021-07-08T13:00,1320
0004001000021200,2021-07-08T13:00,60
0004800443505545,2021-07-09T09:00,1140
0004800443505545,2021-07-09T10:00,3300
0004001000021200,2021-07-09T10:00,60
0004800441444145,2021-07-09T12:00,1920
0004800441444145,2021-07-09T13:00,1860
0004800443505545,2021-07-10T09:00,1740
0004800443505545,2021-07-10T10:00,2220
0004800443505545,2021-07-10T11:00,900
0004001000021200,2021-07-10T11:00,60
0004001000021200,2021-07-10T14:00,180
0004800441444145,2021-07-11T13:00,1140
0004800443505545,2021-07-11T15:00,1380
0004800443505545,2021-07-11T16:00,3360
0004001000021200,2021-07-11T16:00,60
0004000000141000,2021-07-11T17:00,720
0004800441444145,2021-07-11T18:00,2640
0004800441444145,2021-07-11T19:00,660
0004800443505545,2021-07-12T09:00,720
0004000000125500,2021-07-12T09:00,1620
0004000000125500,2021-07-12T10:00,900
0004001000021000,2021-07-12T15:00,120
0004001020024100,2021-07-12T15:00,120
0004000000125500,2021-07-12T16:00,480
0004000000125500,2021-07-12T17:00,3420
0004001000021200,2021-07-12T17:00,60
0004000000125500,2021-07-13T08:00,420
0004000000125500,2021-07-13T09:00,2880
0004800443505545,2021-07-13T09:00,720
0004800443505545,2021-07-13T10:00,2220
0004800443505545,2021-07-13T11:00,300
0004000000034c00,2021-07-13T13:00,360
0004800441444145,2021-07-13T13:00,840
0004000000172600,2021-07-13T17:00,60
0004000000172600,2021-07-13T18:00,720
0004800441444145,2021-07-14T12:00,1680
0004800441444145,2021-07-14T13:00,840
0004800441444145,2021-07-14T14:00,1380
0004000000125500,2021-07-14T14:00,1800
0004000000125500,2021-07-14T15:00,900
0004800443505545,2021-07-14T15:00,1500
0004800443505545,2021-07-15T08:00,420
0004800443505545,2021-07-15T09:00,2940
0004800443505545,2021-07-15T10:00,540
0004800441444145,2021-07-15T12:00,1320
0004800443505545,2021-07-16T09:00,2280
0004800443505545,2021-07-16T10:00,1320
0004001000021200,2021-07-16T11:00,60
0004800443505545,2021-07-16T11:00,1920
000400000eb00000,2021-07-16T12:00,60
0004000000034c00,2021-07-16T12:00,780
0004000000034c00,2021-07-16T13:00,180
0004800441444145,2021-07-16T13:00,2880
0004800441444145,2021-07-16T14:00,300
0004800443505545,2021-07-17T09:00,2820
0004800443505545,2021-07-17T10:00,2880
0004800441444145,2021-07-17T12:00,2280
0004800441444145,2021-07-17T13:00,1500
0004000000125500,2021-07-18T09:00,1020
0004000000125500,2021-07-18T10:00,600
0004800443505545,2021-07-18T10:00,2400
0004800443505545,2021-07-18T11:00,1920
0004800441444145,2021-07-18T14:00,2820
0004800441444145,2021-07-18T15:00,360
0004001000021000,2021-07-19T10:00,120
0004001020024100,2021-07-19T10:00,60
0004800443505545,2021-07-19T17:00,3300
0004800443505545,2021-07-19T18:00,2460
0004001000021200,2021-07-19T18:00,60
0004800443505545,2021-07-20T10:00,2520
0004800443505545,2021-07-20T11:00,2160
0004800441444145,2021-07-20T13:00,3420
0004800441444145,2021-07-20T14:00,1080
0004001000021200,2021-07-20T15:00,60
0004800443505545,2021-07-21T12:00,2760
0004800443505545,2021-07-21T13:00,2580
0004001000021200,2021-07-21T13:00,60
0004800441444145,2021-07-21T14:00,900
0004000000703200,2021-07-21T15:00,120
0004000000703200,2021-07-21T16:00,240
0004003000009400,2021-07-21T16:00,120
0004000000172600,2021-07-21T16:00,120
0004800443505545,2021-07-22T09:00,240
0004800443505545,2021-07-22T11:00,60
0004800443505545,2021-07-22T12:00,3600
0004800443505545,2021-07-22T13:00,840
0004800441444145,2021-07-22T13:00,2640
0004800441444145,2021-07-22T14:00,60
0004800443505545,2021-07-23T10:00,1860
0004800443505545,2021-07-23T11:00,900
0004001000021200,2021-07-23T17:00,60
0004800443505545,2021-07-23T17:00,3240
0004800443505545,2021-07-23T18:00,720
0004800443505545,2021-07-24T09:00,1260
0004800443505545,2021-07-24T10:00,2220
0004001000021200,2021-07-24T10:00,60
000400300000bd00,2021-07-24T12:00,60
0004800441444145,2021-07-24T12:00,1500
0004800441444145,2021-07-24T13:00,2940
0004800441444145,2021-07-24T14:00,60
0004800443505545,2021-07-25T11:00,180
0004800441444145,2021-07-25T13:00,1380
0004800441444145,2021-07-25T14:00,2400
0004800443505545,2021-07-25T14:00,420
0004800443505545,2021-07-25T15:00,3600
0004800443505545,2021-07-25T16:00,540
0004001000021200,2021-07-25T16:00,60
0004001000021200,2021-07-26T09:00,60
0004800443505545,2021-07-26T09:00,300
0004800443505545,2021-07-26T11:00,1680
0004800443505545,2021-07-26T12:00,2940
0004800443505545,2021-07-26T13:00,720
0004800441444145,2021-07-26T14:00,2280
0004003000009300,2021-07-27T11:00,120
0004800441444145,2021-07-27T11:00,120
0004001000021000,2021-07-27T11:00,120
0004001020024100,2021-07-27T11:00,60
0004800441444145,2021-07-27T12:00,2760
0004800441444145,2021-07-27T13:00,120
0004800443505545,2021-07-27T16:00,2400
0004800443505545,2021-07-27T17:00,3360
0004800443505545,2021-07-27T18:00,1140
0004001000021200,2021-07-27T18:00,60
0004800443505545,2021-07-28T09:00,720
0004800443505545,2021-07-28T10:00,2760
0004001000021200,2021-07-28T15:00,60
0004003000009e00,2021-07-28T15:00,60
00040000000afe00,2021-07-28T15:00,240
000400000bcfff00,2021-07-28T15:00,180
0004000000172600,2021-07-28T15:00,240
0004800443505545,2021-07-29T09:00,960
0004800443505545,2021-07-29T10:00,180
0004800443505545,2021-07-29T13:00,3120
0004800443505545,2021-07-29T14:00,540
0004001000021200,2021-07-29T18:00,120
0004800441444145,2021-07-30T07:00,120
0004800443505545,2021-07-30T12:00,60
0004800443505545,2021-07-30T13:00,3120
0004800443505545,2021-07-30T14:00,480
0004001000021200,2021-07-30T14:00,60
0004800443505545,2021-07-30T20:00,60
0004800441444145,2021-07-30T20:00,60
0004800441444145,2021-07-31T11:00,540
0004800441444145,2021-07-31T12:00,3480
0004800443505545,2021-07-31T14:00,2760
0004800443505545,2021-07-31T15:00,1020
0004001000021200,2021-07-31T15:00,60
0004800443505545,2021-08-01T12:00,2220
0004800443505545,2021-08-01T14:00,480
0004800443505545,2021-08-01T15:00,780
0004800441444145,2021-08-02T13:00,600
0004800441444145,2021-08-02T14:00,2700
0004800443505545,2021-08-02T14:00,840
0004800443505545,2021-08-02T15:00,2940
0004001000021200,2021-08-02T15:00,60
0004800443505545,2021-08-03T12:00,1320
0004800443505545,2021-08-03T13:00,2520
0004001000021500,2021-08-03T14:00,120
000400000f800100,2021-08-03T14:00,60
0004800441444145,2021-08-03T14:00,420
0004800441444145,2021-08-03T15:00,2280
0004001000021000,2021-08-03T16:00,180
000400100002c000,2021-08-03T16:00,60
0004001020024100,2021-08-03T16:00,120
0004001000021200,2021-08-03T16:00,60
0004800443505545,2021-08-04T08:00,540
0004800443505545,2021-08-04T09:00,3240
0004001000021200,2021-08-04T09:00,60
0004800441444145,2021-08-04T12:00,1080
0004800441444145,2021-08-04T13:00,2220
0004001000021200,2021-08-04T15:00,60
0004800443505545,2021-08-05T10:00,600
0004001000021200,2021-08-05T17:00,60
0004800443505545,2021-08-05T17:00,180
0004800443505545,2021-08-05T18:00,2940
0004800443505545,2021-08-06T09:00,2160
0004800443505545,2021-08-06T10:00,2100
0004800441444145,2021-08-06T16:00,780
0004800441444145,2021-08-06T17:00,1020
0004800443505545,2021-08-07T12:00,2700
0004800443505545,2021-08-07T13:00,120
0004800441444145,2021-08-07T14:00,1020
0004800443505545,2021-08-08T10:00,540
0004800443505545,2021-08-08T11:00,2760
0004001000021200,2021-08-08T11:00,60
0004800443505545,2021-08-08T12:00,2400
0004800443505545,2021-08-09T13:00,1980
0004800443505545,2021-08-09T14:00,60
0004800443505545,2021-08-09T15:00,540
0004800443505545,2021-08-09T16:00,2880
0004001000021200,2021-08-09T16:00,60
0004800443505545,2021-08-10T09:00,1380
0004800443505545,2021-08-10T10:00,960
0004001000021200,2021-08-10T11:00,60
0004800443505545,2021-08-10T11:00,660
0004800443505545,2021-08-10T12:00,3600
0004800443505545,2021-08-10T13:00,780
0004001000021200,2021-08-10T13:00,60
0004800441444145,2021-08-10T13:00,1440
0004800441444145,2021-08-10T14:00,1200
0004800443505545,2021-08-11T09:00,2460
0004800443505545,2021-08-11T12:00,60
0004800441444145,2021-08-11T12:00,2880
0004800441444145,2021-08-11T13:00,1260
0004001000021200,2021-08-11T16:00,60
0004800443505545,2021-08-11T16:00,360
0004800443505545,2021-08-11T17:00,2460
0004001000021200,2021-08-11T17:00,60
0004800443505545,2021-08-12T09:00,1320
0004800443505545,2021-08-12T10:00,1440
0004001000021200,2021-08-12T10:00,60
0004800441444145,2021-08-12T14:00,2400
0004800443505545,2021-08-12T16:00,1380
0004800443505545,2021-08-12T17:00,60
0004001000021200,2021-08-12T17:00,60
0004800443505545,2021-08-13T13:00,2820
0004800443505545,2021-08-14T12:00,2820
0004800443505545,2021-08-14T13:00,3120
0004001000021200,2021-08-14T13:00,60
0004800441444145,2021-08-14T14:00,1920
0004800443505545,2021-08-15T09:00,780
0004800443505545,2021-08-15T10:00,1140
0004800443505545,2021-08-15T12:00,1680
0004800443505545,2021-08-15T13:00,900
0004800443505545,2021-08-16T09:00,2760
0004800443505545,2021-08-16T10:00,300
0004001000021200,2021-08-16T10:00,60
0004800441444145,2021-08-16T14:00,2340
0004800441444145,2021-08-16T15:00,60
0004800443505545,2021-08-17T12:00,2520
0004800443505545,2021-08-17T13:00,3600
0004800443505545,2021-08-17T14:00,60
0004800441444145,2021-08-17T14:00,1920
0004001000021000,2021-08-17T15:00,240
0004001020024100,2021-08-17T15:00,180
0004800443505545,2021-08-17T15:00,240
0004000000125500,2021-08-17T17:00,900
0004001000021200,2021-08-17T18:00,60
0004000000125500,2021-08-18T07:00,840
0004000000125500,2021-08-18T08:00,360
0004800443505545,2021-08-18T11:00,2940
0004800443505545,2021-08-18T12:00,2580
0004000000125500,2021-08-19T12:00,660
0004800443505545,2021-08-19T12:00,1140
0004800443505545,2021-08-19T13:00,2580
0004800443505545,2021-08-20T12:00,2760
0004800443505545,2021-08-20T13:00,2580
0004001000021200,2021-08-20T13:00,60
0004800441444145,2021-08-20T16:00,1860
0004800441444145,2021-08-20T17:00,120
0004000000125500,2021-08-21T09:00,360
0004000000125500,2021-08-21T10:00,240
0004800443505545,2021-08-21T15:00,240
0004800443505545,2021-08-21T16:00,2400
0004800443505545,2021-08-21T17:00,300
0004001000021200,2021-08-21T16:00,60
0004800441444145,2021-08-22T10:00,960
0004800441444145,2021-08-22T11:00,660
0004000000176f00,2021-08-22T11:00,660
0004000000030800,2021-08-22T11:00,660
0004000000030800,2021-08-22T16:00,2160
0004000000030800,2021-08-22T17:00,1860
0004000000125500,2021-08-23T10:00,1800
0004000000030800,2021-08-23T13:00,660
0004000000030800,2021-08-23T14:00,2160
000400000f701400,2021-08-23T14:00,60
0004003000009300,2021-08-23T14:00,180
0004800443505545,2021-08-23T14:00,1020
0004800443505545,2021-08-23T15:00,780
0004000000030800,2021-08-23T16:00,1140
0004000000030800,2021-08-23T17:00,180
0004800441444145,2021-08-23T17:00,1740
0004000000030800,2021-08-24T12:00,1800
0004000000030800,2021-08-24T13:00,1020
0004000000030800,2021-08-25T12:00,1740
0004000000030800,2021-08-25T13:00,1200
0004000000125500,2021-08-25T13:00,2100
0004800443505545,2021-08-25T15:00,1140
0004800441444145,2021-08-25T15:00,120
0004001000021000,2021-08-25T15:00,180
0004001020024100,2021-08-25T15:00,180
0004003000009400,2021-08-25T16:00,240
0004000000030800,2021-08-25T16:00,60
0004001000021000,2021-08-25T16:00,540
0004800441444145,2021-08-25T16:00,240
000400000f800100,2021-08-25T16:00,60
0004001020024100,2021-08-25T16:00,60
0004800441444145,2021-08-25T17:00,1320
0004000000030800,2021-08-26T10:00,600
0004800443505545,2021-08-26T13:00,2700
0004800443505545,2021-08-26T14:00,600
0004800443505545,2021-08-27T13:00,2640
0004800443505545,2021-08-27T14:00,660
0004000000703200,2021-08-27T14:00,60
0004000000172600,2021-08-27T14:00,780
0004000000030800,2021-08-27T14:00,1140
0004001000021200,2021-08-27T16:00,60
0004800441444145,2021-08-27T17:00,1620
0004800441444145,2021-08-27T18:00,1380
0004800443505545,2021-08-28T09:00,2220
0004800443505545,2021-08-28T10:00,2100
0004800441444145,2021-08-29T17:00,1380
0004800441444145,2021-08-31T17:00,2340
0004800441444145,2021-08-31T18:00,120
0004001000021200,2021-08-31T18:00,60
0004000000125500,2021-09-01T11:00,180
000400000014f100,2021-09-01T11:00,60
0004000000030800,2021-09-01T11:00,720
0004000000176f00,2021-09-01T11:00,360
0004000000176f00,2021-09-01T12:00,1620
0004000000081100,2021-09-01T12:00,660
0004001000021200,2021-09-01T12:00,60
0004001000021200,2021-09-01T16:00,60
0004800441444145,2021-09-01T16:00,180
0004800441444145,2021-09-01T17:00,840
0004000000703200,2021-09-02T12:00,2460
0004000000703200,2021-09-02T13:00,600
0004000000164600,2021-09-02T13:00,60
0004001000021500,2021-09-02T16:00,120
0004800441444145,2021-09-02T16:00,1080
0004800441444145,2021-09-02T17:00,120
0004001000021500,2021-09-02T17:00,60
0004000000125500,2021-09-03T09:00,2100
0004000000703200,2021-09-03T09:00,240
0004800443505545,2021-09-03T09:00,60
0004800443505545,2021-09-03T10:00,1860
0004000000176f00,2021-09-03T17:00,120
0004000000176f00,2021-09-03T18:00,120
0004800443505545,2021-09-04T11:00,900
0004800441444145,2021-09-04T17:00,1980
0004800441444145,2021-09-05T08:00,2820
0004800441444145,2021-09-05T09:00,240
0004000000125500,2021-09-05T09:00,720
0004000000176f00,2021-09-05T09:00,2340
0004000000176f00,2021-09-06T09:00,1320
0004000000164600,2021-09-06T09:00,60
0004000000164600,2021-09-06T10:00,1200
0004800441444145,2021-09-06T17:00,2520
0004000000176f00,2021-09-07T09:00,1560
0004000000176f00,2021-09-07T10:00,540
0004003000009400,2021-09-07T10:00,60
0004000000164600,2021-09-07T10:00,1800
0004003000009700,2021-09-07T16:00,120
0004800441444145,2021-09-07T16:00,1440
0004800441444145,2021-09-07T17:00,840
0004000000176f00,2021-09-08T07:00,1560
0004000000030800,2021-09-08T07:00,360
0004000000030800,2021-09-08T08:00,420
0004001000021900,2021-09-08T08:00,180
0004000000176f00,2021-09-08T08:00,3000
0004000000176f00,2021-09-08T09:00,480
0004000000030800,2021-09-08T09:00,960
0004800441444145,2021-09-08T17:00,660
0004800441444145,2021-09-08T18:00,1380
0004000000176f00,2021-09-09T09:00,2400
0004000000176f00,2021-09-09T10:00,1080
0004800441444145,2021-09-09T16:00,720
0004800441444145,2021-09-09T17:00,1440
0004000000176f00,2021-09-10T08:00,3060
0004000000176f00,2021-09-11T11:00,3360
0004000000176f00,2021-09-11T12:00,2400
0004000000125500,2021-09-11T12:00,420
0004800441444145,2021-09-11T17:00,2160
0004000000176f00,2021-09-12T09:00,1860
0004000000176f00,2021-09-12T10:00,3060
0004000000176f00,2021-09-12T16:00,420
000400000015d800,2021-09-12T16:00,540
0004000000030800,2021-09-12T16:00,540
0004800441444145,2021-09-12T17:00,2400
0004000000176f00,2021-09-13T09:00,1080
0004000000176f00,2021-09-13T10:00,1500
0004800441444145,2021-09-13T17:00,480
0004800441444145,2021-09-13T18:00,540
0004001000021400,2021-09-14T12:00,60
0004800441444145,2021-09-14T15:00,1140
0004800441444145,2021-09-14T16:00,1500
0004000000176f00,2021-09-15T12:00,1860
0004000000176f00,2021-09-16T12:00,1680
0004000000176f00,2021-09-16T13:00,120
0004000000030800,2021-09-17T17:00,840
0004000000176f00,2021-09-18T12:00,180
0004000000176f00,2021-09-18T13:00,2040
0004800441444145,2021-09-18T13:00,1260
0004800441444145,2021-09-18T14:00,2640
0004000000030800,2021-09-19T08:00,2220
0004000000176f00,2021-09-19T08:00,1260
0004000000176f00,2021-09-19T09:00,1860
0004000000030800,2021-09-19T16:00,780
0004800441444145,2021-09-19T16:00,120
0004800441444145,2021-09-19T17:00,1440
0004800441444145,2021-09-20T17:00,1560
0004800441444145,2021-09-20T18:00,420
0004000000176f00,2021-09-22T08:00,2100
0004000000176f00,2021-09-22T09:00,660
0004000000030800,2021-09-22T09:00,1320
0004000000030800,2021-09-22T10:00,420
0004800441444145,2021-09-22T15:00,720
0004800441444145,2021-09-22T16:00,2880
0004000000176f00,2021-09-23T10:00,900
0004000000176f00,2021-09-23T11:00,1200
0004000000030800,2021-09-23T11:00,1680
0004000000164600,2021-09-23T11:00,540
0004000000176f00,2021-09-24T17:00,120
0004000000030800,2021-09-24T17:00,720
0004000000030800,2021-09-24T18:00,1800
0004000000030800,2021-09-25T16:00,1740
0004000000030800,2021-09-25T17:00,1560
0004000000176f00,2021-09-25T17:00,840
0004000000176f00,2021-09-25T18:00,840
0004000000176f00,2021-09-26T07:00,780
0004000000030800,2021-09-26T07:00,600
0004000000030800,2021-09-26T08:00,360
0004000000030800,2021-09-26T09:00,180
0004000000176f00,2021-09-26T09:00,240
0004000000176f00,2021-09-26T10:00,420
0004000000030800,2021-09-26T10:00,780
0004001000021000,2021-09-28T17:00,120
0004001020024100,2021-09-28T17:00,240
000400000f800100,2021-09-28T17:00,60
000400000f800100,2021-09-28T18:00,180
000480044952424f,2021-09-28T18:00,2760
0004001000021000,2021-09-28T18:00,60
000400000d921e00,2021-09-28T18:00,60
000480044952424f,2021-09-29T10:00,300
000480044952424f,2021-09-29T11:00,1440
0004000000030800,2021-09-29T11:00,2040
0004000000176f00,2021-09-29T11:00,120
0004000000176f00,2021-09-29T12:00,780
0004000000030800,2021-09-29T15:00,2100
0004000000034c00,2021-09-30T11:00,120
0004000000034c00,2021-10-01T09:00,960
0004000000125500,2021-10-01T09:00,420
0004000000125500,2021-10-01T10:00,1440
0004800443505545,2021-10-01T13:00,1320
0004800443505545,2021-10-01T14:00,2100
0004000000176f00,2021-10-01T14:00,180
0004000000030800,2021-10-01T14:00,1260
0004000000030800,2021-10-01T15:00,360
0004003000009400,2021-10-02T08:00,300
0004000000176f00,2021-10-02T08:00,1140
0004000000176f00,2021-10-02T09:00,300
0004000000030800,2021-10-02T09:00,600
0004000000030800,2021-10-02T17:00,2220
0004000000030800,2021-10-03T08:00,2340
0004000000176f00,2021-10-03T08:00,1200
0004003000009400,2021-10-03T08:00,60
0004000000176f00,2021-10-03T09:00,1080
0004001000021000,2021-10-03T12:00,240
0004001020024100,2021-10-03T12:00,660
000400000f800100,2021-10-03T12:00,120
000400000d921e00,2021-10-03T12:00,60
0004800453524c41,2021-10-03T12:00,120
0004800441444145,2021-10-03T12:00,120
000480044952424f,2021-10-03T12:00,1320
000480044952424f,2021-10-03T13:00,600
000480044952424f,2021-10-03T14:00,3600
000480044952424f,2021-10-03T15:00,2100
0004001000021200,2021-10-03T16:00,60
000480044952424f,2021-10-04T11:00,1320
000480044952424f,2021-10-04T12:00,3360
000480044952424f,2021-10-04T13:00,1200
000480044952424f,2021-10-05T15:00,1020
000480044952424f,2021-10-05T16:00,3600
000480044952424f,2021-10-05T17:00,180
000480044952424f,2021-10-06T11:00,2880
000480044952424f,2021-10-06T12:00,2760
0004800441444145,2021-10-06T15:00,420
0004800441444145,2021-10-06T16:00,2040
000480044952424f,2021-10-07T09:00,600
000480044952424f,2021-10-07T10:00,2280
000480044952424f,2021-10-07T11:00,2820
0004001000021200,2021-10-07T11:00,60
0004000000125500,2021-10-07T17:00,1740
0004000000125500,2021-10-07T18:00,420
000480044952424f,2021-10-08T12:00,1020
0004000000125500,2021-10-08T12:00,180
000480044952424f,2021-10-08T14:00,960
000480044952424f,2021-10-08T15:00,3240
000480044952424f,2021-10-08T16:00,900
0004000000125500,2021-10-08T16:00,240
0004000000125500,2021-10-08T17:00,1980
0004000000125500,2021-10-09T13:00,120
000480044952424f,2021-10-09T13:00,360
000480044952424f,2021-10-09T14:00,1980
0004000000125500,2021-10-09T14:00,660
0004000000125500,2021-10-09T15:00,1440
0004001000021200,2021-10-09T17:00,60
0004000000176f00,2021-10-10T08:00,300
000480044952424f,2021-10-10T08:00,120
0004000000125500,2021-10-10T08:00,540
0004000000125500,2021-10-10T09:00,2940
000480044952424f,2021-10-10T13:00,600
000480044952424f,2021-10-10T14:00,2700
0004001000021200,2021-10-10T14:00,60
0004000000030800,2021-10-11T07:00,720
0004000000125500,2021-10-11T10:00,120
000480044952424f,2021-10-11T11:00,480
0004000000125500,2021-10-11T11:00,660
0004000000030800,2021-10-11T12:00,420
0004000000030800,2021-10-11T13:00,2220
000400000f800100,2021-10-11T13:00,60
000400000d921e00,2021-10-11T13:00,1080
0004000001620000,2021-10-11T13:00,60
000400000f0acc00,2021-10-11T13:00,60
000400000fd3ff00,2021-10-11T13:00,120
000400000fd3ff00,2021-10-11T14:00,60
000400000f102000,2021-10-11T14:00,660
0004000000103000,2021-10-11T14:00,60
000400000f800100,2021-10-11T14:00,60
0004001000021000,2021-10-11T14:00,60
0004000001620000,2021-10-11T14:00,60
0004000000030800,2021-10-12T14:00,2220
0004000000030800,2021-10-13T06:00,180
0004000000030800,2021-10-13T07:00,2040
000480044952424f,2021-10-13T10:00,1620
000480044952424f,2021-10-13T11:00,3060
0004001000021800,2021-10-13T14:00,660
0004000000125500,2021-10-13T15:00,3000
0004000000030800,2021-10-14T08:00,2460
0004000000176f00,2021-10-14T08:00,120
000480044952424f,2021-10-14T09:00,120
0004000000125500,2021-10-14T09:00,840
0004000000141000,2021-10-14T09:00,1200
000480044952424f,2021-10-14T14:00,960
0004001000021000,2021-10-14T14:00,60
0004001020024100,2021-10-14T14:00,480
0004001020024100,2021-10-14T15:00,300
0004001000021000,2021-10-14T15:00,60
0004800441444145,2021-10-15T08:00,1500
0004800441444145,2021-10-15T09:00,1020
000480044952424f,2021-10-15T11:00,780
000480044952424f,2021-10-15T16:00,1740
000480044952424f,2021-10-15T17:00,420
000480044952424f,2021-10-16T13:00,360
000480044952424f,2021-10-16T14:00,1920
000480044952424f,2021-10-16T15:00,1140
0004001000021200,2021-10-16T17:00,60
000480044952424f,2021-10-16T17:00,2160
000480044952424f,2021-10-16T18:00,2100
0004000000030800,2021-10-17T08:00,1500
0004000000176f00,2021-10-17T08:00,2100
0004000000176f00,2021-10-17T09:00,1020
000480044952424f,2021-10-17T13:00,1560
000480044952424f,2021-10-17T14:00,3060
000480044952424f,2021-10-17T15:00,60
000480044952424f,2021-10-18T08:00,300
000480044952424f,2021-10-18T09:00,3240
000480044952424f,2021-10-18T10:00,60
0004001000021200,2021-10-18T10:00,60
0004800441444145,2021-10-18T13:00,1920
0004800441444145,2021-10-18T14:00,120
0004000000141000,2021-10-18T17:00,60
000480044952424f,2021-10-19T07:00,780
000480044952424f,2021-10-19T08:00,1800
0004800441444145,2021-10-19T15:00,1920
0004001000021400,2021-10-19T15:00,60
000480044952424f,2021-10-20T15:00,1320
000480044952424f,2021-10-20T16:00,3060
0004001000021200,2021-10-20T16:00,60
000480044952424f,2021-10-21T08:00,360
000480044952424f,2021-10-21T09:00,3600
000480044952424f,2021-10-21T10:00,840
0004800441444145,2021-10-21T16:00,1980
000480044952424f,2021-10-22T10:00,240
000480044952424f,2021-10-22T11:00,3000
000480044952424f,2021-10-22T12:00,840
0004001000021000,2021-10-22T12:00,120
000400000f102000,2021-10-22T12:00,60
0004003000009600,2021-10-22T15:00,60
0004001000021000,2021-10-22T15:00,180
0004001020024100,2021-10-22T15:00,240
000400000f800100,2021-10-22T15:00,120
000400000012d600,2021-10-22T15:00,1380
000400000012d600,2021-10-22T16:00,1200
0004800441444145,2021-10-22T16:00,960
000480044952424f,2021-10-23T09:00,840
000400000012d600,2021-10-23T09:00,240
000400000012d600,2021-10-23T10:00,840
000480044952424f,2021-10-23T10:00,1440
0004000000141000,2021-10-23T10:00,180
0004000000141000,2021-10-23T11:00,240
0004800441444145,2021-10-23T16:00,480
0004000000125500,2021-10-23T16:00,1620
0004000000125500,2021-10-23T17:00,360
0004000000125500,2021-10-24T12:00,480
0004000000125500,2021-10-24T13:00,360
000400000012d600,2021-10-24T13:00,480
0004000000164600,2021-10-25T10:00,600
0004000000164600,2021-10-25T11:00,120
000400000012d600,2021-10-25T11:00,480
000480044952424f,2021-10-25T11:00,360
0004000000125500,2021-10-25T11:00,1260
0004000000125500,2021-10-25T14:00,540
0004000000125500,2021-10-25T15:00,1380
0004000000125500,2021-10-26T14:00,180
000400000012d600,2021-10-26T14:00,1020
000400000012d600,2021-10-26T15:00,240
0004000000125500,2021-10-26T16:00,1380
0004000000030800,2021-10-27T16:00,300
0004800441444145,2021-10-27T16:00,1320
0004003000009600,2021-10-27T16:00,60
000400000012d600,2021-10-28T11:00,960
0004000000125500,2021-10-28T12:00,420
0004000000176f00,2021-10-28T12:00,1500
000480044952424f,2021-10-29T08:00,1140
000480044952424f,2021-10-29T09:00,2760
0004000000172600,2021-10-29T16:00,600
0004000000172600,2021-10-29T17:00,3420
0004000000172600,2021-10-30T11:00,3180
0004800441444145,2021-10-30T15:00,600
0004000000125500,2021-10-30T15:00,240
0004000000125500,2021-10-30T16:00,2520
0004000000172600,2021-10-31T08:00,2520
0004000000172600,2021-10-31T09:00,180
0004000000125500,2021-10-31T09:00,2580
0004000000125500,2021-10-31T10:00,660
0004000000125500,2021-11-01T11:00,360
0004000000125500,2021-11-01T12:00,180
000480044952424f,2021-11-01T12:00,2880
000480044952424f,2021-11-01T13:00,1620
000480044952424f,2021-11-02T12:00,2040
0004000000125500,2021-11-02T13:00,2520
0004003000009400,2021-11-02T15:00,840
0004000001620000,2021-11-02T15:00,60
0004000000030800,2021-11-03T07:00,240
0004000000176f00,2021-11-03T07:00,240
0004000000176f00,2021-11-03T08:00,480
0004000000030800,2021-11-03T08:00,480
0004000000125500,2021-11-03T08:00,540
000480044952424f,2021-11-03T08:00,1080
0004000001620000,2021-11-03T10:00,60
0004000000125500,2021-11-03T16:00,900
0004001000021500,2021-11-03T17:00,60
000480044952424f,2021-11-03T17:00,1080
000480044952424f,2021-11-03T18:00,1080
0004000000125500,2021-11-03T18:00,1020
0004000000030800,2021-11-04T06:00,60
0004000000030800,2021-11-04T07:00,1140
0004000000176f00,2021-11-04T07:00,1680
000480044952424f,2021-11-04T07:00,360
000480044952424f,2021-11-04T08:00,1140
0004000000125500,2021-11-04T15:00,1860
0004000000125500,2021-11-04T16:00,240
0004000000176f00,2021-11-05T07:00,660
0004000000176f00,2021-11-05T08:00,780
0004000000125500,2021-11-05T08:00,2700
0004800441444145,2021-11-05T08:00,120
0004800441444145,2021-11-05T09:00,2040
0004000000081100,2021-11-05T09:00,240
0004003000009300,2021-11-05T09:00,60
0004001000021400,2021-11-05T09:00,60
0004000001620000,2021-11-05T09:00,120
0004000000125500,2021-11-05T11:00,540
0004000000030800,2021-11-05T11:00,540
0004000000030800,2021-11-05T12:00,960
0004001020021d00,2021-11-05T12:00,720
0004000000176f00,2021-11-06T07:00,300
0004000000176f00,2021-11-06T08:00,600
0004000000125500,2021-11-06T08:00,240
0004000000125500,2021-11-07T12:00,720
0004000000125500,2021-11-07T13:00,900
000480044952424f,2021-11-07T13:00,60
0004000000030800,2021-11-07T13:00,780
000400000d921e00,2021-11-07T14:00,540
0004003000009400,2021-11-07T14:00,540
0004000004391500,2021-11-07T14:00,60
000400000beef500,2021-11-07T14:00,60
000400000f718300,2021-11-07T14:00,120
000400000ec60000,2021-11-07T14:00,360
000400000ec50000,2021-11-07T15:00,60
0004000006942000,2021-11-07T15:00,720
000400000f800100,2021-11-07T15:00,240
0004000001620000,2021-11-07T15:00,60
0004000004391500,2021-11-07T15:00,60
0004001000021000,2021-11-07T15:00,60
000400000ec60000,2021-11-07T15:00,60
0004000006942000,2021-11-07T16:00,1260
0004800441444145,2021-11-07T16:00,1500
0004800441444145,2021-11-07T17:00,1020
000480044952424f,2021-11-07T17:00,480
000480044952424f,2021-11-07T18:00,2940
000480044952424f,2021-11-08T11:00,2040
0004000000125500,2021-11-08T11:00,120
0004000000125500,2021-11-08T12:00,180
000400000012d600,2021-11-08T12:00,1620
000400000f102000,2021-11-08T14:00,60
0004000006942000,2021-11-08T14:00,1440
0004000000176f00,2021-11-08T14:00,540
0004000000030800,2021-11-08T14:00,1320
0004000006942000,2021-11-08T15:00,60
0004000006942000,2021-11-08T16:00,420
000480044952424f,2021-11-09T08:00,720
000480044952424f,2021-11-09T09:00,1500
000400000012d600,2021-11-09T09:00,1020
000480044952424f,2021-11-09T14:00,1860
0004000000176f00,2021-11-09T15:00,360
0004000000030800,2021-11-09T15:00,780
0004000000125500,2021-11-09T16:00,1440
0004800441444145,2021-11-09T16:00,360
0004800441444145,2021-11-09T17:00,660
0004000000125500,2021-11-10T07:00,2340
0004800441444145,2021-11-11T15:00,60
000480044952424f,2021-11-11T15:00,1380
000480044952424f,2021-11-11T16:00,1200
0004800441444145,2021-11-11T16:00,1140
0004000000125500,2021-11-11T16:00,600
0004000000125500,2021-11-11T17:00,120
0004000000176f00,2021-11-12T07:00,180
0004000000125500,2021-11-12T07:00,240
0004000000176f00,2021-11-12T08:00,300
0004000000030800,2021-11-12T08:00,660
0004000000030800,2021-11-12T09:00,300
0004000000125500,2021-11-12T09:00,2820
0004000000125500,2021-11-12T10:00,420
0004000006942000,2021-11-12T12:00,180
000480044952424f,2021-11-12T12:00,1320
000480044952424f,2021-11-12T13:00,1140
0004001000021200,2021-11-12T13:00,60
0004000006942000,2021-11-12T19:00,180
0004000006942000,2021-11-12T20:00,300
0004000000125500,2021-11-13T08:00,60
0004001000021400,2021-11-13T14:00,780
0004000000176f00,2021-11-13T14:00,300
000480044952424f,2021-11-13T14:00,360
000480044952424f,2021-11-13T15:00,480
0004000000030800,2021-11-14T07:00,900
0004000000030800,2021-11-14T08:00,240
000480044952424f,2021-11-14T15:00,1800
000480044952424f,2021-11-14T16:00,1140
0004000000176f00,2021-11-14T16:00,540
000480044952424f,2021-11-15T12:00,900
0004000000125500,2021-11-15T14:00,1680
000480044952424f,2021-11-15T14:00,960
000480044952424f,2021-11-15T15:00,60
000480044952424f,2021-11-16T10:00,60
000480044952424f,2021-11-16T11:00,1980
0004800441444145,2021-11-16T11:00,360
000400000014f100,2021-11-16T12:00,2820
000400000014f100,2021-11-16T13:00,1260
0004000000125500,2021-11-16T14:00,780
0004000000125500,2021-11-16T15:00,1080
0004000000030800,2021-11-16T15:00,60
000480044952424f,2021-11-16T17:00,180
0004000000030800,2021-11-17T07:00,480
0004000000176f00,2021-11-17T07:00,300
000480044952424f,2021-11-17T07:00,60
0004000000125500,2021-11-17T08:00,1860
000400000014f100,2021-11-17T11:00,1200
000400000014f100,2021-11-18T10:00,900
0004001000021000,2021-11-18T10:00,240
000400000014f100,2021-11-18T11:00,3180
000400000014f100,2021-11-18T12:00,1200
0004001000021200,2021-11-18T12:00,60
0004000000030800,2021-11-18T14:00,1680
000400000014f100,2021-11-19T10:00,1020
000400000014f100,2021-11-19T11:00,1980
000400000014f100,2021-11-19T12:00,1500
000400000014f100,2021-11-20T10:00,60
000400000014f100,2021-11-20T11:00,3420
0004000000030800,2021-11-20T14:00,1020
0004003000009400,2021-11-20T14:00,240
0004000000176f00,2021-11-20T14:00,240
0004000000030800,2021-11-20T15:00,120
0004000000034c00,2021-11-21T08:00,1380
000400000f102000,2021-11-21T08:00,240
0004001000021400,2021-11-21T08:00,120
000480044952424f,2021-11-21T14:00,780
000480044952424f,2021-11-21T15:00,180
000400000014f100,2021-11-21T15:00,660
000480044952424f,2021-11-22T14:00,420
000480044952424f,2021-11-22T15:00,1500
000400000014f100,2021-11-22T15:00,840
000400000014f100,2021-11-22T16:00,780
000400000f102000,2021-11-22T16:00,300
000480044952424f,2021-11-23T09:00,660
000400000014f100,2021-11-23T09:00,1380
0004000000034c00,2021-11-23T17:00,2280
000400000014f100,2021-11-24T10:00,120
0004001000021800,2021-11-24T11:00,240
000480044952424f,2021-11-24T11:00,120
0004000000034c00,2021-11-24T11:00,900
0004000000034c00,2021-11-24T14:00,1260
000480044952424f,2021-11-24T15:00,300
000480044952424f,2021-11-24T16:00,60
000480044952424f,2021-11-25T14:00,360
0004000000141000,2021-11-25T14:00,1920
000480044952424f,2021-11-25T15:00,120
0004000000030800,2021-11-26T13:00,720
0004000000030800,2021-11-26T14:00,540
0004003000009400,2021-11-26T14:00,360
0004003000009400,2021-11-26T15:00,180
0004000000176f00,2021-11-26T15:00,300
0004000000141000,2021-11-26T15:00,1200
0004000000141000,2021-11-27T11:00,480
0004000000141000,2021-11-27T12:00,180
0004000000125500,2021-11-27T12:00,60
0004000000164600,2021-11-27T12:00,180
0004800441444145,2021-11-27T12:00,60
0004001000021000,2021-11-27T14:00,60
000400000eb00000,2021-11-27T14:00,120
0004000000034c00,2021-11-27T14:00,480
000400000f800100,2021-11-27T14:00,240
0004000000125500,2021-11-27T14:00,540
0004000000125500,2021-11-27T15:00,300
000400000beef500,2021-11-30T08:00,540
000480044952424f,2021-11-30T08:00,0
0004000000030800,2021-11-30T13:00,1140
0004000000176f00,2021-11-30T13:00,180
000400000015d800,2021-11-30T13:00,180
0004000000141000,2021-12-01T12:00,480
000480044952424f,2021-12-01T12:00,60
0004001000021500,2021-12-01T12:00,120
0004000000034c00,2021-12-02T15:00,1080
000400000015d800,2021-12-02T15:00,900
000400000015d800,2021-12-02T16:00,720
0004800441444145,2021-12-03T15:00,2640
0004800441444145,2021-12-03T16:00,2880
0004000000030800,2021-12-04T07:00,180
0004000000030800,2021-12-04T08:00,1260
000400000beef500,2021-12-06T14:00,180
0004001000021000,2021-12-06T14:00,60
0004001020024100,2021-12-06T14:00,120
0004001020024100,2021-12-06T15:00,360
0004001000021000,2021-12-06T15:00,60
000400000f800100,2021-12-06T15:00,420
0004000000051400,2021-12-06T15:00,1740
0004000000051400,2021-12-06T17:00,2520
0004000000051400,2021-12-06T18:00,2340
0004000000051400,2021-12-07T14:00,780
0004000000051400,2021-12-07T18:00,2160
0004000000051400,2021-12-07T19:00,1320
0004000000051400,2021-12-08T13:00,900
0004000000051400,2021-12-08T14:00,660
0004000000051400,2021-12-08T15:00,960
0004000000051400,2021-12-08T16:00,240
0004000000051400,2021-12-09T14:00,3180
0004000000051400,2021-12-09T15:00,180
0004000000051400,2021-12-10T15:00,1200
0004000000051400,2021-12-11T10:00,600
0004000000051400,2021-12-11T18:00,1980
0004000000051400,2021-12-11T19:00,180
0004000000051400,2021-12-12T10:00,2100
0004000000051400,2021-12-12T12:00,240
0004000000051400,2021-12-13T14:00,1980
0004000000051400,2021-12-13T15:00,240
0004000006942000,2021-12-14T13:00,840
0004000000051400,2021-12-14T15:00,1800
0004000006942000,2021-12-15T14:00,360
0004000006942000,2021-12-16T19:00,240
0004000006942000,2021-12-17T20:00,420
0004000000051400,2021-12-19T10:00,1440
0004000006942000,2021-12-19T10:00,60
0004000006942000,2021-12-19T11:00,120
0004000006942000,2021-12-20T20:00,180
0004800453524c41,2021-12-21T13:00,120
0004000000051400,2021-12-21T13:00,240
0004001000021e00,2021-12-21T17:00,420
0004001000021e00,2021-12-21T18:00,780
000400000beef500,2021-12-23T10:00,360
000400000f800100,2021-12-23T10:00,120
0004001000021500,2021-12-23T10:00,180
000400000beef500,2021-12-23T12:00,360
0004001000021500,2021-12-23T12:00,240
0004001000021000,2021-12-23T12:00,240
0004000006942000,2021-12-23T12:00,300
0004000000030800,2021-12-23T15:00,720
0004001000021500,2021-12-23T15:00,180
0004001000021e00,2021-12-23T17:00,2040
0004001000021e00,2021-12-23T18:00,780
0004001000021500,2021-12-23T18:00,960
0004001000021500,2021-12-23T19:00,780
0004000006942000,2021-12-23T20:00,180
00040000000ec300,2021-12-24T08:00,1560
0004000000088900,2021-12-24T09:00,2760
000400000beef500,2021-12-24T12:00,540
0004001000021500,2021-12-24T13:00,360
0004000000088900,2021-12-25T08:00,1620
0004000000088900,2021-12-25T09:00,60
0004000000088900,2021-12-26T11:00,300
0004000000088900,2021-12-26T12:00,3000
0004000000088900,2021-12-26T13:00,540
0004000006942000,2021-12-26T14:00,120
0004001000021500,2021-12-26T19:00,360
0004001000021500,2021-12-26T20:00,240
0004000000030800,2021-12-27T07:00,1080
0004000000030800,2021-12-27T08:00,360
0004001000021500,2021-12-27T11:00,480
0004001000021500,2021-12-27T12:00,120
0004000000088900,2021-12-27T12:00,1140
0004000000088900,2021-12-27T13:00,1140
0004001000021500,2021-12-27T19:00,1260
0004001000021500,2021-12-27T20:00,300
0004000000030800,2021-12-28T07:00,660
0004000000030800,2021-12-28T08:00,1200
000400000beef500,2021-12-28T12:00,180
000400000f800100,2021-12-28T12:00,240
000400000b0ddb00,2021-12-28T12:00,60
0004001000021200,2021-12-28T12:00,60
000400000d921e00,2021-12-28T12:00,120
0004000000088900,2021-12-29T11:00,600
0004000000088900,2021-12-29T12:00,420
000400000beef500,2021-12-29T17:00,60
000400000d921e00,2021-12-29T17:00,240
0004001000021200,2021-12-29T17:00,60
000400000f800100,2021-12-29T17:00,60
0004000000ccb800,2021-12-29T17:00,1260
0004000000ccb800,2021-12-29T18:00,3600
0004000000ccb800,2021-12-30T11:00,1080
0004000000ccb800,2021-12-30T12:00,600
0004000000ccb800,2021-12-30T17:00,660
0004000000ccb800,2021-12-30T18:00,3600
0004000000ccb800,2021-12-30T19:00,900
0004000000030800,2021-12-31T07:00,240
0004000000030800,2021-12-31T08:00,1740
0004000000ccb800,2021-12-31T08:00,1680
0004000000ccb800,2021-12-31T09:00,2280
0004000000ccb800,2022-01-01T08:00,1380
0004000000ccb800,2022-01-01T09:00,1320
0004000000ccb800,2022-01-02T08:00,420
0004000000ccb800,2022-01-02T09:00,1560
0004000000ccb800,2022-01-02T12:00,3120
0004000000ccb800,2022-01-02T13:00,2100
0004000000ccb800,2022-01-02T14:00,60
0004000000ccb800,2022-01-02T15:00,2040
0004000000ccb800,2022-01-02T16:00,2100
0004001000021200,2022-01-02T16:00,60
0004000000ccb800,2022-01-03T08:00,1020
0004000000ccb800,2022-01-03T09:00,3120
0004000000ccb800,2022-01-03T14:00,1920
0004000000ccb800,2022-01-03T15:00,3480
0004000000ccb800,2022-01-03T16:00,600
0004000000ccb800,2022-01-04T10:00,2460
0004000000ccb800,2022-01-04T11:00,3600
0004000000ccb800,2022-01-04T12:00,1140
0004000000051400,2022-01-04T14:00,720
0004001000021700,2022-01-04T14:00,240
0004000000ccb800,2022-01-05T13:00,2760
0004000000ccb800,2022-01-05T14:00,960
0004000000030800,2022-01-05T14:00,540
0004000000030800,2022-01-05T15:00,240
000400000d921e00,2022-01-05T19:00,240
0004000006942000,2022-01-05T19:00,180
0004000000176f00,2022-01-06T08:00,1080
0004000006942000,2022-01-06T12:00,360
0004000000ccb800,2022-01-06T13:00,1560
0004000000ccb800,2022-01-06T14:00,1080
0004000000ccb800,2022-01-06T15:00,300
0004000000ccb800,2022-01-06T17:00,960
0004000000ccb800,2022-01-06T18:00,120
000400000bcfff00,2022-01-07T20:00,120
0004000001620000,2022-01-07T20:00,120
0004003000009e00,2022-01-07T20:00,60
000400000beef500,2022-01-08T08:00,360
0004000000ccb800,2022-01-09T17:00,1500
0004000000ccb800,2022-01-09T18:00,3420
0004001000021200,2022-01-09T18:00,60
0004000000ccb800,2022-01-10T08:00,60
0004000000ccb800,2022-01-10T09:00,2940
0004000000ccb800,2022-01-10T10:00,2100
0004000000ccb800,2022-01-12T09:00,2040
0004000000ccb800,2022-01-12T10:00,3000
0004000000ccb800,2022-01-12T11:00,540
0004000000ccb800,2022-01-13T15:00,240
0004000000164600,2022-01-13T15:00,240
0004000000ccb800,2022-01-13T16:00,2820
0004000000176f00,2022-01-14T07:00,660
0004000000051400,2022-01-14T07:00,180
0004000000030800,2022-01-14T07:00,1320
0004000000030800,2022-01-14T08:00,120
0004000006942000,2022-01-16T08:00,420
0004000000ccb800,2022-01-16T13:00,1560
0004000000ccb800,2022-01-16T14:00,240
0004000000ccb800,2022-01-20T15:00,1800
0004000000ccb800,2022-01-20T16:00,2400
0004000006942000,2022-01-22T14:00,360
0004000000ccb800,2022-01-23T12:00,300
0004000000ccb800,2022-01-23T13:00,720
0004000000ccb800,2022-01-24T09:00,1560
0004000000ccb800,2022-01-24T10:00,60
0004000000ccb800,2022-01-24T11:00,2580
0004000000ccb800,2022-01-24T12:00,360
000400000beef500,2022-01-25T12:00,780
000400000f800100,2022-01-25T12:00,300
0004000000033600,2022-01-25T12:00,120
0004000000033600,2022-01-25T13:00,2220
0004000000033600,2022-01-25T14:00,2220
0004000000033600,2022-01-25T16:00,1920
0004000000033600,2022-01-25T17:00,240
0004000000033600,2022-01-25T21:00,60
000400000bcfff00,2022-01-26T08:00,60
000400000f800100,2022-01-26T08:00,120
000400000f102000,2022-01-26T08:00,60
0004000000033600,2022-01-26T08:00,3060
0004000000033600,2022-01-26T09:00,3600
0004000000033600,2022-01-26T10:00,1080
0004001000021200,2022-01-26T10:00,60
0004000000ccb800,2022-01-26T11:00,360
0004000000033600,2022-01-26T16:00,1200
0004000000033600,2022-01-27T08:00,240
0004000000033600,2022-01-27T12:00,540
0004000000033600,2022-01-27T13:00,2100
0004000000033600,2022-01-27T16:00,600
0004000000033600,2022-01-27T17:00,300
0004001000021200,2022-01-27T17:00,60
0004000000033600,2022-01-28T12:00,1200
0004000000033600,2022-01-28T13:00,1680
0004000000033600,2022-01-29T13:00,480
0004000000033600,2022-01-29T15:00,780
0004000000033600,2022-01-29T16:00,1800
0004000000033600,2022-01-29T17:00,420
0004000000033600,2022-01-30T07:00,1260
0004000000033600,2022-01-30T08:00,660
0004000000033600,2022-01-30T12:00,1020
0004000000033600,2022-01-30T13:00,360
0004000000033600,2022-01-30T16:00,720
0004000000033600,2022-01-30T17:00,1200
0004000000033600,2022-01-31T08:00,1140
0004000000033600,2022-01-31T10:00,1140
0004000000033600,2022-01-31T11:00,1200
0004000000033600,2022-01-31T12:00,660
0004000000033600,2022-01-31T13:00,1680
0004000000033600,2022-01-31T16:00,600
0004000000033600,2022-02-01T08:00,720
0004000000033600,2022-02-01T13:00,2820
0004000000033600,2022-02-01T14:00,1680
0004000000033600,2022-02-02T07:00,600
0004000000033600,2022-02-02T08:00,1380
0004000000033600,2022-02-02T13:00,1380
0004000000033600,2022-02-02T14:00,2340
0004000000033600,2022-02-03T16:00,360
0004000000033600,2022-02-03T17:00,2280
0004000000033600,2022-02-04T10:00,1800
000400000bcfff00,2022-02-04T10:00,60
000400000f800100,2022-02-04T10:00,60
0004000000033600,2022-02-04T11:00,1800
0004000000033600,2022-02-04T12:00,720
0004000000033600,2022-02-04T13:00,1980
0004000000033600,2022-02-04T14:00,120
0004001000021200,2022-02-04T17:00,180
0004000000033600,2022-02-05T08:00,1740
0004000000033600,2022-02-05T13:00,60
0004000000051400,2022-02-06T11:00,2340
0004000000051400,2022-02-06T12:00,120
0004001000021400,2022-02-06T14:00,180
0004000000ccb800,2022-02-06T14:00,1980
0004000000ccb800,2022-02-06T15:00,780
0004000000033600,2022-02-06T15:00,540
0004000000ccb800,2022-02-07T10:00,2040
0004000000ccb800,2022-02-07T11:00,2580
0004000000ccb800,2022-02-07T12:00,2520
0004000000051400,2022-02-07T15:00,300
0004000000033600,2022-02-07T15:00,1740
0004000000033600,2022-02-07T16:00,360
0004000000051400,2022-02-08T08:00,900
0004000000033600,2022-02-08T08:00,2040
0004000000033600,2022-02-08T09:00,60
0004000000033600,2022-02-08T15:00,780
0004000000033600,2022-02-08T16:00,1860
0004000000033600,2022-02-09T17:00,1500
0004000000033600,2022-02-09T18:00,180
0004000000033600,2022-02-10T11:00,1800
0004000000033600,2022-02-10T15:00,1440
0004000000033600,2022-02-10T16:00,1200
0004000006942000,2022-02-10T19:00,420
0004000006942000,2022-02-10T20:00,360
0004000000033600,2022-02-11T15:00,960
000400000f800100,2022-02-11T15:00,60
0004000001620000,2022-02-11T15:00,60
0004000000030800,2022-02-12T07:00,540
0004000000033600,2022-02-12T10:00,180
0004000000033600,2022-02-12T11:00,2220
0004000000ccb800,2022-02-12T16:00,660
0004000000ccb800,2022-02-12T17:00,1320
0004000001620000,2022-02-12T17:00,60
0004001000021400,2022-02-12T17:00,300
0004001000021500,2022-02-12T18:00,60
0004000000176f00,2022-02-13T07:00,1980
0004000000033600,2022-02-13T08:00,1380
0004000000033600,2022-02-13T11:00,1080
0004000000033600,2022-02-13T12:00,1020
0004000000033600,2022-02-13T14:00,1980
0004000000051400,2022-02-13T16:00,480
0004000000051400,2022-02-13T17:00,1020
0004000000033600,2022-02-14T14:00,2280
0004000000033600,2022-02-14T15:00,1680
0004001000021500,2022-02-14T18:00,300
0004000000033600,2022-02-15T07:00,2100
0004000000033600,2022-02-15T08:00,1380
0004001000021000,2022-02-15T14:00,120
0004001020024100,2022-02-15T14:00,300
000400000beef500,2022-02-15T14:00,2580
000400000beef500,2022-02-15T15:00,1560
000400000f800100,2022-02-15T15:00,1500
000400000f800100,2022-02-15T16:00,1140
0004001000021000,2022-02-15T16:00,120
0004000000055d00,2022-02-15T20:00,1920
0004000000055d00,2022-02-15T21:00,1020
0004000000055d00,2022-02-16T09:00,1620
0004000000055d00,2022-02-16T10:00,2880
0004000000055d00,2022-02-16T11:00,240
0004000000055d00,2022-02-16T12:00,3060
0004000000055d00,2022-02-16T13:00,2100
0004000000055d00,2022-02-16T14:00,480
000400000beef500,2022-02-16T15:00,2040
000400000f800100,2022-02-16T15:00,540
000400000f800100,2022-02-16T16:00,900
0004000000055d00,2022-02-16T16:00,2340
0004000000055d00,2022-02-17T11:00,2940
0004000000055d00,2022-02-17T12:00,2160
000400000beef500,2022-02-17T15:00,60
0004001000021400,2022-02-17T15:00,60
0004000000055e00,2022-02-17T16:00,2880
0004000000055e00,2022-02-17T17:00,240
000400000017ea00,2022-02-17T17:00,3180
000400000017ea00,2022-02-17T18:00,3420
000400000017ea00,2022-02-17T19:00,1020
000400000017ea00,2022-02-18T10:00,900
0004000000055d00,2022-02-18T12:00,900
0004000000055d00,2022-02-18T13:00,2520
0004000000033600,2022-02-18T14:00,120
0004000000055d00,2022-02-18T14:00,3060
0004000000055d00,2022-02-18T15:00,2880
000400000017ea00,2022-02-18T15:00,720
000400000017ea00,2022-02-18T16:00,1440
0004000000055d00,2022-02-19T07:00,1500
0004000000055d00,2022-02-19T08:00,1260
0004000000033600,2022-02-19T10:00,1260
0004000000055d00,2022-02-20T08:00,120
0004000000055d00,2022-02-20T09:00,3120
0004000000055d00,2022-02-20T11:00,300
0004000000055d00,2022-02-21T11:00,1260
0004000000055d00,2022-02-21T12:00,3360
0004000000055d00,2022-02-21T13:00,2340
0004000000055d00,2022-02-22T16:00,60
0004000000055d00,2022-02-22T17:00,3480
0004000000055d00,2022-02-22T18:00,3600
0004000000055d00,2022-02-22T19:00,360
0004001000021900,2022-02-24T14:00,600
0004001000021900,2022-02-24T15:00,1140
0004003000009700,2022-02-24T15:00,60
0004000000055d00,2022-02-24T18:00,2040
0004000000055d00,2022-02-24T19:00,1380
0004001000021000,2022-02-24T19:00,60
00040000000c7300,2022-02-24T19:00,120
00040000001a2d00,2022-02-24T19:00,180
00040000001a2d00,2022-02-24T20:00,1020
000480044952424f,2022-02-25T08:00,360
0004000000055d00,2022-02-25T08:00,1080
0004000000055d00,2022-02-25T09:00,2160
0004000000055d00,2022-02-25T10:00,1620
0004000000055d00,2022-02-26T07:00,2460
0004001000021000,2022-02-26T14:00,180
0004001000021200,2022-02-26T14:00,420
0004001000021800,2022-02-26T14:00,240
0004001000021700,2022-02-26T14:00,300
0004001000021400,2022-02-26T14:00,60
00040000001a2d00,2022-02-26T14:00,1020
0004000000055d00,2022-02-27T08:00,2460
0004000000055d00,2022-02-27T11:00,1620
000400000017ea00,2022-02-27T12:00,1800
000400000017ea00,2022-02-27T13:00,180
0004000000172600,2022-02-27T19:00,120
00040000005dea00,2022-02-27T19:00,120
0004800441444145,2022-02-27T19:00,60
0004000000055d00,2022-02-28T06:00,540
0004000000055d00,2022-02-28T07:00,2880
0004000000055d00,2022-02-28T08:00,1500
0004000000055d00,2022-02-28T10:00,1860
0004000000055d00,2022-02-28T11:00,3060
0004000000055d00,2022-02-28T12:00,120
000400000eb00000,2022-02-28T12:00,60
000400000017ea00,2022-02-28T12:00,2940
000400000017ea00,2022-02-28T13:00,780
0004000000055d00,2022-02-28T17:00,2460
0004000000055d00,2022-03-01T09:00,780
0004000000055d00,2022-03-01T10:00,1980
0004000000125500,2022-03-01T11:00,360
0004000000125500,2022-03-01T14:00,660
000400000017ea00,2022-03-01T14:00,2220
000400000017ea00,2022-03-01T15:00,1080
0004000000055d00,2022-03-01T15:00,1920
0004000001620000,2022-03-01T18:00,120
0004000000033600,2022-03-01T18:00,1140
0004000000055d00,2022-03-02T08:00,2460
0004000000055d00,2022-03-02T11:00,120
0004000000055d00,2022-03-02T12:00,660
0004000000055d00,2022-03-02T13:00,1620
000400000beef500,2022-03-02T14:00,360
000400000f0acc00,2022-03-02T14:00,120
000400000017ea00,2022-03-02T15:00,3480
000400000017ea00,2022-03-02T16:00,120
000400000017ea00,2022-03-02T19:00,360
0004000000055d00,2022-03-03T08:00,2220
0004000000055d00,2022-03-03T14:00,660
000400000017ea00,2022-03-03T16:00,480
000400000017ea00,2022-03-03T17:00,3600
000400000017ea00,2022-03-03T18:00,600
0004000000055d00,2022-03-04T07:00,960
0004000000055d00,2022-03-04T08:00,900
0004000000055d00,2022-03-04T18:00,60
0004000000055e00,2022-03-04T18:00,1680
000400000017ea00,2022-03-04T18:00,1380
000400000017ea00,2022-03-04T19:00,180
000400000017ea00,2022-03-05T12:00,300
000400000017ea00,2022-03-05T13:00,1440
000400000017ea00,2022-03-05T14:00,1020
0004000000055d00,2022-03-05T14:00,1560
000400000017ea00,2022-03-05T15:00,300
0004000000125500,2022-03-05T15:00,1440
0004000000033600,2022-03-06T10:00,900
0004000000125500,2022-03-06T11:00,660
000400000017ea00,2022-03-06T14:00,2100
000400000017ea00,2022-03-06T15:00,420
0004000000055d00,2022-03-06T15:00,1740
0004000000055e00,2022-03-06T16:00,1500
0004000000055e00,2022-03-06T17:00,1320
00040000000afe00,2022-03-06T17:00,60
000400000bcfff00,2022-03-06T17:00,60
000400000beef500,2022-03-06T17:00,840
0004800441444145,2022-03-06T17:00,60
000400000beef500,2022-03-06T18:00,60
000400000bcfff00,2022-03-06T18:00,60
0004000000055e00,2022-03-06T18:00,120
0004000000055d00,2022-03-07T08:00,2520
0004000000055d00,2022-03-07T09:00,780
0004000000033600,2022-03-07T11:00,1920
0004000000033600,2022-03-07T12:00,1080
000400000017ea00,2022-03-07T13:00,1740
000400000017ea00,2022-03-07T14:00,420
0004001000021500,2022-03-07T14:00,120
0004001000021400,2022-03-07T14:00,420
0004000000055e00,2022-03-07T19:00,2760
0004000000055e00,2022-03-07T20:00,120
0004000000055e00,2022-03-08T11:00,2460
0004000000055e00,2022-03-08T12:00,1200
000400000bcfff00,2022-03-08T12:00,60
000400000beef500,2022-03-08T12:00,180
000400000f0acc00,2022-03-08T12:00,60
0004000000033600,2022-03-08T14:00,780
000400000017ea00,2022-03-08T14:00,300
000400000017ea00,2022-03-08T15:00,840
0004000000055d00,2022-03-08T15:00,1560
0004000000055d00,2022-03-08T16:00,2820
0004000000033600,2022-03-08T17:00,2280
0004000000033600,2022-03-09T12:00,540
0004000000033600,2022-03-09T13:00,2220
0004000000055d00,2022-03-09T13:00,1020
0004000000055e00,2022-03-09T13:00,300
0004000000055e00,2022-03-09T14:00,3480
0004000000055e00,2022-03-09T15:00,1500
0004000000033600,2022-03-10T07:00,1260
0004000000033600,2022-03-10T08:00,1680
0004000000055d00,2022-03-10T08:00,1560
0004000000055e00,2022-03-10T08:00,300
0004000000055e00,2022-03-10T09:00,3300
000400000f0acc00,2022-03-10T09:00,60
000400000beef500,2022-03-10T09:00,180
000400000bcfff00,2022-03-10T10:00,60
000400000beef500,2022-03-10T10:00,60
0004000000033600,2022-03-10T15:00,1500
0004000000055d00,2022-03-10T15:00,240
0004000000055d00,2022-03-10T16:00,720
0004000000033600,2022-03-11T11:00,1020
0004000000033600,2022-03-11T12:00,3540
0004000000033600,2022-03-11T13:00,1020
0004000000055d00,2022-03-11T13:00,2340
0004000000055d00,2022-03-11T14:00,2700
0004000000055d00,2022-03-12T08:00,2940
0004003000009600,2022-03-12T08:00,60
0004000000055d00,2022-03-12T11:00,3060
0004000000055d00,2022-03-12T12:00,2160
0004000000033600,2022-03-12T12:00,1260
0004000000033600,2022-03-12T13:00,1740
0004000000033600,2022-03-13T09:00,1380
000400000beef500,2022-03-13T10:00,1260
000400000beef500,2022-03-13T11:00,480
000400000f800100,2022-03-13T11:00,360
00040000001b8700,2022-03-13T11:00,2040
00040000001b8700,2022-03-13T12:00,2760
000400000f800100,2022-03-13T12:00,60
0004001000021900,2022-03-13T15:00,120
00040000001b8700,2022-03-13T16:00,1260
00040000001b8700,2022-03-13T17:00,60
00040000001b8700,2022-03-14T06:00,480
00040000001b8700,2022-03-14T08:00,3060
00040000001b8700,2022-03-14T09:00,1560
0004000000055d00,2022-03-14T09:00,60
0004001000021200,2022-03-14T12:00,120
00040000001b8700,2022-03-14T12:00,1080
00040000001b8700,2022-03-14T13:00,3300
00040000001b8700,2022-03-14T14:00,3420
0004001000021900,2022-03-14T15:00,120
0004001000021900,2022-03-14T16:00,60
0004000000055e00,2022-03-14T16:00,60
0004001000021000,2022-03-14T16:00,60
00040000001b8700,2022-03-14T16:00,3000
00040000001b8700,2022-03-14T17:00,3060
0004000000055e00,2022-03-15T07:00,360
0004003000009400,2022-03-15T07:00,60
0004001000021200,2022-03-15T07:00,60
0004000000033600,2022-03-15T07:00,540
0004000000033600,2022-03-15T08:00,1620
00040000001b8700,2022-03-15T08:00,1500
00040000001b8700,2022-03-15T09:00,3300
00040000001b8700,2022-03-15T10:00,3240
0004000000033600,2022-03-15T11:00,720
000400000eb00000,2022-03-15T11:00,120
00040000001b8700,2022-03-15T11:00,1260
00040000001b8700,2022-03-15T12:00,1980
0004000000055d00,2022-03-15T13:00,2220
0004000000055e00,2022-03-15T15:00,1380
0004000000055e00,2022-03-15T16:00,240
0004000000055d00,2022-03-16T10:00,1980
00040000001b8700,2022-03-16T10:00,180
00040000001b8700,2022-03-16T11:00,3540
00040000001b8700,2022-03-16T12:00,3300
00040000001b8700,2022-03-16T13:00,240
0004000000055e00,2022-03-16T16:00,900
000400000bcfff00,2022-03-16T16:00,120
000400000beef500,2022-03-16T16:00,60
0004001000021200,2022-03-16T16:00,60
0004000000033600,2022-03-16T16:00,960
000400000f102000,2022-03-16T17:00,360
0004000006942000,2022-03-16T20:00,240
0004000000033600,2022-03-17T08:00,240
00040000001b8700,2022-03-17T08:00,1140
00040000001b8700,2022-03-17T10:00,180
00040000001b8700,2022-03-17T11:00,3600
00040000001b8700,2022-03-17T12:00,1380
0004000000055e00,2022-03-17T16:00,420
0004000000033600,2022-03-18T10:00,120
0004000000176f00,2022-03-18T10:00,300
0004001000021000,2022-03-18T10:00,300
0004000000055d00,2022-03-18T10:00,480
0004000000176f00,2022-03-18T11:00,120
00040000001b8700,2022-03-18T12:00,1800
00040000001b8700,2022-03-18T15:00,2220
00040000001b8700,2022-03-18T16:00,1380
00040000001b8700,2022-03-18T19:00,2760
00040000001b8700,2022-03-18T20:00,1500
00040000001b8700,2022-03-19T07:00,1200
00040000001b8700,2022-03-19T08:00,2520
0004001000021200,2022-03-19T10:00,120
0004000000055e00,2022-03-19T10:00,360
000400000bcfff00,2022-03-19T10:00,120
000400000beef500,2022-03-19T10:00,300
0004000000055e00,2022-03-19T11:00,2400
00040000001b8700,2022-03-19T17:00,900
00040000001b8700,2022-03-19T18:00,1320
0004000000055e00,2022-03-19T18:00,1080
000400000beef500,2022-03-19T18:00,120
0004000006942000,2022-03-19T19:00,240
0004000006942000,2022-03-19T20:00,600
0004000006942000,2022-03-19T21:00,60
00040000001b8700,2022-03-20T08:00,360
00040000001b8700,2022-03-20T09:00,3540
00040000001b8700,2022-03-20T10:00,2040
00040000001b8700,2022-03-20T11:00,1980
00040000001b8700,2022-03-20T12:00,2040
00040000001b8700,2022-03-20T13:00,120
0004000000055e00,2022-03-20T17:00,1620
0004000000055e00,2022-03-20T18:00,1320
000400000beef500,2022-03-21T11:00,60
000400000eb00000,2022-03-21T11:00,60
0004001000021500,2022-03-21T12:00,60
0004000000033600,2022-03-21T12:00,240
00040000001b8700,2022-03-21T12:00,1320
0004000000033600,2022-03-21T17:00,3600
0004000000033600,2022-03-21T18:00,1920
00040000001b8700,2022-03-22T07:00,2880
00040000001b8700,2022-03-22T08:00,2520
00040000001b8700,2022-03-22T14:00,840
0004000000055e00,2022-03-22T17:00,2820
0004000000055e00,2022-03-22T18:00,3420
00040000001b8700,2022-03-22T20:00,2040
0004000000033600,2022-03-23T09:00,240
0004000000033600,2022-03-23T10:00,2940
0004000000033600,2022-03-23T11:00,60
00040000001b8700,2022-03-23T11:00,3480
00040000001b8700,2022-03-23T12:00,3600
00040000001b8700,2022-03-23T13:00,3600
00040000001b8700,2022-03-23T15:00,660
00040000001b8700,2022-03-23T16:00,240
0004000000055e00,2022-03-23T17:00,2100
0004000000055e00,2022-03-23T18:00,3240
0004000000033600,2022-03-24T07:00,1200
0004000000033600,2022-03-24T08:00,3180
0004000000103000,2022-03-24T09:00,300
000400000beef500,2022-03-24T09:00,480
000400000f800100,2022-03-24T09:00,60
000400000d921e00,2022-03-24T09:00,60
000400000f800100,2022-03-24T10:00,120
00040000001b8700,2022-03-24T10:00,2880
00040000001b8700,2022-03-24T11:00,3600
00040000001b8700,2022-03-24T12:00,2100
00040000001b8700,2022-03-24T13:00,3480
00040000001b8700,2022-03-24T14:00,180
000400000beef500,2022-03-24T14:00,1260
0004000001620000,2022-03-24T14:00,300
000400000f800100,2022-03-24T14:00,60
0004000000055e00,2022-03-24T17:00,540
0004000000055e00,2022-03-24T18:00,3600
0004000000055e00,2022-03-24T19:00,1560
0004001000021900,2022-03-25T07:00,60
00040000001b8700,2022-03-25T08:00,900
0004001000021900,2022-03-25T08:00,420
000400000f800100,2022-03-25T08:00,180
00040000001deb00,2022-03-25T08:00,60
000400000d921e00,2022-03-25T08:00,240
00040000000afe00,2022-03-25T08:00,180
0004000000033600,2022-03-25T10:00,1620
00040000001b8700,2022-03-25T10:00,300
00040000001b8700,2022-03-25T11:00,3480
0004003000009300,2022-03-25T11:00,60
00040000001b8700,2022-03-25T12:00,1980
0004003000009400,2022-03-25T14:00,60
00040000000c9b00,2022-03-25T14:00,180
0004001000021200,2022-03-25T17:00,120
0004003000009600,2022-03-25T17:00,60
0004000000055e00,2022-03-25T17:00,180
0004000000055e00,2022-03-25T18:00,3600
0004000000055e00,2022-03-25T19:00,1500
0004000000055e00,2022-03-25T20:00,300
0004000000055d00,2022-03-26T06:00,1440
0004000000033600,2022-03-26T07:00,180
0004000000033600,2022-03-26T08:00,960
0004000000055e00,2022-03-26T08:00,1560
0004000000055e00,2022-03-26T09:00,960
0004001000021000,2022-03-26T09:00,60
0004001000021700,2022-03-26T09:00,120
00040000001b8700,2022-03-27T07:00,300
00040000001b8700,2022-03-27T08:00,1800
00040000001b8700,2022-03-27T09:00,3000
0004000000055e00,2022-03-27T14:00,1680
0004000000055e00,2022-03-27T15:00,120
0004001000021400,2022-03-28T11:00,180
0004001000021200,2022-03-28T11:00,60
000400000bcfff00,2022-03-28T11:00,60
000400000beef500,2022-03-28T12:00,60
0004000000055e00,2022-03-28T12:00,2820
0004003000009300,2022-03-28T12:00,120
00040000001b8700,2022-03-28T13:00,3180
00040000001b8700,2022-03-28T14:00,420
00040000001b8700,2022-03-28T17:00,480
00040000001b8700,2022-03-28T18:00,1740
00040000001b8700,2022-03-29T12:00,3120
00040000001b8700,2022-03-29T13:00,180
0004000006942000,2022-03-30T06:00,60
000400000beef500,2022-03-30T07:00,360
0004000000055e00,2022-03-30T07:00,960
000400000bcfff00,2022-03-30T07:00,60
0004003000009300,2022-03-30T07:00,240
0004000000055e00,2022-03-30T17:00,120
0004000000055e00,2022-03-30T18:00,1020
000400000beef500,2022-03-30T18:00,120
000400000bcfff00,2022-03-30T18:00,60
0004000000055d00,2022-03-31T12:00,1860
0004000000055d00,2022-03-31T13:00,840
0004800441444145,2022-03-31T17:00,1620
0004800441444145,2022-03-31T18:00,3480
0004800441444145,2022-03-31T19:00,2340
0004000000055d00,2022-04-01T15:00,1080
0004000000055d00,2022-04-01T16:00,3120
0004000000055d00,2022-04-01T17:00,1560
0004000000033600,2022-04-02T13:00,600
0004000000033600,2022-04-02T14:00,2640
0004800441444145,2022-04-02T21:00,960
0004000000055d00,2022-04-03T11:00,300
0004000000055d00,2022-04-03T12:00,600
0004800441444145,2022-04-03T12:00,2700
0004800441444145,2022-04-03T13:00,60
0004000000055d00,2022-04-03T13:00,1500
0004000000055d00,2022-04-03T14:00,1260
000400000beef500,2022-04-03T14:00,60
0004000000055d00,2022-04-04T11:00,1380
0004000000055d00,2022-04-04T12:00,3360
0004000000055d00,2022-04-04T13:00,2100
0004000000055d00,2022-04-05T11:00,2160
0004000000055d00,2022-04-05T12:00,1440
0004000000033600,2022-04-05T15:00,900
000400000beef500,2022-04-05T15:00,60
000400000eb00000,2022-04-05T15:00,60
0004000000033600,2022-04-05T16:00,1200
000400000eb00000,2022-04-06T17:00,60
0004000000033600,2022-04-06T17:00,540
0004000000033600,2022-04-07T10:00,180
0004000000164600,2022-04-07T10:00,720
000400000017ea00,2022-04-07T10:00,180
000400000017ea00,2022-04-07T11:00,1620
00040000001b8700,2022-04-07T11:00,120
00040000001b8700,2022-04-07T12:00,3420
00040000001b8700,2022-04-07T13:00,180
00040000001b8700,2022-04-08T12:00,1140
00040000001b8700,2022-04-08T13:00,3600
00040000001b8700,2022-04-08T14:00,240
00040000001b8700,2022-04-09T13:00,2220
0004003000009300,2022-04-09T13:00,60
00040000001b8700,2022-04-09T14:00,1380
0004003000009300,2022-04-09T14:00,60
0004000000033600,2022-04-09T14:00,1620
0004000000172600,2022-04-09T15:00,60
0004003000009300,2022-04-09T15:00,60
00040000001b8700,2022-04-09T15:00,1740
00040000001b8700,2022-04-09T16:00,3600
00040000001b8700,2022-04-09T17:00,300
00040000001b8700,2022-04-10T08:00,2040
00040000001b8700,2022-04-10T17:00,1620
00040000001b8700,2022-04-10T18:00,2940
0004000006942000,2022-04-10T19:00,240
00040000001b8700,2022-04-11T11:00,1260
00040000001b8700,2022-04-11T12:00,3420
00040000001b8700,2022-04-11T13:00,900
00040000001b8700,2022-04-11T14:00,300
0004000000033600,2022-04-11T15:00,780
0004000000055e00,2022-04-11T15:00,540
00040000001b8700,2022-04-12T16:00,2520
00040000001b8700,2022-04-12T17:00,1200
00040000001b8700,2022-04-13T11:00,2460
0004000000176f00,2022-04-14T11:00,60
000400000017ea00,2022-04-14T11:00,1440
000400000017ea00,2022-04-14T12:00,1500
0004000000033600,2022-04-14T14:00,1620
0004000000033600,2022-04-14T15:00,960
0004000000033600,2022-04-15T08:00,2280
0004000000033600,2022-04-15T09:00,420
00040000001b8700,2022-04-15T14:00,240
0004000000033600,2022-04-15T17:00,2460
0004000000033600,2022-04-15T18:00,780
0004000000033600,2022-04-16T10:00,3120
0004000000033600,2022-04-16T11:00,360
000400000017ea00,2022-04-16T16:00,840
000400000017ea00,2022-04-16T17:00,3600
000400000017ea00,2022-04-16T18:00,660
0004000000033600,2022-04-17T08:00,1740
0004000000033600,2022-04-17T09:00,3420
000400000017ea00,2022-04-17T15:00,2220
000400000017ea00,2022-04-17T16:00,3480
000400000017ea00,2022-04-17T17:00,2340
000400000017ea00,2022-04-18T12:00,1020
000400000017ea00,2022-04-18T13:00,1260
000400000017ea00,2022-04-18T15:00,2580
000400000017ea00,2022-04-18T16:00,1200
0004001000021e00,2022-04-19T15:00,1020
0004001000021e00,2022-04-19T16:00,660
0004001000021200,2022-04-19T17:00,120
0004000000033600,2022-04-19T17:00,1740
0004001000021000,2022-04-19T17:00,240
0004000000033600,2022-04-20T08:00,60
0004000000033600,2022-04-20T09:00,1740
000400000017ea00,2022-04-20T09:00,120
000400000017ea00,2022-04-20T15:00,300
000400000017ea00,2022-04-20T16:00,1500
0004800441444145,2022-04-24T08:00,1380
00040000005dea00,2022-04-24T08:00,1080
0004000000055e00,2022-04-24T08:00,660
0004000000033600,2022-04-24T17:00,3540
0004000000033600,2022-04-24T18:00,720
0004000000033600,2022-04-27T08:00,1740
0004000000033600,2022-04-27T09:00,1140
0004001020021d00,2022-04-29T21:00,240
00040000001b8700,2022-04-30T12:00,2040
00040000001b8700,2022-04-30T13:00,600
0004000000033600,2022-04-30T13:00,1080
0004000000033600,2022-04-30T16:00,720
0004000000033600,2022-04-30T17:00,2160
0004000000033600,2022-05-01T11:00,2760
0004000000033600,2022-05-01T12:00,780
00040000001b8700,2022-05-01T12:00,2760
00040000001b8700,2022-05-01T13:00,60
00040000001b8700,2022-05-02T18:00,3600
00040000001b8700,2022-05-02T19:00,1380
0004001000021200,2022-05-02T19:00,60
00040000001b8700,2022-05-03T08:00,1620
00040000001b8700,2022-05-03T09:00,2280
00040000001b8700,2022-05-03T12:00,1800
00040000001b8700,2022-05-03T13:00,1620
000400000beef500,2022-05-03T14:00,240
0004000000033600,2022-05-03T16:00,2100
00040000001b8700,2022-05-03T19:00,1440
0004000006942000,2022-05-03T19:00,180
00040000001b8700,2022-05-04T18:00,1740
00040000001b8700,2022-05-04T19:00,1980
00040000001b8700,2022-05-05T10:00,2520
0004000000033600,2022-05-05T15:00,840
0004000000033600,2022-05-05T16:00,2340
0004000006942000,2022-05-05T17:00,240
0004000006942000,2022-05-05T18:00,1080
00040000001b8700,2022-05-06T10:00,960
00040000001b8700,2022-05-07T15:00,2280
00040000001b8700,2022-05-07T16:00,840
00040000001b8700,2022-05-08T15:00,2640
00040000001b8700,2022-05-08T16:00,2580
0004000000030800,2022-05-09T10:00,1080
0004000000176f00,2022-05-09T10:00,480
0004000000176f00,2022-05-09T11:00,660
00040000001b8700,2022-05-09T18:00,2400
0004000000176f00,2022-05-10T06:00,1140
0004000000176f00,2022-05-10T07:00,360
0004000000055e00,2022-05-11T12:00,360
0004000000055e00,2022-05-11T13:00,1380
000400000beef500,2022-05-11T14:00,60
000400000f800100,2022-05-11T14:00,60
000400000ec10000,2022-05-11T14:00,300
000400000ec10000,2022-05-12T06:00,420
0004000000055e00,2022-05-12T06:00,60
0004000000055e00,2022-05-12T07:00,840
000400000ec10000,2022-05-12T07:00,120
0004000000055e00,2022-05-12T10:00,1140
0004000000055e00,2022-05-12T11:00,3060
000400000ec10000,2022-05-12T11:00,240
0004000000055e00,2022-05-12T12:00,2340
0004000000055e00,2022-05-12T16:00,1140
0004000000055e00,2022-05-12T17:00,60
0004000000055e00,2022-05-13T08:00,900
0004000000055e00,2022-05-13T09:00,3300
0004000000055e00,2022-05-13T10:00,780
0004001000021900,2022-05-13T11:00,300
00040000000c6600,2022-05-13T11:00,660
00040000000c6600,2022-05-13T12:00,360
00040000000c6600,2022-05-13T13:00,2880
000400000f800100,2022-05-13T13:00,60
0004000001620000,2022-05-13T13:00,60
000400000ec60000,2022-05-13T13:00,60
0004001000021400,2022-05-13T13:00,60
00040000000c6600,2022-05-13T18:00,2340
00040000000c6600,2022-05-13T19:00,1620
00040000000c6600,2022-05-14T08:00,960
00040000000c6600,2022-05-14T09:00,300
0004000000055e00,2022-05-14T12:00,2160
0004000000055e00,2022-05-14T13:00,1680
000400000beef500,2022-05-14T15:00,540
00040000000c6600,2022-05-14T15:00,120
0004000000055e00,2022-05-15T09:00,2280
000400000ec10000,2022-05-15T09:00,240
0004000000055e00,2022-05-15T10:00,1200
0004000000055e00,2022-05-15T13:00,1020
0004000000055e00,2022-05-15T14:00,3600
0004000000055e00,2022-05-15T15:00,180
00040000001b8700,2022-05-15T16:00,2040
00040000001b8700,2022-05-15T17:00,360
0004000000055e00,2022-05-16T10:00,1680
0004000000055e00,2022-05-16T11:00,1740
0004000006942000,2022-05-16T12:00,120
0004003000009700,2022-05-16T12:00,60
0004003000009600,2022-05-16T14:00,60
0004000000055e00,2022-05-16T14:00,1800
0004000000055e00,2022-05-16T16:00,1080
0004000000055e00,2022-05-16T17:00,60
0004000000055e00,2022-05-16T18:00,3060
0004000000055e00,2022-05-17T09:00,3060
0004000000055e00,2022-05-17T10:00,2040
0004000000055e00,2022-05-17T19:00,2460
0004000000055e00,2022-05-17T20:00,2880
0004000000055e00,2022-05-18T06:00,60
0004000000055e00,2022-05-18T07:00,3300
0004000000055e00,2022-05-18T18:00,1080
0004001000021700,2022-05-19T08:00,60
0004000000055e00,2022-05-19T08:00,840
0004000000055e00,2022-05-19T13:00,780
0004000000055e00,2022-05-19T17:00,3360
0004000000033600,2022-05-20T07:00,1860
0004000000055e00,2022-05-20T07:00,1320
0004000000055e00,2022-05-20T08:00,1320
0004000000033600,2022-05-20T18:00,1380
0004000000033600,2022-05-20T19:00,240
0004000000033600,2022-05-21T08:00,1320
0004000000033600,2022-05-21T09:00,1620
0004000000055d00,2022-05-21T14:00,420
0004000000055d00,2022-05-21T15:00,2400
0004000000055e00,2022-05-21T17:00,3180
0004000000055e00,2022-05-21T18:00,900
0004000000033600,2022-05-22T16:00,120
0004001000021200,2022-05-22T16:00,60
000400000bcfff00,2022-05-22T19:00,60
000400000beef500,2022-05-22T19:00,60
0004000000033600,2022-05-23T09:00,1500
0004000000033600,2022-05-23T10:00,3060
00040000001b8700,2022-05-23T13:00,120
00040000001b8700,2022-05-23T14:00,2820
0004000000033600,2022-05-23T17:00,180
0004000000033600,2022-05-23T18:00,960
0004000000055e00,2022-05-23T18:00,2160
0004000000055e00,2022-05-23T19:00,2040
000400000ec10000,2022-05-23T19:00,300
0004000006942000,2022-05-23T21:00,180
0004000000055e00,2022-05-24T07:00,2700
0004000000055e00,2022-05-24T08:00,1800
000400000ec10000,2022-05-24T16:00,60
000400000beef500,2022-05-24T16:00,240
000400000bcfff00,2022-05-24T16:00,60
0004000000055e00,2022-05-25T14:00,2220
0004000000033600,2022-05-25T14:00,120
0004000000033600,2022-05-25T15:00,360
0004000006942000,2022-05-26T07:00,300
0004000000033600,2022-05-26T07:00,660
0004000000125500,2022-05-26T10:00,120
0004000000125500,2022-05-26T11:00,480
0004000000125500,2022-05-26T12:00,300
000400000eb00000,2022-05-26T12:00,60
0004000000033600,2022-05-26T19:00,180
0004000000033600,2022-05-26T20:00,3600
0004000000033600,2022-05-26T21:00,300
0004000006942000,2022-05-27T06:00,180
0004000006942000,2022-05-27T07:00,60
0004000000033600,2022-05-27T14:00,2700
0004000000033600,2022-05-27T19:00,1020
0004000000033600,2022-05-27T20:00,2460
00040000005dea00,2022-05-28T07:00,180
0004800441444145,2022-05-28T07:00,180
00040000001b8700,2022-05-28T11:00,1320
0004000000033600,2022-05-28T17:00,420
0004000000033600,2022-05-28T18:00,180
0004000006942000,2022-05-29T07:00,120
0004001000021200,2022-05-29T08:00,240
0004000000033600,2022-05-29T08:00,720
0004000000033600,2022-05-29T09:00,2340
000400000bcfff00,2022-05-29T14:00,60
0004800453524c41,2022-05-29T14:00,120
00040000001a2d00,2022-05-29T14:00,60
00040000000c6600,2022-05-29T14:00,420
0004000000030800,2022-05-29T14:00,1260
0004000000033600,2022-05-29T15:00,1380
0004000000030800,2022-05-29T15:00,900
0004000000030800,2022-05-29T16:00,600
0004000000033600,2022-05-30T14:00,720
0004000000033600,2022-05-30T15:00,3420
0004000000033600,2022-05-30T16:00,420
0004000000030800,2022-05-31T08:00,1080
0004000000033600,2022-05-31T16:00,60
00040000001b8700,2022-05-31T16:00,660
00040000001b8700,2022-05-31T17:00,2700
000400000beef500,2022-05-31T19:00,120
00040000000afe00,2022-05-31T19:00,540
0004000000030800,2022-06-01T08:00,480
0004000000176f00,2022-06-01T08:00,600
0004000006942000,2022-06-01T17:00,120
0004000000033600,2022-06-02T08:00,2700
0004000000033600,2022-06-02T09:00,780
0004000006942000,2022-06-02T09:00,240
00040000000afe00,2022-06-03T07:00,60
0004000000055e00,2022-06-03T07:00,780
0004000000055e00,2022-06-03T08:00,3360
0004000000055e00,2022-06-03T09:00,300
0004000000033600,2022-06-03T09:00,3120
0004000000033600,2022-06-03T10:00,240
0004000000033600,2022-06-03T13:00,60
0004001000021200,2022-06-03T13:00,180
00040000000afe00,2022-06-03T16:00,60
000400000d921e00,2022-06-03T16:00,300
000400000bafe000,2022-06-03T16:00,60
000400000f800100,2022-06-03T16:00,60
0004000000030800,2022-06-03T16:00,1860
0004000000030800,2022-06-03T17:00,2340
000400000beef500,2022-06-03T18:00,1980
000400000f800100,2022-06-03T18:00,120
0004800453524c41,2022-06-03T18:00,60
000400000beef500,2022-06-04T07:00,300
0004800453524c41,2022-06-04T07:00,60
000400000beef500,2022-06-04T08:00,60
000400000d921e00,2022-06-04T08:00,60
00048004415a4545,2022-06-04T08:00,3240
00048004415a4545,2022-06-04T09:00,2340
0004001000021200,2022-06-04T09:00,60
00048004415a4545,2022-06-04T12:00,840
00048004415a4545,2022-06-04T13:00,3540
00048004415a4545,2022-06-04T14:00,420
00048004415a4545,2022-06-05T07:00,300
00048004415a4545,2022-06-05T08:00,2040
00048004415a4545,2022-06-05T09:00,2400
00048004415a4545,2022-06-05T11:00,360
00048004415a4545,2022-06-05T12:00,3060
00048004415a4545,2022-06-06T11:00,840
00048004415a4545,2022-06-06T12:00,1500
00048004415a4545,2022-06-07T09:00,1020
00048004415a4545,2022-06-07T10:00,3600
00048004415a4545,2022-06-07T11:00,780
00048004415a4545,2022-06-07T13:00,660
00048004415a4545,2022-06-07T14:00,1440
0004000000055e00,2022-06-07T15:00,780
0004003000009700,2022-06-07T15:00,60
0004000000030800,2022-06-07T15:00,240
0004000000030800,2022-06-07T16:00,900
00048004415a4545,2022-06-08T07:00,180
00048004415a4545,2022-06-08T08:00,1860
00048004415a4545,2022-06-08T12:00,1260
00048004415a4545,2022-06-08T13:00,1620
00048004415a4545,2022-06-09T11:00,1080
00048004415a4545,2022-06-09T12:00,2100
00048004415a4545,2022-06-09T13:00,2640
0004001000021700,2022-06-09T18:00,540
00048004415a4545,2022-06-09T18:00,1680
00048004415a4545,2022-06-09T19:00,600
0004000000030800,2022-06-10T07:00,300
0004000000030800,2022-06-10T08:00,1560
00048004415a4545,2022-06-10T08:00,480
00040000000c6600,2022-06-10T10:00,1800
00048004415a4545,2022-06-10T18:00,2760
00048004415a4545,2022-06-10T19:00,900
00048004415a4545,2022-06-11T08:00,1080
00048004415a4545,2022-06-12T11:00,60
00048004415a4545,2022-06-12T12:00,2100
00048004415a4545,2022-06-12T13:00,1320
00048004415a4545,2022-06-12T17:00,2820
00048004415a4545,2022-06-12T18:00,1080
00048004415a4545,2022-06-13T07:00,660
00048004415a4545,2022-06-13T18:00,2820
00048004415a4545,2022-06-13T19:00,2880
00048004415a4545,2022-06-14T12:00,660
00048004415a4545,2022-06-14T16:00,1800
00048004415a4545,2022-06-16T07:00,2400
0004000001620000,2022-06-17T13:00,120
00040000000c6600,2022-06-17T13:00,120
00040000000c6600,2022-06-17T14:00,360
0004000000055e00,2022-06-17T14:00,1740
0004000000055e00,2022-06-17T15:00,300
0004000006942000,2022-06-18T07:00,660
0004000000055e00,2022-06-18T07:00,1620
000400000ec10000,2022-06-18T07:00,120
0004000000055e00,2022-06-18T08:00,1140
0004000006942000,2022-06-18T08:00,360
0004001000021200,2022-06-18T13:00,60
0004000000030800,2022-06-18T13:00,360
0004000006942000,2022-06-18T13:00,300
0004000006942000,2022-06-18T14:00,360
00040000001b8700,2022-06-18T16:00,240
0004000000033600,2022-06-18T16:00,420
0004000000125500,2022-06-18T16:00,120
0004000000030800,2022-06-18T16:00,120
0004000000055e00,2022-06-18T21:00,840
00040000001b8700,2022-06-19T07:00,1260
00040000001b8700,2022-06-19T08:00,60
0004000000055e00,2022-06-19T08:00,3060
0004003000009300,2022-06-19T08:00,60
0004003000009600,2022-06-19T08:00,60
0004003000009400,2022-06-19T08:00,60
000400300000bd00,2022-06-19T08:00,60
0004000000055e00,2022-06-19T09:00,60
0004000000055e00,2022-06-19T17:00,120
0004000000055e00,2022-06-19T18:00,840
0004000000030800,2022-06-19T19:00,240
0004000000055e00,2022-06-19T20:00,1560
0004000006942000,2022-06-19T21:00,660
000400000017ea00,2022-06-20T08:00,3000
000400000017ea00,2022-06-20T09:00,1320
00040000001b8700,2022-06-20T11:00,2820
0004000000055e00,2022-06-20T16:00,3240
000400000017ea00,2022-06-21T07:00,960
0004000000055e00,2022-06-21T07:00,1500
00040000001b8700,2022-06-21T12:00,1680
00040000001b8700,2022-06-21T13:00,2340
000400000017ea00,2022-06-21T14:00,1260
000400000017ea00,2022-06-21T15:00,2940
000400000017ea00,2022-06-21T18:00,2400
000400000017ea00,2022-06-21T19:00,1380
000400000017ea00,2022-06-23T07:00,420
000400000017ea00,2022-06-23T08:00,2880
0004000006942000,2022-06-23T18:00,300
0004001000021200,2022-06-24T12:00,60
000480044952424f,2022-06-24T12:00,60
0004000000055d00,2022-06-24T12:00,780
00040000001b8700,2022-06-24T12:00,660
00040000001b8700,2022-06-24T13:00,960
0004003000009300,2022-06-24T13:00,60
000400000015d800,2022-06-24T13:00,60
0004000000030800,2022-06-24T13:00,1320
0004000000030800,2022-06-24T14:00,2040
0004000000176f00,2022-06-24T14:00,240
0004001000021200,2022-06-24T14:00,60
0004000000051400,2022-06-24T14:00,540
000400000015d800,2022-06-24T14:00,540
0004000000030800,2022-06-24T15:00,1740
0004001000021700,2022-06-24T15:00,660
0004001000021400,2022-06-24T19:00,180
000400000f102000,2022-06-24T20:00,120
000400000017ea00,2022-06-24T20:00,1920
000400000017ea00,2022-06-25T07:00,3240
000400000017ea00,2022-06-25T08:00,600
00040000001b8700,2022-06-25T11:00,2820
0004003000009300,2022-06-25T11:00,60
0004003000009300,2022-06-25T12:00,240
00040000001b8700,2022-06-25T12:00,1020
000400000017ea00,2022-06-25T14:00,780
000400000017ea00,2022-06-25T15:00,480
000400000017ea00,2022-06-26T11:00,2040
000400000017ea00,2022-06-26T12:00,960
00040000001b8700,2022-06-26T12:00,2340
00040000001b8700,2022-06-26T15:00,1740
00040000001b8700,2022-06-26T16:00,3600
00040000001b8700,2022-06-26T17:00,360
000400000017ea00,2022-06-26T20:00,1560
00040000001b8700,2022-06-27T11:00,2100
00040000001b8700,2022-06-27T12:00,3540
000400000017ea00,2022-06-27T15:00,1440
000400000017ea00,2022-06-27T16:00,2940
000400000017ea00,2022-06-28T20:00,360
000400000017ea00,2022-06-29T10:00,60
000400000017ea00,2022-06-29T11:00,2100
00040000001b8700,2022-06-29T11:00,660
00040000001b8700,2022-06-29T12:00,1200
0004000000030800,2022-06-29T17:00,960
000400000017ea00,2022-06-30T11:00,2100
0004001000021700,2022-06-30T11:00,180
0004001020021d00,2022-06-30T11:00,180
0004001020021d00,2022-06-30T12:00,600
0004000000030800,2022-07-01T16:00,1620
0004000000176f00,2022-07-01T16:00,240
0004000000030800,2022-07-01T17:00,60
000400000017ea00,2022-07-02T15:00,2280
000400000017ea00,2022-07-02T16:00,1920
000400000017ea00,2022-07-02T17:00,2340
0004001020021d00,2022-07-02T17:00,300
0004001020021d00,2022-07-02T18:00,1080
000400000f102000,2022-07-02T18:00,660
0004000006942000,2022-07-02T20:00,360
0004000006942000,2022-07-02T21:00,120
0004000000030800,2022-07-03T09:00,1320
0004001000021400,2022-07-03T12:00,60
000400000017ea00,2022-07-03T18:00,1860
000400000017ea00,2022-07-03T19:00,1380
0004000006942000,2022-07-04T18:00,240
0004000006942000,2022-07-04T19:00,240
000400000017ea00,2022-07-05T19:00,720
000400000017ea00,2022-07-06T15:00,600
000400000017ea00,2022-07-06T16:00,720
0004000000125500,2022-07-08T15:00,900
0004000000125500,2022-07-08T16:00,780
000400000017ea00,2022-07-08T17:00,1740
000400000017ea00,2022-07-08T18:00,3480
000400000017ea00,2022-07-08T19:00,720
0004000006942000,2022-07-08T19:00,300
0004000006942000,2022-07-08T20:00,720
0004000000055e00,2022-07-09T08:00,1560
000400000017ea00,2022-07-09T17:00,1380
000400000017ea00,2022-07-09T18:00,2220
0004000006942000,2022-07-09T20:00,360
0004000000033600,2022-07-09T20:00,120
0004000000033600,2022-07-10T07:00,3060
0004000000033600,2022-07-10T08:00,60
000400000017ea00,2022-07-10T09:00,2100
000400000017ea00,2022-07-10T17:00,1320
000400000017ea00,2022-07-10T18:00,2580
0004001020021d00,2022-07-10T18:00,120
0004000000030800,2022-07-10T18:00,60
0004001020021d00,2022-07-11T20:00,360
0004001000021400,2022-07-11T20:00,720
00040000001b8700,2022-07-11T20:00,60
0004003000009300,2022-07-11T20:00,60
0004000000033600,2022-07-12T14:00,1380
0004000000033600,2022-07-12T15:00,480
0004001020021d00,2022-07-12T17:00,240
0004001000021e00,2022-07-12T17:00,2280
0004000000033600,2022-07-14T13:00,420
0004000000033600,2022-07-14T14:00,1920
0004000000176f00,2022-07-14T18:00,60
0004000000164600,2022-07-14T18:00,840
0004000000164600,2022-07-14T19:00,780
000400300000bd00,2022-07-15T14:00,60
0004001020021d00,2022-07-15T14:00,120
000400000f701400,2022-07-15T14:00,360
0004000000125500,2022-07-15T14:00,840
0004000000125500,2022-07-15T15:00,1800
0004000000164600,2022-07-15T16:00,240
0004000000164600,2022-07-15T17:00,1080
0004000000141000,2022-07-15T17:00,1680
0004000000164600,2022-07-16T13:00,480
0004000000164600,2022-07-16T14:00,720
0004000000141000,2022-07-16T14:00,1020
00040000000c6600,2022-07-16T15:00,780
000400000017ea00,2022-07-16T18:00,180
0004000000125500,2022-07-16T18:00,1500
0004000000164600,2022-07-17T18:00,1200
0004000000125500,2022-07-18T14:00,1140
0004000000125500,2022-07-18T15:00,1020
0004001000021500,2022-07-19T17:00,1680
0004001000021000,2022-07-19T18:00,120
0004000000051400,2022-07-19T18:00,2700
0004000000051400,2022-07-21T13:00,900
0004000000051400,2022-07-21T14:00,900
0004000000164600,2022-07-21T14:00,600
0004000000164600,2022-07-21T15:00,240
0004000000164600,2022-07-21T18:00,120
0004000000051400,2022-07-22T14:00,2520
0004000000051400,2022-07-22T15:00,1140
0004000000030800,2022-07-22T15:00,840
0004000000164600,2022-07-23T11:00,600
0004000000051400,2022-07-23T14:00,1680
00040000001b8700,2022-07-23T14:00,480
00040000001b8700,2022-07-23T15:00,2580
0004000000051400,2022-07-24T16:00,1260
0004000006942000,2022-07-24T20:00,60
0004000006942000,2022-07-25T19:00,120
0004000000125500,2022-07-26T13:00,480
0004000000125500,2022-07-26T14:00,3060
0004000000164600,2022-07-26T16:00,2280
00040000001b8700,2022-07-26T16:00,660
00040000001b8700,2022-07-26T17:00,1620
0004000000051400,2022-07-27T15:00,1680
0004000000164600,2022-07-27T16:00,360
00040000001b8700,2022-07-27T16:00,1980
0004000000164600,2022-07-28T17:00,720
00040000001b8700,2022-07-28T17:00,120
00040000001b8700,2022-07-28T18:00,120
0004000000051400,2022-07-29T13:00,1320
0004000000033600,2022-07-29T13:00,780
0004000000033600,2022-07-29T14:00,780
0004000000051400,2022-07-30T10:00,480
0004000000051400,2022-07-30T11:00,840
00040000001b8700,2022-07-30T16:00,2160
00040000001b8700,2022-07-30T17:00,1140
0004000000164600,2022-07-30T17:00,600
0004000000141000,2022-07-30T17:00,960
0004000000051400,2022-07-31T09:00,240
0004000000030800,2022-07-31T09:00,900
00040000001b8700,2022-08-02T17:00,60
0004000000033600,2022-08-03T14:00,900
0004000006942000,2022-08-03T20:00,1500
0004000006942000,2022-08-03T21:00,120
0004000000030800,2022-08-06T14:00,1200
0004000000153500,2022-08-06T14:00,720
0004000000164600,2022-08-06T14:00,300
0004000000141000,2022-08-06T14:00,60
0004000000176f00,2022-08-06T14:00,60
0004003000009400,2022-08-06T14:00,660
0004001000021000,2022-08-06T15:00,120
00040000001b8700,2022-08-06T15:00,1140
00040000001b8700,2022-08-07T08:00,900
00040000001b8700,2022-08-07T09:00,1620
0004000000030800,2022-08-09T06:00,840
0004001000021200,2022-08-09T06:00,60
0004001000021900,2022-08-09T06:00,600
0004001000021900,2022-08-09T07:00,240
0004000000153500,2022-08-09T07:00,300
0004000000176f00,2022-08-09T07:00,2820
0004000000033600,2022-08-09T13:00,480
0004000000033600,2022-08-09T14:00,1140
0004000000033600,2022-08-09T15:00,60
0004000000033600,2022-08-09T16:00,600
00048004415a4545,2022-08-09T16:00,960
0004000000176f00,2022-08-09T16:00,300
00040000001b8700,2022-08-09T16:00,1560
00040000001b8700,2022-08-09T17:00,1200
0004000000033600,2022-08-10T15:00,3060
0004000000033600,2022-08-10T16:00,900
0004000000033600,2022-08-11T15:00,1800
0004001000021400,2022-08-11T17:00,360
0004003000009300,2022-08-11T17:00,60
000400000beef500,2022-08-11T18:00,240
0004000000081100,2022-08-11T18:00,1320
0004001000021400,2022-08-11T18:00,60
0004000000153500,2022-08-12T08:00,420
0004000000030800,2022-08-12T08:00,780
0004000000081100,2022-08-12T16:00,60
0004000000176f00,2022-08-12T16:00,240
0004000000030800,2022-08-12T16:00,540
0004003000009400,2022-08-12T16:00,1620
0004000000033600,2022-08-12T17:00,1680
0004000000153500,2022-08-14T09:00,420
0004000000030800,2022-08-14T12:00,360
0004003000009400,2022-08-14T12:00,60
0004000000033600,2022-08-14T12:00,1140
00040000000c6600,2022-08-14T14:00,660
0004000000081100,2022-08-14T14:00,1020
0004000000081100,2022-08-14T15:00,1620
0004000000153500,2022-08-15T14:00,240
0004003000009400,2022-08-15T14:00,1500
0004000000030800,2022-08-15T14:00,120
0004000000030800,2022-08-15T15:00,840
0004000000081100,2022-08-15T16:00,60
0004000000125500,2022-08-16T14:00,60
0004000000033600,2022-08-16T14:00,120
0004000000033600,2022-08-16T15:00,2460
0004800453524c41,2022-08-16T15:00,60
0004000000153500,2022-08-16T15:00,360
000400000beef500,2022-08-16T16:00,240
0004000004391500,2022-08-16T16:00,120
000400000d921e00,2022-08-16T16:00,300
000400300000bd00,2022-08-16T16:00,60
000400000f800100,2022-08-16T16:00,60
0004000006942000,2022-08-16T20:00,660
0004000006942000,2022-08-16T21:00,120
0004000000153500,2022-08-17T16:00,540
0004003000009400,2022-08-17T16:00,60
0004003000009600,2022-08-17T16:00,60
0004000000081100,2022-08-17T16:00,1260
0004000000081100,2022-08-17T17:00,2340
0004000000153500,2022-08-18T16:00,600
00040000000c6600,2022-08-18T16:00,60
0004000000081100,2022-08-18T16:00,660
0004000000081100,2022-08-18T17:00,1260
0004000000033600,2022-08-18T18:00,240
0004000000033600,2022-08-18T19:00,1260
0004003000009400,2022-08-18T19:00,120
0004000000081100,2022-08-19T15:00,2220
0004000000033600,2022-08-19T17:00,60
0004000000033600,2022-08-19T18:00,2400
0004000000081100,2022-08-20T18:00,1980
0004000000081100,2022-08-20T19:00,120
0004000006942000,2022-08-21T08:00,60
0004000000033600,2022-08-21T08:00,660
0004000000033600,2022-08-21T13:00,420
0004000000033600,2022-08-21T14:00,3540
0004000000033600,2022-08-21T15:00,1260
0004000006942000,2022-08-21T20:00,840
0004000006942000,2022-08-21T21:00,300
0004000006942000,2022-08-22T20:00,240
0004003000009400,2022-08-22T20:00,60
0004000006942000,2022-08-22T21:00,180
0004000000030800,2022-08-23T15:00,480
0004000000033600,2022-08-23T15:00,1440
000400000beef500,2022-08-24T17:00,120
000400000f800100,2022-08-24T17:00,120
000400000006a400,2022-08-24T18:00,1500
000400000006a400,2022-08-24T19:00,120
0004000000030800,2022-08-24T19:00,1020
0004001000021000,2022-08-24T19:00,120
0004000000030800,2022-08-25T14:00,1020
0004000000033600,2022-08-25T16:00,2820
0004000000030800,2022-08-26T14:00,540
0004000000033600,2022-08-26T16:00,2700
0004000000033600,2022-08-26T17:00,420
000400000beef500,2022-08-26T21:00,180
000400000f800100,2022-08-26T21:00,180
0004000000033600,2022-08-27T18:00,1680
0004000000033600,2022-08-27T20:00,2280
0004000000033600,2022-08-27T21:00,240
00040000000ae200,2022-08-27T21:00,840
00040000000ae200,2022-08-28T08:00,420
000400000beef500,2022-08-28T08:00,300
000400000f800100,2022-08-28T08:00,120
00040000000f2200,2022-08-28T08:00,660
0004000000030800,2022-08-28T08:00,900
0004000000033600,2022-08-28T08:00,540
0004000000033600,2022-08-28T09:00,2700
0004000000033600,2022-08-28T10:00,1920
00040000000ae200,2022-08-28T11:00,720
00040000000f2200,2022-08-28T11:00,300
0004000000033600,2022-08-28T14:00,2220
0004000000033600,2022-08-28T15:00,1080
0004000000033600,2022-08-30T14:00,780
0004000000033600,2022-08-30T15:00,1800
0004000000033600,2022-08-30T16:00,1140
0004000000033600,2022-08-31T17:00,180
0004000000033600,2022-08-31T18:00,2760
0004003000009400,2022-09-01T14:00,60
0004003000009400,2022-09-01T15:00,420
0004000000030800,2022-09-01T15:00,1080
0004000000030800,2022-09-01T16:00,180
0004000006942000,2022-09-01T20:00,300
0004000006942000,2022-09-01T21:00,60
0004000000030800,2022-09-02T13:00,1200
0004000000030800,2022-09-02T14:00,540
0004000000033600,2022-09-02T15:00,720
0004000006942000,2022-09-02T16:00,180
0004000000176f00,2022-09-02T18:00,1560
0004000000176f00,2022-09-02T19:00,540
0004000000030800,2022-09-04T15:00,1080
0004000000030800,2022-09-05T12:00,900
0004000000033600,2022-09-05T13:00,780
0004000000033600,2022-09-05T14:00,660
0004003000009400,2022-09-05T14:00,60
0004000000176f00,2022-09-05T14:00,180
0004000000030800,2022-09-05T14:00,480
0004000000033600,2022-09-05T16:00,1560
0004000000033600,2022-09-05T17:00,300
0004000000033600,2022-09-06T16:00,720
0004000000033600,2022-09-07T16:00,1140
0004000000030800,2022-09-08T08:00,720
0004000000176f00,2022-09-08T08:00,180
0004000000033600,2022-09-08T08:00,60
0004000000033600,2022-09-08T09:00,2820
0004000000030800,2022-09-08T18:00,960
00040000000ae200,2022-09-09T14:00,1980
00040000000f2200,2022-09-09T14:00,60
0004000000033600,2022-09-09T16:00,2040
0004000000033600,2022-09-09T17:00,3180
0004000006942000,2022-09-09T20:00,120
0004000006942000,2022-09-09T21:00,60
0004000000033600,2022-09-10T10:00,240
0004000000033600,2022-09-10T12:00,1320
0004000000033600,2022-09-10T13:00,480
0004000000030800,2022-09-10T15:00,660
0004000000030800,2022-09-10T16:00,840
0004000006942000,2022-09-10T20:00,240
0004003000009400,2022-09-10T20:00,480
0004003000009400,2022-09-10T21:00,60
0004000000030800,2022-09-11T07:00,540
0004000000033600,2022-09-11T09:00,720
0004000000125500,2022-09-11T09:00,180
0004000000033600,2022-09-11T14:00,420
0004000000033600,2022-09-11T15:00,900
0004000000153500,2022-09-15T04:00,60
0004003000009400,2022-09-15T04:00,420
00040000000f2200,2022-09-15T13:00,2280
00040000000ae200,2022-09-15T13:00,120
0004000000033600,2022-09-15T14:00,2580
0004000000033600,2022-09-15T15:00,2040
000400000f102000,2022-09-15T15:00,240
0004000000030800,2022-09-16T08:00,1080
0004000000176f00,2022-09-16T08:00,360
00048004415a4545,2022-09-16T16:00,660
00048004415a4545,2022-09-16T17:00,2940
00048004415a4545,2022-09-16T18:00,360
0004000000030800,2022-09-17T09:00,360
0004000000030800,2022-09-18T07:00,60
0004000000030800,2022-09-18T08:00,1200
0004000000176f00,2022-09-18T08:00,480
00040000000ae200,2022-09-18T08:00,1260
00040000000ae200,2022-09-18T09:00,600
0004000006942000,2022-09-18T16:00,60
0004000000030800,2022-09-19T13:00,300
0004000000030800,2022-09-19T14:00,1320
0004000000033600,2022-09-19T16:00,1620
0004000000033600,2022-09-23T14:00,780
0004003000009400,2022-09-23T14:00,180
0004000000033600,2022-09-23T15:00,2940
0004000000030800,2022-09-23T16:00,1680
00040000001deb00,2022-09-23T16:00,180
000400000f800100,2022-09-23T16:00,60
000400000beef500,2022-09-23T16:00,60
0004001000021000,2022-09-23T16:00,60
0004000000030800,2022-09-23T17:00,120
0004000000033600,2022-09-24T14:00,1920
0004000000033600,2022-09-24T15:00,1620
0004000000030800,2022-09-24T17:00,60
0004000000030800,2022-09-24T18:00,480
00040000000ec300,2022-09-25T09:00,1980
00040000000ec300,2022-09-26T11:00,180
00040000000ec300,2022-09-26T12:00,1500
0004003000009400,2022-09-26T15:00,180
00040000000ec300,2022-09-26T15:00,2820
00040000000ec300,2022-09-26T16:00,1200
00040000000ec300,2022-09-27T15:00,1860
0004000006942000,2022-09-29T04:00,120
00040000000ec300,2022-09-29T17:00,3180
00040000000ec300,2022-09-29T18:00,1980
0004001000021000,2022-09-30T11:00,240
000400100002c000,2022-09-30T11:00,420
00040000000ec300,2022-09-30T12:00,2400
00040000000ec300,2022-09-30T13:00,960
00040000000ec300,2022-10-01T15:00,2400
00040000000ec300,2022-10-01T16:00,720
00040000000ec300,2022-10-03T07:00,1200
00040000000ec300,2022-10-03T08:00,2100
000400000f102000,2022-10-03T08:00,120
0004000000125500,2022-10-03T08:00,60
0004000000081100,2022-10-03T08:00,240
000400000beef500,2022-10-03T08:00,360
00040000000ec300,2022-10-03T15:00,2520
0004000000033600,2022-10-04T12:00,840
00040000000ec300,2022-10-04T12:00,180
00040000000ec300,2022-10-04T17:00,2400
00040000000ec300,2022-10-04T18:00,2280
00040000000ec300,2022-10-05T07:00,3360
00040000000ec300,2022-10-05T08:00,240
00040000000ec300,2022-10-05T11:00,840
00040000000ec300,2022-10-05T13:00,180
00040000000ec300,2022-10-06T16:00,1080
00040000000ec300,2022-10-06T17:00,840
0004000000033600,2022-10-06T17:00,780
000400000f102000,2022-10-06T17:00,480
00040000000ec300,2022-10-07T16:00,1200
0004000000033600,2022-10-07T16:00,840
0004000000033600,2022-10-07T17:00,660
0004001000021500,2022-10-08T16:00,120
00040000000ec300,2022-10-08T16:00,60
00040000000ec300,2022-10-08T17:00,3120
00040000000ec300,2022-10-08T18:00,1500
0004001000021000,2022-10-09T06:00,60
0004000000030800,2022-10-09T06:00,300
00040000000ec300,2022-10-09T16:00,1980
00040000000ec300,2022-10-09T17:00,2100
00040000000ec300,2022-10-11T10:00,240
0004000000055e00,2022-10-11T12:00,2340
00040000000ec300,2022-10-11T14:00,780
000480044952424f,2022-10-12T06:00,120
000480044952424f,2022-10-12T07:00,60
0004000000033600,2022-10-12T07:00,2520
0004000000033600,2022-10-12T13:00,2340
00040000000ec300,2022-10-12T13:00,1200
00040000000ec300,2022-10-12T14:00,540
00040000000ec300,2022-10-15T12:00,2640
00040000000ec300,2022-10-16T08:00,840
00040000000ec300,2022-10-16T09:00,1140
000400000017ea00,2022-10-21T15:00,1800
000400000017ea00,2022-10-22T07:00,720
00040000005dea00,2022-10-22T15:00,60
0004000000125500,2022-10-22T18:00,1500
0004001000021000,2022-10-22T19:00,60
0004003000009400,2022-10-22T19:00,60
0004000000030800,2022-10-22T19:00,240
0004000000125500,2022-10-23T09:00,900
0004000000125500,2022-10-23T10:00,3360
0004000000125500,2022-10-23T12:00,1320
0004000000125500,2022-10-23T13:00,1740
0004000000125500,2022-10-24T08:00,2820
0004000000125500,2022-10-24T09:00,840
0004000000030800,2022-10-24T11:00,720
000400000beef500,2022-10-25T08:00,1620
000400000f800100,2022-10-25T08:00,180
000400000beef500,2022-10-25T09:00,420
000400000f800100,2022-10-25T09:00,1440
000400000f800100,2022-10-25T10:00,2880
0004001000021000,2022-10-25T10:00,180
0004001000021900,2022-10-25T10:00,240
0004001000021900,2022-10-25T11:00,720
000400000f800100,2022-10-25T11:00,720
0004001000021000,2022-10-25T11:00,180
0004001000021000,2022-10-25T12:00,60
000400000f800100,2022-10-25T12:00,60
00040000000edf00,2022-10-25T12:00,2760
0004000000055e00,2022-10-25T13:00,600
0004000000055e00,2022-10-25T15:00,2820
0004000000055e00,2022-10-25T16:00,240
00040000001a7100,2022-10-25T16:00,1500
00040000001a7100,2022-10-25T17:00,780
0004000000175e00,2022-10-25T17:00,1740
0004000000164800,2022-10-25T17:00,420
0004000000175e00,2022-10-25T18:00,2640
0004000000175e00,2022-10-25T19:00,1260
0004000000055e00,2022-10-25T20:00,1260
0004000000055e00,2022-10-26T09:00,3240
0004000000055e00,2022-10-26T10:00,120
0004001000021000,2022-10-26T10:00,540
000400000f800100,2022-10-26T10:00,480
00040000001b8700,2022-10-26T10:00,120
00040000000edf00,2022-10-26T10:00,1020
000400000f800100,2022-10-26T11:00,240
0004000000175e00,2022-10-26T11:00,2580
0004000000175e00,2022-10-26T12:00,3360
0004000000175e00,2022-10-26T13:00,1560
0004000000055e00,2022-10-26T16:00,360
0004000000164800,2022-10-26T16:00,2280
0004000000164800,2022-10-26T17:00,2340
00040000000edf00,2022-10-27T08:00,2100
0004000000175e00,2022-10-27T08:00,120
0004000000175e00,2022-10-27T09:00,2220
0004000000175e00,2022-10-27T10:00,360
00040000000edf00,2022-10-28T07:00,60
0004001000021900,2022-10-28T07:00,60
0004003000009400,2022-10-28T08:00,60
0004000000030800,2022-10-28T08:00,120
0004000000164800,2022-10-28T08:00,3360
0004000000164800,2022-10-28T09:00,1860
0004000000175e00,2022-10-28T09:00,1200
0004000000175e00,2022-10-28T10:00,900
0004000000175e00,2022-10-28T11:00,2160
0004000000175e00,2022-10-28T12:00,3420
0004000000175e00,2022-10-28T13:00,1020
00040000000edf00,2022-10-28T17:00,1320
0004000000164800,2022-10-28T17:00,1800
0004000000164800,2022-10-28T18:00,3600
0004000000164800,2022-10-28T19:00,240
0004000000175e00,2022-10-29T08:00,3000
0004000000175e00,2022-10-29T09:00,3600
0004000000175e00,2022-10-29T10:00,180
000400000f800100,2022-10-29T10:00,840
000400000f800100,2022-10-29T11:00,1620
000400000f700100,2022-10-29T11:00,1260
0004000000164800,2022-10-29T12:00,2460
0004000006942000,2022-10-29T14:00,60
000400000f700100,2022-10-29T15:00,1320
0004000000164800,2022-10-30T08:00,1260
0004000000175e00,2022-10-30T08:00,780
00040000000edf00,2022-10-30T09:00,1560
00040000000edf00,2022-10-30T10:00,180
0004001000021000,2022-10-30T12:00,60
0004000000030800,2022-10-30T12:00,480
000400000f800100,2022-10-30T12:00,60
00040000000edf00,2022-10-30T12:00,960
0004000000175e00,2022-10-30T12:00,420
0004000000175e00,2022-10-30T13:00,1500
00040000000c9b00,2022-10-30T14:00,240
0004000000033600,2022-10-30T18:00,720
0004000000175e00,2022-10-30T18:00,1560
0004000000030800,2022-10-30T20:00,180
0004001000021400,2022-10-30T20:00,120
0004000000033600,2022-10-31T06:00,60
0004000000033600,2022-10-31T07:00,60
0004000000175e00,2022-10-31T07:00,3000
00040000000edf00,2022-10-31T07:00,300
0004000000175e00,2022-10-31T08:00,120
0004000000175e00,2022-10-31T09:00,120
0004000000030800,2022-10-31T09:00,480
00040000000edf00,2022-10-31T09:00,420
00040000000edf00,2022-10-31T10:00,300
0004000000051400,2022-10-31T10:00,300
0004000000164800,2022-10-31T10:00,1980
0004000000175e00,2022-10-31T10:00,720
0004000000175e00,2022-10-31T11:00,1200
000400000eb00000,2022-10-31T12:00,60
000400000f800100,2022-10-31T13:00,120
000400000eb00000,2022-10-31T13:00,60
000400000d921e00,2022-10-31T13:00,60
0004000000164800,2022-10-31T15:00,540
0004000000164800,2022-10-31T16:00,840
0004000000175e00,2022-10-31T16:00,660
0004000000175e00,2022-10-31T17:00,180
0004000000164800,2022-11-01T12:00,600
0004000000175e00,2022-11-01T14:00,2340
0004000000175e00,2022-11-01T15:00,1740
0004000000175e00,2022-11-02T11:00,3240
0004000000175e00,2022-11-02T12:00,3480
0004000000175e00,2022-11-02T13:00,840
0004000000175e00,2022-11-02T14:00,1200
0004000000175e00,2022-11-02T15:00,3300
0004000000175e00,2022-11-02T16:00,3360
0004000000175e00,2022-11-02T17:00,1020
0004000000175e00,2022-11-03T11:00,2280
0004000000175e00,2022-11-03T12:00,3060
0004000000175e00,2022-11-03T13:00,300
0004000000164800,2022-11-03T16:00,1500
0004000000164800,2022-11-03T19:00,2100
0004000000175e00,2022-11-04T15:00,2880
0004000000175e00,2022-11-04T16:00,3000
0004000000175e00,2022-11-05T12:00,600
0004000000175e00,2022-11-05T13:00,2940
0004000000175e00,2022-11-05T16:00,1260
00040000000edf00,2022-11-05T18:00,2040
00040000000edf00,2022-11-05T19:00,120
0004000000164800,2022-11-05T19:00,2400
0004000000164800,2022-11-06T09:00,2760
0004000000164800,2022-11-06T10:00,1920
0004000000175e00,2022-11-06T12:00,1740
0004000000175e00,2022-11-06T13:00,1980
00040000000edf00,2022-11-07T14:00,1440
00040000000edf00,2022-11-07T15:00,1260
0004000000164800,2022-11-07T15:00,2160
0004000000164800,2022-11-07T16:00,780
0004000000164800,2022-11-08T07:00,120
0004000000164800,2022-11-08T08:00,1800
00040000000edf00,2022-11-08T08:00,240
0004000000164800,2022-11-08T16:00,1800
0004000000164800,2022-11-08T17:00,1740
0004000000030800,2022-11-08T19:00,300
00040000000edf00,2022-11-08T19:00,1380
000400000f700100,2022-11-08T19:00,1380
000400000f700100,2022-11-08T20:00,1140
0004000000164800,2022-11-09T14:00,1020
0004000000175e00,2022-11-09T15:00,120
0004000000175e00,2022-11-09T16:00,2340
0004000000175e00,2022-11-09T17:00,2520
0004000000164800,2022-11-09T17:00,180
0004000000164800,2022-11-09T18:00,2340
0004000000175e00,2022-11-10T15:00,1560
0004000000175e00,2022-11-10T16:00,1080
00040000000edf00,2022-11-10T16:00,2400
00040000000edf00,2022-11-10T17:00,60
0004000000164800,2022-11-10T20:00,1740
0004000000164800,2022-11-10T21:00,720
0004001000021200,2022-11-10T21:00,420
0004000000164800,2022-11-11T16:00,300
0004000000164800,2022-11-11T17:00,60
0004000000175e00,2022-11-11T17:00,2940
0004000000175e00,2022-11-11T18:00,780
0004000000030800,2022-11-12T08:00,120
0004000000164800,2022-11-12T08:00,2280
0004000000164800,2022-11-12T09:00,3600
0004000000141000,2022-11-12T15:00,60
0004000000175e00,2022-11-12T15:00,1080
0004000000175e00,2022-11-12T16:00,1980
0004000000175e00,2022-11-12T17:00,3480
0004000000175e00,2022-11-12T18:00,780
00040000000edf00,2022-11-13T10:00,660
000400000f700100,2022-11-13T10:00,300
0004000000164800,2022-11-13T10:00,360
00040000000edf00,2022-11-14T15:00,900
00040000000edf00,2022-11-14T16:00,180
0004000000175e00,2022-11-14T16:00,2580
0004000000175e00,2022-11-14T17:00,120
0004000000164800,2022-11-15T14:00,3060
0004000000175e00,2022-11-16T15:00,900
0004000000175e00,2022-11-16T16:00,3600
0004000000175e00,2022-11-16T17:00,120
0004000006942000,2022-11-16T20:00,60
0004000000164800,2022-11-17T17:00,960
0004000000164800,2022-11-17T18:00,1260
0004000000164800,2022-11-17T21:00,1620
0004000000164800,2022-11-18T16:00,420
0004000000164800,2022-11-18T17:00,840
0004000000164800,2022-11-19T16:00,2100
0004000000175e00,2022-11-19T17:00,1020
0004000000175e00,2022-11-19T18:00,660
0004000006942000,2022-11-19T18:00,60
00040000000edf00,2022-11-20T08:00,1560
0004000000164800,2022-11-20T08:00,360
0004000000030800,2022-11-20T08:00,180
000400000d921e00,2022-11-20T08:00,120
000400000f700100,2022-11-20T09:00,120
0004000000033600,2022-11-20T09:00,1200
0004000000033600,2022-11-20T11:00,2520
0004000000175e00,2022-11-20T11:00,720
0004000000175e00,2022-11-20T12:00,720
0004000000175e00,2022-11-21T15:00,840
0004000000175e00,2022-11-21T16:00,3180
0004000000175e00,2022-11-21T17:00,300
0004000000164800,2022-11-21T17:00,1920
0004000000164800,2022-11-21T18:00,1920
0004000000033600,2022-11-22T15:00,240
0004000000175e00,2022-11-22T15:00,1860
0004000000175e00,2022-11-22T16:00,2100
0004000006942000,2022-11-23T19:00,60
00040000000edf00,2022-11-24T13:00,120
00040000000edf00,2022-11-24T14:00,1440
0004000000051400,2022-11-24T14:00,540
0004000000164800,2022-11-24T14:00,960
0004000000164800,2022-11-24T15:00,3480
0004000000164800,2022-11-24T16:00,1200
0004000000164800,2022-11-25T17:00,2280
0004000000164800,2022-11-25T18:00,2520
0004000000175e00,2022-11-26T13:00,960
0004000000033600,2022-11-26T13:00,480
00040000000edf00,2022-11-26T13:00,60
00040000000edf00,2022-11-26T14:00,420
0004000000164800,2022-11-26T15:00,840
0004000000164800,2022-11-26T16:00,1980
0004000000175e00,2022-11-27T12:00,180
0004000000175e00,2022-11-27T13:00,2220
00040000000edf00,2022-11-27T16:00,1080
00040000000edf00,2022-11-27T17:00,120
0004000000164800,2022-11-27T17:00,780
0004000000164800,2022-11-28T19:00,2400
0004000000164800,2022-11-28T20:00,1800
0004000000164800,2022-11-29T16:00,180
0004000000164800,2022-11-29T17:00,240
0004000000164800,2022-11-29T18:00,1620
0004000000175e00,2022-11-30T17:00,2580
00040000000edf00,2022-11-30T17:00,60
00040000000edf00,2022-12-01T13:00,1260
00040000000edf00,2022-12-01T14:00,60
00040000000ae200,2022-12-01T14:00,1320
00040000001b8700,2022-12-01T14:00,120
0004000001620000,2022-12-01T14:00,60
0004000000164800,2022-12-01T14:00,960
00040000000edf00,2022-12-01T15:00,360
0004000000033600,2022-12-01T15:00,1440
0004000000033600,2022-12-01T16:00,900
0004000000175e00,2022-12-01T16:00,1920
0004001000021900,2022-12-02T13:00,60
0004000000164800,2022-12-02T13:00,1140
0004000000164800,2022-12-02T14:00,2100
00040000000edf00,2022-12-03T15:00,3240
00040000000edf00,2022-12-03T16:00,240
0004001000021700,2022-12-03T16:00,960
000400000f800100,2022-12-03T21:00,180
00040000000edf00,2022-12-04T07:00,480
00040000000afe00,2022-12-04T07:00,120
000400000f800100,2022-12-04T09:00,120
0004001000021000,2022-12-04T09:00,60
00040000000edf00,2022-12-04T09:00,1560
00040000000edf00,2022-12-04T10:00,660
000400000beef500,2022-12-04T18:00,180
0004000000103000,2022-12-04T18:00,300
0004003000009400,2022-12-04T18:00,60
000400000f800100,2022-12-04T18:00,60
0004000001111100,2022-12-04T18:00,60
00040000000afe00,2022-12-04T18:00,120
0004000001fff100,2022-12-04T18:00,180
0004000001fff100,2022-12-04T19:00,120
0004001000021000,2022-12-04T19:00,60
0004001000021400,2022-12-05T15:00,600
000400000f800100,2022-12-05T15:00,300
0004000001111100,2022-12-05T15:00,180
00040000000afe00,2022-12-05T15:00,120
0004003000009300,2022-12-05T15:00,360
0004001000021000,2022-12-05T15:00,180
0004001000021400,2022-12-05T19:00,120
0004000000030800,2022-12-06T06:00,420
0004000000030800,2022-12-06T07:00,480
00040000000edf00,2022-12-06T07:00,360
0004000000164800,2022-12-06T07:00,1140
00040000001b8700,2022-12-06T15:00,2220
00040000001b8700,2022-12-06T16:00,1980
00040000000edf00,2022-12-07T08:00,540
00040000000edf00,2022-12-07T14:00,240
000400000f800100,2022-12-07T14:00,60
0004000001fff100,2022-12-07T14:00,180
0004000000164800,2022-12-07T17:00,720
0004000000164800,2022-12-07T18:00,1980
000400000f700100,2022-12-09T13:00,540
000400000f700100,2022-12-09T14:00,420
00040000000edf00,2022-12-09T14:00,1680
0004000000175e00,2022-12-09T15:00,180
0004000000164800,2022-12-09T19:00,1680
0004000000164800,2022-12-09T20:00,1080
0004000000164800,2022-12-10T10:00,60
0004000000164800,2022-12-10T11:00,540
00048004415a4545,2022-12-11T15:00,60
0004000000175e00,2022-12-11T15:00,1260
0004000000175e00,2022-12-11T16:00,240
00040000000edf00,2022-12-11T16:00,660
00048004415a4545,2022-12-11T16:00,1680
00048004415a4545,2022-12-11T17:00,3600
00048004415a4545,2022-12-11T18:00,60
0004000000164800,2022-12-11T20:00,180
00040000000edf00,2022-12-13T07:00,360
00040000000edf00,2022-12-13T08:00,120
0004000000030800,2022-12-13T08:00,360
00040000001b8700,2022-12-13T13:00,2220
00040000001b8700,2022-12-13T14:00,480
00040000001b8700,2022-12-14T12:00,180
00040000001b8700,2022-12-14T13:00,1740
00040000001b8700,2022-12-14T14:00,1500
00040000000edf00,2022-12-15T08:00,960
00040000000edf00,2022-12-15T09:00,120
0004000000164800,2022-12-15T09:00,660
00040000001b8700,2022-12-15T13:00,1440
00040000001b8700,2022-12-15T14:00,3420
00040000001b8700,2022-12-15T15:00,1980
00040000001b8700,2022-12-16T11:00,2520
00040000001b8700,2022-12-16T12:00,1800
0004000000164800,2022-12-16T14:00,2880
0004000000164800,2022-12-16T15:00,3540
0004000000164800,2022-12-16T16:00,1080
0004000000175e00,2022-12-17T14:00,480
0004000000175e00,2022-12-17T15:00,1440
00040000001b8700,2022-12-17T15:00,1500
00040000001b8700,2022-12-18T17:00,1860
00040000001b8700,2022-12-18T18:00,1080
00040000001b8700,2022-12-19T20:00,2640
00040000001b8700,2022-12-19T21:00,480
0004000000030800,2022-12-20T06:00,60
00040000000edf00,2022-12-20T06:00,60
00040000001b8700,2022-12-20T06:00,180
00040000001b8700,2022-12-20T07:00,3600
00040000001b8700,2022-12-20T08:00,660
0004001000021900,2022-12-20T08:00,120
0004000000030800,2022-12-20T08:00,60
00040000001b8700,2022-12-20T16:00,1620
00040000001b8700,2022-12-20T17:00,660
00040000001b8700,2022-12-21T14:00,1800
00040000001b8700,2022-12-22T07:00,1260
00040000001b8700,2022-12-22T15:00,2400
00040000001b8700,2022-12-22T16:00,2580
000400000ec10000,2022-12-23T09:00,480
000400000ec10000,2022-12-23T10:00,120
0004000001620000,2022-12-23T10:00,60
0004000000051400,2022-12-23T10:00,1320
000400000f102000,2022-12-23T11:00,780
0004000000058c00,2022-12-23T13:00,2100
0004000000058c00,2022-12-23T14:00,120
0004000000058c00,2022-12-23T17:00,1980
00040000001b8700,2022-12-23T18:00,660
0004000006942000,2022-12-23T19:00,60
0004000000058c00,2022-12-24T09:00,360
00040000001b8700,2022-12-24T14:00,1680
00040000001b8700,2022-12-24T15:00,2820
00040000000edf00,2022-12-25T08:00,240
0004000000058c00,2022-12-25T15:00,660
00040000001b8700,2022-12-25T15:00,1200
0004000000033600,2022-12-27T08:00,60
000400000bcfff00,2022-12-27T08:00,60
000400000beef500,2022-12-27T08:00,120
0004000000033600,2022-12-27T09:00,2100
0004000000033600,2022-12-27T10:00,1320
000400000f102000,2022-12-27T10:00,540
000400000f102000,2022-12-28T14:00,180
0004000000058c00,2022-12-28T14:00,180
00040000001b8700,2022-12-28T14:00,720
00040000001b8700,2022-12-28T15:00,780
000400000f102000,2022-12-29T08:00,540
00040000001b8700,2022-12-29T12:00,60
000400000f102000,2022-12-29T13:00,120
00040000001b8700,2022-12-29T13:00,780
00040000001b8700,2022-12-29T14:00,120
00040000001b8700,2022-12-30T10:00,540
000400000beef500,2022-12-30T12:00,660
00040000001b8700,2022-12-30T16:00,720
00040000001b8700,2022-12-31T12:00,60
000400000f102000,2022-12-31T12:00,240
0004000000033600,2022-12-31T12:00,1140
00040000000edf00,2023-01-01T09:00,540
00040000001b8700,2023-01-01T09:00,540
0004000000176f00,2023-01-02T14:00,120
0004001000021000,2023-01-03T11:00,60
0004001000021700,2023-01-03T15:00,720
00040000001b8700,2023-01-05T09:00,1200
00040000001b8700,2023-01-05T10:00,1500
00040000001b8700,2023-01-05T12:00,360
00040000001b8700,2023-01-06T16:00,1320
00040000001b8700,2023-01-08T11:00,420
0004000000125500,2023-01-11T12:00,420
0004000000033600,2023-01-11T12:00,480
0004000000033600,2023-01-11T15:00,1740
00040000000ae200,2023-01-12T16:00,720
0004000004391500,2023-01-13T14:00,180
0004000004391500,2023-01-13T15:00,300
00040000000ae200,2023-01-13T20:00,420
000400000f102000,2023-01-16T12:00,120
0004000000030800,2023-01-16T12:00,420
0004000000030800,2023-01-16T13:00,540
00040000000edf00,2023-01-16T18:00,540
00040000000ae200,2023-01-16T18:00,240
0004003000009400,2023-01-17T15:00,60
0004000000033600,2023-01-18T16:00,1980
0004000000033600,2023-01-18T17:00,1800
0004000000164800,2023-01-18T18:00,360
0004000000164800,2023-01-18T19:00,1740
00040000001b8700,2023-01-19T13:00,1920
00040000001b8700,2023-01-19T14:00,120
0004000000164800,2023-01-20T12:00,420
0004000000058f00,2023-01-20T12:00,2340
0004000000058f00,2023-01-20T13:00,960
0004000000058c00,2023-01-20T16:00,120
0004000000058f00,2023-01-20T17:00,600
0004000000058f00,2023-01-21T13:00,2040
0004000000058f00,2023-01-21T15:00,60
0004000000058f00,2023-01-21T16:00,2520
0004000000058f00,2023-01-21T17:00,1980
0004000000058c00,2023-01-21T17:00,1260
0004000000058c00,2023-01-21T18:00,1320
0004000000058c00,2023-01-22T12:00,2340
0004000000058c00,2023-01-22T13:00,900
0004000000058c00,2023-01-22T16:00,1980
0004000000058c00,2023-01-22T17:00,720
00040000000edf00,2023-01-24T09:00,60
0004000000058f00,2023-01-24T10:00,60
0004000000058f00,2023-01-24T11:00,2160
0004000000058c00,2023-01-25T16:00,300
0004000000058c00,2023-01-25T17:00,480
0004000000033600,2023-01-25T17:00,120
0004000000175e00,2023-01-25T17:00,120
0004000000141000,2023-01-25T17:00,1080
0004000000058f00,2023-01-26T08:00,1740
0004000000058f00,2023-01-26T09:00,1320
0004000000058f00,2023-01-26T14:00,300
00040000000edf00,2023-01-26T14:00,1140
0004000000030800,2023-01-26T18:00,1140
0004000000058c00,2023-01-26T19:00,420
0004000000058c00,2023-01-26T20:00,900
000400000f102000,2023-01-26T20:00,60
00040000000edf00,2023-01-27T13:00,540
00040000000edf00,2023-01-27T14:00,240
0004000000058f00,2023-01-27T14:00,3300
0004000000058f00,2023-01-27T15:00,3600
0004000000058f00,2023-01-27T16:00,1020
0004000000058c00,2023-01-27T16:00,60
0004000000058c00,2023-01-27T17:00,1440
0004000000058c00,2023-01-28T11:00,2460
0004000000058f00,2023-01-28T11:00,60
0004000000058f00,2023-01-28T13:00,540
0004000000058c00,2023-01-28T15:00,960
00040000000edf00,2023-01-29T08:00,1440
0004000000058c00,2023-01-29T13:00,240
0004000000058c00,2023-01-29T14:00,1380
0004000000058c00,2023-01-29T15:00,1500
00040000000edf00,2023-01-29T15:00,600
00040000000edf00,2023-01-29T16:00,540
0004001000021400,2023-01-30T14:00,60
0004000000033600,2023-01-30T14:00,60
0004000000172600,2023-01-30T14:00,120
00040000000edf00,2023-01-30T14:00,1020
00040000000edf00,2023-01-30T15:00,60
0004000000058c00,2023-01-30T17:00,60
00040000001b8700,2023-01-30T17:00,120
00040000001b8700,2023-01-30T18:00,840
00040000001b8700,2023-01-31T15:00,1320
00040000001b8700,2023-01-31T16:00,2040
00040000000edf00,2023-01-31T16:00,1080
000400000f700100,2023-01-31T16:00,480
000400000f700100,2023-01-31T17:00,660
00040000000edf00,2023-02-01T07:00,1620
00040000000edf00,2023-02-01T08:00,360
00040000000edf00,2023-02-01T14:00,180
00040000000edf00,2023-02-01T15:00,1380
00040000000edf00,2023-02-02T15:00,1260
00040000000edf00,2023-02-03T14:00,900
00040000000edf00,2023-02-04T07:00,540
00040000000edf00,2023-02-04T12:00,420
00040000000ae200,2023-02-04T20:00,1140
00040000000ae200,2023-02-05T17:00,240
00040000000f2200,2023-02-05T17:00,840
00040000000f2200,2023-02-05T18:00,900
00040000000edf00,2023-02-05T18:00,1080
0004000000051400,2023-02-05T18:00,600
0004000000058f00,2023-02-05T18:00,180
00040000001b8700,2023-02-05T18:00,120
00040000001b8700,2023-02-05T19:00,1920
0004000000030800,2023-02-06T13:00,60
0004000000176f00,2023-02-06T13:00,240
00040000000edf00,2023-02-06T13:00,180
00040000000edf00,2023-02-06T14:00,780
0004000000058f00,2023-02-06T17:00,360
0004000000058f00,2023-02-06T18:00,900
00040000000edf00,2023-02-07T08:00,420
0004000000176f00,2023-02-07T08:00,60
0004000000176f00,2023-02-07T09:00,60
000400000f800100,2023-02-07T13:00,60
0004001000021500,2023-02-07T13:00,60
00040000001b8700,2023-02-07T13:00,120
0004001000021000,2023-02-07T13:00,60
00040000001b8700,2023-02-07T14:00,3480
00040000001b8700,2023-02-07T15:00,1020
0004000000125500,2023-02-07T20:00,60
00040000001b8700,2023-02-08T08:00,180
00040000001b8700,2023-02-08T09:00,360
00040000001b8700,2023-02-08T10:00,2040
0004000000033600,2023-02-08T15:00,420
0004000000033600,2023-02-08T16:00,780
00040000000edf00,2023-02-08T16:00,600
00040000001b8700,2023-02-08T18:00,1980
00040000001b8700,2023-02-08T19:00,900
0004000000058f00,2023-02-09T13:00,2280
0004000000058f00,2023-02-09T14:00,2460
00040000000edf00,2023-02-09T15:00,720
0004000000033600,2023-02-09T15:00,720
0004000000033600,2023-02-09T16:00,540
0004000000125500,2023-02-10T16:00,60
0004001000021200,2023-02-10T16:00,120
0004000000058c00,2023-02-10T16:00,360
00040000000edf00,2023-02-10T16:00,420
0004000000141000,2023-02-10T16:00,840
0004000000141000,2023-02-10T17:00,420
0004000000058f00,2023-02-12T15:00,1380
00040000000edf00,2023-02-12T15:00,360
00040000001b8700,2023-02-12T15:00,180
00040000001b8700,2023-02-12T16:00,2220
00040000001b8700,2023-02-12T19:00,960
00040000001b8700,2023-02-12T20:00,840
000400000beef500,2023-02-13T07:00,60
000400000f800100,2023-02-13T07:00,600
0004001000021000,2023-02-13T07:00,120
00040000000edf00,2023-02-13T07:00,240
00040000000edf00,2023-02-13T17:00,480
00040000001b8700,2023-02-13T17:00,1380
00040000001b8700,2023-02-13T18:00,1800
0004000000058f00,2023-02-13T19:00,480
00040000001b8700,2023-02-14T13:00,240
00040000001b8700,2023-02-14T14:00,2400
00040000000edf00,2023-02-14T17:00,720
00040000000edf00,2023-02-14T18:00,420
0004000000058f00,2023-02-15T13:00,1560
0004000000058f00,2023-02-15T14:00,1860
00040000001b8700,2023-02-15T15:00,1380
00040000000edf00,2023-02-15T15:00,360
0004000000058f00,2023-02-15T17:00,1680
0004000000058f00,2023-02-16T09:00,180
0004000000058f00,2023-02-16T10:00,720
00040000000edf00,2023-02-16T10:00,540
000400000f102000,2023-02-16T10:00,120
0004000000058c00,2023-02-16T11:00,1440
0004001000021400,2023-02-16T12:00,120
0004000000058c00,2023-02-16T12:00,660
0004000000058c00,2023-02-16T15:00,1140
00040000001b8700,2023-02-16T15:00,60
00040000000edf00,2023-02-16T15:00,180
0004000000058c00,2023-02-17T08:00,240
0004000000058f00,2023-02-17T15:00,1080
000400000f701400,2023-02-17T15:00,360
00040000001b8700,2023-02-17T15:00,180
00040000001b8700,2023-02-17T16:00,2880
0004000000058c00,2023-02-17T17:00,120
0004000000058c00,2023-02-18T12:00,1680
00040000001b8700,2023-02-18T12:00,780
00040000001b8700,2023-02-18T13:00,3060
00040000001b8700,2023-02-18T14:00,3480
00040000001b8700,2023-02-18T15:00,3000
00040000001b8700,2023-02-18T16:00,300
00040000001b8700,2023-02-19T08:00,120
00040000001b8700,2023-02-19T12:00,60
00040000001b8700,2023-02-19T15:00,1980
00040000001b8700,2023-02-19T16:00,3600
00040000001b8700,2023-02-19T17:00,1680
0004000000058f00,2023-02-19T17:00,720
00040000001b8700,2023-02-19T18:00,420
0004000000058f00,2023-02-20T08:00,1920
00040000000ae200,2023-02-20T11:00,1200
00040000000ae200,2023-02-20T12:00,540
00040000000f2200,2023-02-20T12:00,1740
00040000001b8700,2023-02-20T12:00,1260
00040000001b8700,2023-02-20T13:00,540
00040000001b8700,2023-02-20T15:00,1320
00040000001b8700,2023-02-20T16:00,960
0004000000058f00,2023-02-21T13:00,1800
00040000000f2200,2023-02-21T13:00,1560
00040000000f2200,2023-02-21T14:00,1500
00040000001b8700,2023-02-21T15:00,1680
00040000001b8700,2023-02-21T16:00,600
0004000000058f00,2023-02-22T13:00,1260
0004000000058f00,2023-02-22T14:00,2220
0004000000058f00,2023-02-22T16:00,60
0004000000058c00,2023-02-22T16:00,420
0004000000058c00,2023-02-22T17:00,180
0004000000058f00,2023-02-23T11:00,1440
0004000000058f00,2023-02-23T12:00,2520
00040000000f2200,2023-02-23T12:00,780
00040000000f2200,2023-02-23T13:00,780
00040000000ae200,2023-02-23T13:00,60
0004000000058f00,2023-02-24T16:00,180
0004000000058f00,2023-02-24T17:00,120
0004000000058f00,2023-02-24T19:00,60
00040000001b8700,2023-02-24T19:00,2100
00040000001b8700,2023-02-24T20:00,540
00040000000ae200,2023-03-04T11:00,60
0004001000021400,2023-03-04T11:00,240
0004000000058f00,2023-03-04T14:00,540
0004000000033600,2023-03-04T14:00,1080
00040000001b8700,2023-03-04T14:00,240
00040000001b8700,2023-03-04T15:00,2100
000400000f102000,2023-03-04T15:00,60
00040000001b8700,2023-03-05T12:00,1740
00040000001b8700,2023-03-05T13:00,2580
00040000001b8700,2023-03-07T14:00,1020
00040000001b8700,2023-03-11T09:00,540
000400000f701400,2023-03-11T09:00,60
000400300000bd00,2023-03-12T06:00,60
0004000000058f00,2023-03-12T06:00,420
0004000000058f00,2023-03-12T07:00,1680
0004000000058f00,2023-03-13T16:00,720
0004000000058f00,2023-03-13T17:00,420
00040000000f2200,2023-03-13T17:00,660
0004000000164800,2023-03-13T17:00,2340
000400000beef500,2023-03-14T08:00,60
000400000f800100,2023-03-14T08:00,60
0004800453524c41,2023-03-14T08:00,120
0004000000033600,2023-03-14T08:00,540
0004000000058f00,2023-03-14T08:00,60
0004000000164800,2023-03-14T08:00,1260
0004000000164800,2023-03-14T09:00,3600
0004000000164800,2023-03-14T10:00,60
0004000000058f00,2023-03-14T10:00,1680
0004000000058f00,2023-03-14T11:00,2220
000400000ec10000,2023-03-16T08:00,540
000400000f800100,2023-03-16T08:00,120
0004000000055d00,2023-03-16T08:00,180
0004000000055e00,2023-03-16T08:00,120
0004000000055e00,2023-03-16T09:00,1080
0004000000055e00,2023-03-16T10:00,120
0004000000055e00,2023-03-16T11:00,1740
0004000000164800,2023-03-16T11:00,480
0004000000058f00,2023-03-16T17:00,360
0004000000164800,2023-03-16T17:00,120
0004000000164800,2023-03-16T18:00,1500
0004000000164800,2023-03-16T19:00,2760
0004000000030800,2023-03-17T07:00,60
0004000000030800,2023-03-17T08:00,1200
0004000000176f00,2023-03-17T09:00,2340
0004000000176f00,2023-03-17T10:00,60
0004000000055d00,2023-03-17T10:00,60
0004000000055e00,2023-03-17T10:00,600
0004000000164800,2023-03-17T10:00,420
0004000000164800,2023-03-17T11:00,2820
0004000000058f00,2023-03-18T08:00,540
0004000000058f00,2023-03-18T09:00,960
0004000000058f00,2023-03-19T13:00,1560
0004000000058f00,2023-03-19T14:00,240
0004000000176f00,2023-03-19T18:00,240
0004000000055e00,2023-03-19T18:00,60
0004000000055e00,2023-03-19T19:00,2760
0004000000030800,2023-03-20T07:00,1020
0004000000030800,2023-03-20T08:00,60
0004000000176f00,2023-03-20T08:00,840
00040000000edf00,2023-03-20T08:00,360
0004000000058f00,2023-03-20T09:00,420
0004000000058f00,2023-03-20T10:00,2940
0004000000176f00,2023-03-20T18:00,480
0004000000055d00,2023-03-20T18:00,1140
0004000000055d00,2023-03-20T19:00,60
0004000000176f00,2023-03-21T07:00,540
00040000000edf00,2023-03-21T07:00,120
00040000000edf00,2023-03-21T08:00,840
0004000000030800,2023-03-21T08:00,600
0004000000055d00,2023-03-21T08:00,660
0004000000055d00,2023-03-21T09:00,3480
0004000000055d00,2023-03-21T10:00,180
000400000f700100,2023-03-21T10:00,720
000400000beef500,2023-03-21T12:00,120
000400000f800100,2023-03-21T12:00,120
0004800453524c41,2023-03-21T12:00,60
0004000000c70400,2023-03-21T12:00,2580
0004000000c70400,2023-03-21T13:00,1260
0004001000021000,2023-03-21T13:00,120
00040000001b8700,2023-03-21T17:00,840
00040000001b8700,2023-03-21T18:00,480
00040000000ae200,2023-03-22T12:00,360
0004000000051400,2023-03-22T12:00,900
0004000000058f00,2023-03-22T12:00,120
0004000000058f00,2023-03-22T13:00,3420
0004000000058f00,2023-03-22T14:00,960
0004000000030800,2023-03-22T16:00,120
0004000000030800,2023-03-22T17:00,780
0004000000164800,2023-03-22T17:00,1260
0004000000175e00,2023-03-23T18:00,240
0004000000175e00,2023-03-23T19:00,2220
0004000000058f00,2023-03-24T08:00,120
0004000000176f00,2023-03-24T08:00,360
00040000000edf00,2023-03-24T08:00,600
0004000000030800,2023-03-24T08:00,60
0004000000175e00,2023-03-24T08:00,60
0004000000055d00,2023-03-24T08:00,360
0004000000055d00,2023-03-24T09:00,900
0004000000055e00,2023-03-24T09:00,1800
0004000000058f00,2023-03-24T10:00,2280
0004000000058f00,2023-03-24T11:00,240
0004000000058f00,2023-03-25T10:00,1920
0004000000058f00,2023-03-25T11:00,2640
0004000000058f00,2023-03-25T12:00,3120
0004000000058c00,2023-03-25T17:00,660
0004000000058c00,2023-03-25T18:00,240
0004000000176f00,2023-03-26T08:00,60
0004000000030800,2023-03-26T08:00,420
0004000000055e00,2023-03-26T08:00,900
0004000000055e00,2023-03-26T09:00,3600
0004000000055e00,2023-03-26T10:00,2100
0004000000058f00,2023-03-26T17:00,240
0004000000058f00,2023-03-26T18:00,3000
0004000000058c00,2023-03-27T09:00,1500
0004000000058c00,2023-03-27T10:00,720
0004000000058f00,2023-03-27T13:00,120
0004000000058f00,2023-03-27T14:00,2160
0004000000058f00,2023-03-27T17:00,1560
0004000000058f00,2023-03-27T18:00,2640
0004000000058f00,2023-03-28T15:00,1920
0004000000058f00,2023-03-28T16:00,1020
0004000000058c00,2023-03-29T08:00,120
0004000000058c00,2023-03-29T09:00,1560
0004000000058c00,2023-03-29T10:00,2280
0004000000058c00,2023-03-29T11:00,2100
0004000000058c00,2023-03-29T12:00,3480
0004000000058c00,2023-03-29T13:00,1020
0004001000021900,2023-03-30T07:00,240
0004000000176f00,2023-03-30T07:00,240
0004001000021800,2023-03-30T07:00,120
0004000000030800,2023-03-30T07:00,1440
0004000000030800,2023-03-30T08:00,480
00040000000c9b00,2023-03-30T08:00,480
0004000000058c00,2023-03-30T13:00,840
0004000000058c00,2023-03-30T14:00,300
0004000000058f00,2023-03-30T15:00,1620
0004000000176f00,2023-03-31T08:00,780
00040000000edf00,2023-03-31T08:00,720
0004000000030800,2023-03-31T08:00,180
0004000000030800,2023-03-31T09:00,1320
0004000000058f00,2023-03-31T13:00,1260
0004000000058c00,2023-03-31T17:00,180
0004000000055d00,2023-04-01T18:00,1200
0004000000058f00,2023-04-01T18:00,840
0004000000058f00,2023-04-01T19:00,420
00040000001b8700,2023-04-01T19:00,1320
00040000000edf00,2023-04-02T07:00,240
0004000000058f00,2023-04-02T07:00,600
0004000000051400,2023-04-02T07:00,60
00040000000ae200,2023-04-02T07:00,420
00040000000ae200,2023-04-02T08:00,240
00040000001b8700,2023-04-03T15:00,2100
00040000001b8700,2023-04-03T16:00,960
0004001000021700,2023-04-04T13:00,60
0004001000021700,2023-04-04T14:00,240
00040000001b8700,2023-04-04T14:00,840
00040000001b8700,2023-04-05T17:00,60
0004000000058f00,2023-04-06T08:00,240
0004000000058f00,2023-04-07T17:00,1080
00040000000edf00,2023-04-07T17:00,420
000400000beef500,2023-04-21T08:00,1200
000400000f800100,2023-04-21T08:00,480
00040000000a8500,2023-04-21T08:00,180
00040000000a8500,2023-04-21T09:00,2820
00040000000a8500,2023-04-21T10:00,2340
00040000000a8500,2023-04-22T10:00,840
00040000000a8500,2023-04-22T11:00,3120
00040000000a8500,2023-04-22T12:00,3600
00040000000a8500,2023-04-22T13:00,720
00040000000a8500,2023-04-22T17:00,480
00040000000a8500,2023-04-22T18:00,1020
00040000000a8500,2023-04-23T13:00,900
00040000000a8500,2023-04-23T16:00,1440
00040000000a8500,2023-04-24T07:00,120
00040000000a8500,2023-04-24T08:00,3540
00040000000a8500,2023-04-24T09:00,3480
00040000000a8500,2023-04-24T12:00,2340
00040000000a8500,2023-04-24T13:00,2220
00040000000a8500,2023-04-25T06:00,120
00040000000a8500,2023-04-25T07:00,3600
00040000000a8500,2023-04-25T08:00,2160
00040000000a8500,2023-04-25T09:00,3240
00040000000a8500,2023-04-25T10:00,1440
00040000000a8500,2023-04-25T12:00,2160
00040000000a8500,2023-04-25T13:00,1320
00040000000a8500,2023-04-26T06:00,720
00040000000a8500,2023-04-26T07:00,600
00040000000a8500,2023-04-26T13:00,1260
00040000000a8500,2023-04-26T14:00,2460
00040000000a8500,2023-04-26T15:00,3360
00040000000a8500,2023-04-26T16:00,3540
00040000000a8500,2023-04-26T17:00,960
00040000000a8500,2023-04-28T08:00,1560
00040000000a8500,2023-04-28T09:00,3540
00040000000a8500,2023-04-28T10:00,180
00040000000a8500,2023-04-28T12:00,1560
00040000000a8500,2023-04-28T13:00,2460
00040000000a8500,2023-04-28T14:00,120
00040000000a8500,2023-04-28T15:00,1260
00040000000a8500,2023-04-28T16:00,3000
00040000000a8500,2023-04-29T08:00,660
000400000f102000,2023-04-29T08:00,480
00040000000a8500,2023-04-29T09:00,1800
00040000000a8500,2023-04-30T10:00,240
00040000000a8500,2023-04-30T17:00,1920
00040000000a8500,2023-04-30T18:00,600
00040000000a8500,2023-05-01T07:00,3360
00040000000a8500,2023-05-01T08:00,3480
00040000000a8500,2023-05-01T09:00,3600
00040000000a8500,2023-05-01T10:00,480
00040000000a8500,2023-05-01T12:00,2580
00040000000a8500,2023-05-01T13:00,2940
00040000000a8500,2023-05-02T12:00,960
00040000000a8500,2023-05-02T13:00,2520
00040000000a8500,2023-05-02T14:00,540
00040000000a8500,2023-05-03T06:00,60
00040000000a8500,2023-05-03T07:00,2400
00040000000a8500,2023-05-03T08:00,3240
00040000000a8500,2023-05-03T14:00,120
00040000000a8500,2023-05-04T06:00,2580
00040000000a8500,2023-05-04T07:00,1680
00040000000a8500,2023-05-05T08:00,2280
00040000000a8500,2023-05-05T09:00,3540
00040000000a8500,2023-05-05T10:00,3120
0004000000030800,2023-05-08T16:00,240
00040000000ae200,2023-05-08T16:00,300
00040000000f2200,2023-05-08T16:00,480
00040000000a8500,2023-05-09T16:00,2460
00040000000a8500,2023-05-09T17:00,840
00040000000f2200,2023-05-10T14:00,1020
00040000000ae200,2023-05-10T14:00,60
00040000000ae200,2023-05-15T07:00,480
00040000000ae200,2023-05-15T08:00,120
0004000000164800,2023-05-18T06:00,1980
00040000001b8700,2023-05-18T07:00,1200
00040000001b8700,2023-05-18T08:00,60
00040000000edf00,2023-05-19T16:00,240
00040000001b8700,2023-05-19T16:00,2100
00040000001b8700,2023-05-19T17:00,360
00040000000ae200,2023-05-21T11:00,1440
0004000000058f00,2023-05-22T06:00,840
0004000000055e00,2023-05-22T06:00,840
0004000000055e00,2023-05-22T07:00,3360
0004000000055e00,2023-05-22T08:00,600
000400000beef500,2023-05-24T13:00,360
000400000beef500,2023-05-24T15:00,420
000400000d921e00,2023-05-24T15:00,840
000400000d921e00,2023-05-25T10:00,1860
0004000004391500,2023-05-25T10:00,360
000400000f800100,2023-05-25T10:00,60
000400000d921e00,2023-05-25T17:00,60
000400000d921e00,2023-05-25T18:00,780
0004000004391500,2023-05-25T18:00,180
000400000beef500,2023-05-29T07:00,300
000400000d921e00,2023-05-29T07:00,300
000400000d921e00,2023-05-29T08:00,180
000400000f800100,2023-05-30T15:00,300
000400000beef500,2023-05-30T15:00,1680
00040000000ae200,2023-06-06T16:00,120
00040000000ae200,2023-06-06T17:00,300
0004000000125500,2023-06-08T13:00,240
0004000000058c00,2023-06-08T13:00,120
0004000000703200,2023-06-08T13:00,2220
0004000000703200,2023-06-08T14:00,480
0004800443505545,2023-06-08T14:00,2760
0004000000055d00,2023-06-09T09:00,120
0004800443505545,2023-06-09T09:00,2520
0004800443505545,2023-06-09T10:00,120
0004800443505545,2023-06-11T07:00,180
0004800443505545,2023-06-11T08:00,1200
0004000000176f00,2023-06-11T09:00,180
0004000000030800,2023-06-11T09:00,720
0004000000030800,2023-07-06T07:00,540
0004001000021000,2023-07-06T07:00,180
0004001000021900,2023-07-06T07:00,120
00040000000c9b00,2023-07-06T07:00,120
0004003000009400,2023-07-06T07:00,60
0004000000176f00,2023-07-06T07:00,900
0004000000176f00,2023-07-06T08:00,1560
0004000000176f00,2023-07-07T07:00,1800
0004000000176f00,2023-07-08T07:00,60
0004000000176f00,2023-07-08T08:00,240
0004000000176f00,2023-07-09T07:00,300
0004000000030800,2023-07-09T07:00,540
0004000000030800,2023-07-09T08:00,600
000400000d921e00,2023-07-09T08:00,960
0004000000a73a00,2023-07-09T08:00,180
0004000000ccb800,2023-07-09T08:00,60
0004000004360000,2023-07-09T08:00,120
0004800457504b41,2023-07-09T08:00,60
000400000f800100,2023-07-09T08:00,120
00040000000edf00,2023-07-10T06:00,1320
0004000000176f00,2023-07-10T06:00,480
0004003000009600,2023-07-10T06:00,60
0004003000009700,2023-07-10T06:00,60
0004000000030800,2023-07-10T06:00,420
0004000000030800,2023-07-10T07:00,1080
0004000000176f00,2023-07-11T07:00,120
0004000000030800,2023-07-11T07:00,660
0004000000030800,2023-07-12T07:00,1200
0004000000176f00,2023-07-13T08:00,3060
0004000000055e00,2023-07-13T08:00,120
0004000000055e00,2023-07-13T09:00,900
0004000000030800,2023-07-13T09:00,360
0004000000030800,2023-07-14T06:00,480
0004000000055e00,2023-07-14T06:00,780
0004000000055e00,2023-07-14T07:00,540
0004003000009600,2023-07-14T07:00,120
0004000000030800,2023-07-14T07:00,540
0004000000176f00,2023-07-14T07:00,660
00040000000ae200,2023-07-14T07:00,420
0004003000009600,2023-07-14T16:00,60
0004000000055e00,2023-07-14T16:00,240
0004000000055e00,2023-07-14T17:00,780
0004003000009400,2023-07-15T07:00,120
0004003000009600,2023-07-15T07:00,60
0004000000176f00,2023-07-15T07:00,600
0004000000176f00,2023-07-15T08:00,780
0004000000164800,2023-07-15T08:00,780
0004000000055e00,2023-07-15T08:00,420
0004003000009600,2023-07-15T08:00,120
00040000000edf00,2023-07-15T08:00,600
0004000000030800,2023-07-15T08:00,840
0004003000009400,2023-07-15T08:00,60
0004003000009400,2023-07-15T09:00,60
0004001000021800,2023-07-15T09:00,120
0004001000021200,2023-07-15T09:00,180
0004800457504b41,2023-07-15T10:00,60
000400000beef500,2023-07-15T10:00,120
00040000000afe00,2023-07-15T10:00,120
0004003000009700,2023-07-15T10:00,60
0004000000030800,2023-07-16T07:00,180
0004000000030800,2023-07-16T08:00,720
0004000000055e00,2023-07-16T08:00,1500
0004003000009600,2023-07-16T08:00,60
0004000000055d00,2023-07-16T08:00,1320
0004000000055d00,2023-07-16T09:00,3600
0004000000055d00,2023-07-16T10:00,180
0004003000009600,2023-07-16T10:00,60
0004000000030800,2023-07-17T07:00,720
0004003000009600,2023-07-17T07:00,60
0004000000055e00,2023-07-17T07:00,1200
0004000000055e00,2023-07-17T08:00,2760
000400000ec10000,2023-07-17T08:00,360
000400000ec10000,2023-07-17T09:00,2220
0004000000055d00,2023-07-17T15:00,1320
00040000000f2200,2023-07-18T07:00,60
0004000000055e00,2023-07-18T07:00,2700
0004003000009600,2023-07-18T07:00,60
0004000000055e00,2023-07-18T08:00,60
0004000000030800,2023-07-18T08:00,300
0004003000009600,2023-07-18T08:00,240
0004001000021700,2023-07-18T08:00,300
00040000000c6600,2023-07-18T08:00,60
00040000001a2d00,2023-07-18T08:00,480
0004003000009700,2023-07-18T08:00,60
0004000000055d00,2023-07-18T15:00,1620
0004000000055d00,2023-07-18T16:00,2160
0004003000009600,2023-07-18T16:00,120
0004003000009600,2023-07-20T07:00,60
0004000000055e00,2023-07-20T07:00,660
0004000000176f00,2023-07-20T08:00,1260
0004000000030800,2023-07-20T08:00,1440
0004000000030800,2023-07-20T09:00,180
0004000000055e00,2023-07-20T09:00,720
0004000000175e00,2023-07-20T15:00,360
0004000000175e00,2023-07-20T16:00,1320
0004000000055d00,2023-07-20T20:00,1680
0004000000055d00,2023-07-20T21:00,240
0004000000055d00,2023-07-21T15:00,3180
0004000000055d00,2023-07-21T16:00,1740
00040000001a2d00,2023-07-22T08:00,60
0004000000030800,2023-07-22T08:00,1080
0004000000030800,2023-07-22T09:00,120
000400000d921e00,2023-07-22T11:00,360
0004000004391500,2023-07-22T11:00,180
0004000000055e00,2023-07-24T08:00,720
0004000000176f00,2023-07-24T08:00,60
0004000000176f00,2023-07-24T09:00,2400
0004003000009600,2023-07-24T09:00,60
0004003000009400,2023-07-24T09:00,120
0004000000030800,2023-07-26T09:00,120
0004000000055e00,2023-07-26T09:00,1680
000400000ec10000,2023-07-26T09:00,1320
000400000ec10000,2023-07-26T10:00,1920
0004000000055e00,2023-07-26T10:00,660
000400000beef500,2023-07-26T10:00,540
0004003000009400,2023-07-26T10:00,60
000400000bcfff00,2023-07-26T10:00,60
000400000beef500,2023-07-26T11:00,120
000400000bcfff00,2023-07-26T11:00,60
000400000f800100,2023-07-26T11:00,60
0004000000055e00,2023-07-26T11:00,180
0004000000030800,2023-07-31T06:00,720
0004000000030800,2023-07-31T07:00,120
0004000000176f00,2023-07-31T07:00,120
0004000000176f00,2023-07-31T08:00,180
0004000000055e00,2023-07-31T08:00,1200
0004003000009600,2023-07-31T08:00,60
0004000004391500,2023-08-02T13:00,60
000400000d921e00,2023-08-02T13:00,480
0004000000030800,2023-08-03T07:00,1260
0004000000033600,2023-08-05T13:00,240
0004000000125500,2023-08-05T13:00,720
0004000000125500,2023-08-05T14:00,300
0004000000030800,2023-08-05T14:00,540
0004000000ccb800,2023-08-05T18:00,60
00040000000edf00,2023-08-05T18:00,60
0004001000021000,2023-08-05T18:00,120
0004003000009400,2023-08-05T18:00,120
0004000000030800,2023-08-05T18:00,360
0004000000055e00,2023-08-05T18:00,180
0004001000021700,2023-08-05T18:00,60
0004000000030800,2023-08-05T20:00,360
0004000000030800,2023-08-06T17:00,420
0004000000176f00,2023-08-06T17:00,180
00040000000edf00,2023-08-06T17:00,180
0004000000055e00,2023-08-06T17:00,420
0004000000051400,2023-08-06T17:00,360
0004001000021200,2023-08-06T17:00,60
0004001020021d00,2023-08-06T17:00,300
0004000000030800,2023-08-07T08:00,60
0004000000030800,2023-08-07T09:00,3060
0004000000030800,2023-08-07T10:00,180
0004000000141000,2023-08-07T10:00,1080
0004000000141000,2023-08-07T11:00,540
0004000000703200,2023-08-07T11:00,60
00040000001b8700,2023-08-07T11:00,360
00040000001b8700,2023-08-07T12:00,600
0004000000051400,2023-08-07T12:00,1800
0004000000058f00,2023-08-07T12:00,180
0004003000009600,2023-08-07T12:00,60
0004001000021700,2023-08-07T12:00,360
0004001000021700,2023-08-07T15:00,60
0004001020021d00,2023-08-07T15:00,660
0004000000058c00,2023-08-07T15:00,60
0004000000125500,2023-08-07T15:00,1740
0004000000125500,2023-08-07T16:00,600
00040000000ae200,2023-08-07T16:00,420
00040000000f2200,2023-08-07T16:00,240
0004003000009700,2023-08-07T16:00,60
0004001000021400,2023-08-07T16:00,120
0004000000033600,2023-08-08T10:00,120
0004000000033600,2023-08-08T11:00,2160
0004000000030800,2023-08-08T11:00,240
0004001020021d00,2023-08-08T11:00,240
0004001000021800,2023-08-08T11:00,60
0004000000033600,2023-08-08T12:00,3360
0004000000033600,2023-08-08T13:00,1380
0004000000033600,2023-08-08T14:00,3540
0004000000033600,2023-08-08T15:00,1560
0004000000033600,2023-08-08T16:00,2340
0004001000021400,2023-08-08T16:00,240
0004001000021200,2023-08-08T22:00,120
0004000000033600,2023-08-09T13:00,420
0004000000033600,2023-08-09T14:00,2100
0004000000033600,2023-08-09T15:00,3420
0004000000033600,2023-08-09T16:00,3540
0004000000033600,2023-08-09T17:00,2340
0004000000030800,2023-08-13T08:00,300
0004000000033600,2023-08-13T08:00,1200
00040000000f2200,2023-08-16T12:00,2580
0004000000030800,2023-08-20T07:00,240
0004000000030800,2023-08-20T08:00,1320
0004001000021400,2023-08-20T08:00,60
0004003000009600,2023-08-20T08:00,60
0004000000176f00,2023-08-20T08:00,660
0004000000055e00,2023-08-20T08:00,1380
0004000000055e00,2023-08-20T09:00,840
0004000000055d00,2023-08-20T09:00,1860
0004800457504b41,2023-08-20T14:00,60
000400000ec10000,2023-08-20T14:00,840
0004000000030800,2023-08-21T08:00,1260
0004003000009600,2023-08-21T08:00,60
0004000000055e00,2023-08-21T08:00,2160
0004000000055e00,2023-08-21T09:00,120
0004003000009600,2023-08-21T09:00,60
0004000000176f00,2023-08-21T09:00,1320
00040000000f2200,2023-08-22T21:00,1200
0004000000030800,2023-08-23T07:00,240
00040000000edf00,2023-08-23T07:00,420
0004000000055e00,2023-08-23T07:00,1200
000400000ec10000,2023-08-23T07:00,60
0004000000055e00,2023-08-24T08:00,1020
000400000ec10000,2023-08-24T08:00,240
0004000000176f00,2023-08-24T08:00,1380
0004003000009600,2023-08-24T08:00,60
0004000000030800,2023-08-24T08:00,780
0004000000030800,2023-08-24T09:00,960
0004000000030800,2023-08-25T08:00,1620
0004003000009600,2023-08-25T08:00,120
0004000000176f00,2023-08-25T08:00,480
0004000000030800,2023-08-26T07:00,240
0004800443505545,2023-08-26T07:00,60
0004000000055e00,2023-08-26T07:00,600
00040000000edf00,2023-08-26T08:00,2580
0004000000030800,2023-08-27T07:00,1920
0004000000030800,2023-09-02T06:00,780
0004000000176f00,2023-09-02T06:00,180
00040000000edf00,2023-09-02T06:00,120
00040000000edf00,2023-09-02T07:00,120
0004000000055e00,2023-09-02T07:00,960
0004003000009400,2023-09-02T07:00,240
00040000001b8700,2023-09-17T12:00,660
0004000000033600,2023-09-29T09:00,180
0004000000125500,2023-09-29T09:00,3240
0004000000125500,2023-09-29T10:00,3120
0004001000021700,2023-10-13T17:00,180
0004000000125500,2023-10-13T17:00,840
0004000000125500,2023-10-13T18:00,960
0004000000030800,2023-10-20T10:00,180
0004000000030800,2023-10-20T11:00,1260
0004000000055e00,2023-10-20T12:00,480
0004001000021000,2023-10-20T12:00,60
00040000000edf00,2023-10-20T12:00,240
0004000000051400,2023-10-20T12:00,300
00040000000edf00,2023-10-24T07:00,240
0004000000055e00,2023-10-24T07:00,900
0004000000051400,2023-10-24T10:00,480
0004000000030800,2023-10-24T10:00,960
0004000000125500,2023-10-24T10:00,900
0004000000125500,2023-10-24T11:00,3000
0004000000125500,2023-10-24T12:00,1200
0004000000055e00,2023-10-25T06:00,1140
00040000005dea00,2023-10-26T10:00,2160
00040000005dea00,2023-10-26T11:00,1080
000400000ec10000,2023-10-26T11:00,180
0004800457504b41,2023-10-26T11:00,60
0004800441444145,2023-10-26T11:00,360
0004800441444145,2023-10-26T12:00,2340
0004800441444145,2023-10-26T13:00,1020
0004000000125500,2023-10-26T15:00,1200
0004000000125500,2023-10-26T16:00,3480
0004000000125500,2023-10-26T17:00,720
0004000000030800,2023-10-27T06:00,1140
0004000000030800,2023-10-27T07:00,60
0004003000009600,2023-10-27T07:00,60
00040000000edf00,2023-10-27T07:00,540
0004800441444145,2023-10-27T07:00,2220
0004800441444145,2023-10-27T08:00,180
0004000006942000,2023-10-27T07:00,120
0004800441444145,2023-10-28T08:00,2400
0004000000703200,2023-10-30T17:00,120
0004000000125500,2023-11-07T15:00,240
0004000000125500,2023-11-07T16:00,1020
0004000000125500,2023-11-10T17:00,780
0004000000058c00,2023-11-13T07:00,1500
0004000000058c00,2023-11-13T08:00,2160
0004000000125500,2023-11-16T16:00,240
0004000000125500,2023-11-16T17:00,240
0004000000058c00,2023-11-17T09:00,1200
0004000000058c00,2023-11-17T10:00,900
00040000000c6600,2023-11-19T06:00,60
0004000000030800,2023-11-19T06:00,120
0004000000030800,2023-11-19T07:00,480
0004000006942000,2023-12-03T12:00,300
0004000000055d00,2023-12-10T11:00,60
0004000000058c00,2023-12-10T11:00,780
0004000000125500,2023-12-10T11:00,180
00040000000edf00,2023-12-19T08:00,660
0004000000055d00,2023-12-19T08:00,60
0004000000055e00,2023-12-19T08:00,300
0004000000030800,2023-12-19T08:00,300
0004001000021400,2023-12-19T08:00,420
000400000bcfff00,2023-12-19T08:00,120
000400000bcfff00,2023-12-19T12:00,240
000400000f800100,2023-12-19T12:00,60
0004000000055d00,2023-12-19T12:00,60
000400000beef500,2023-12-19T12:00,60
000400000beef500,2023-12-19T13:00,900
0004000000055d00,2023-12-19T13:00,120
0004000000055d00,2023-12-21T11:00,1860
0004000000055d00,2023-12-21T12:00,3180
0004000000055d00,2023-12-21T13:00,2160
00040000000a8500,2023-12-22T08:00,900
00040000000a8500,2023-12-22T09:00,2520
0004000000055d00,2023-12-23T06:00,180
0004000000055d00,2023-12-23T07:00,2280
0004000000055d00,2023-12-23T08:00,2580
000400000beef500,2023-12-23T08:00,420
000400000beef500,2023-12-23T09:00,660
000400000f800100,2023-12-23T09:00,60
000400000f800100,2023-12-24T08:00,540
0004001000021000,2023-12-24T08:00,480
0004000000061a00,2023-12-24T08:00,780
0004000000061a00,2023-12-24T09:00,3360
0004000000061a00,2023-12-24T10:00,1920
0004000000061a00,2023-12-24T11:00,2580
0004000000061a00,2023-12-24T12:00,3600
0004000000061a00,2023-12-24T13:00,300
0004000000061a00,2023-12-25T07:00,1740
0004000000061a00,2023-12-25T08:00,3540
0004000000061a00,2023-12-25T09:00,1560
0004000000061a00,2023-12-26T08:00,2820
0004000000061a00,2023-12-26T09:00,3600
0004000000061a00,2023-12-26T10:00,2220
0004000000061a00,2023-12-27T09:00,2580
0004000000061a00,2023-12-27T10:00,3600
0004000000061a00,2023-12-27T11:00,600
0004000000061a00,2023-12-28T08:00,960
0004000000061a00,2023-12-28T09:00,3360
0004000000061a00,2023-12-28T10:00,3600
0004000000061a00,2023-12-28T11:00,3600
0004000000061a00,2023-12-28T12:00,240
0004000000061a00,2023-12-29T08:00,2400
0004000000061a00,2023-12-29T09:00,1200
0004000000030800,2023-12-30T07:00,1320
0004003000009600,2023-12-30T07:00,60
00040000000edf00,2023-12-30T07:00,1380
00040000000edf00,2023-12-30T08:00,120
0004000000061a00,2023-12-30T08:00,360
0004000000055d00,2023-12-31T06:00,300
0004000000055d00,2023-12-31T07:00,2220
0004000000055d00,2023-12-31T08:00,60
0004000000055d00,2024-01-14T07:00,60
0004000000055d00,2024-01-15T11:00,2040
0004000000055d00,2024-01-15T12:00,3420
0004000000055d00,2024-01-15T13:00,540
0004000000055d00,2024-01-16T12:00,2160
0004000000055d00,2024-01-18T15:00,1620
0004000000055d00,2024-01-18T16:00,3600
0004000000055d00,2024-01-18T17:00,3360
0004000000055d00,2024-01-18T18:00,840
0004000000055d00,2024-01-24T08:00,1080
0004000000055d00,2024-01-24T09:00,2940
0004000000055d00,2024-01-30T17:00,720
0004000000055d00,2024-01-30T18:00,3600
0004000000055d00,2024-01-30T19:00,240
0004000000055d00,2024-01-31T17:00,2100
0004000000055d00,2024-02-02T08:00,60
0004000000055d00,2024-02-02T09:00,3360
0004000000055d00,2024-02-02T10:00,180
0004000000055d00,2024-02-08T15:00,360
0004000000055d00,2024-02-08T16:00,2700
0004000000055d00,2024-02-08T17:00,480
0004000000055d00,2024-02-11T08:00,2220
0004000000055d00,2024-02-11T09:00,2400
0004000000055d00,2024-02-14T13:00,720
0004000000055d00,2024-02-14T14:00,3600
0004000000055d00,2024-02-14T15:00,2340
0004000000055d00,2024-02-16T16:00,1440
0004000000055d00,2024-02-17T13:00,2040
0004000000055d00,2024-02-17T14:00,3600
0004000000055d00,2024-02-17T15:00,3600
0004000000055d00,2024-02-17T16:00,300
0004000000055d00,2024-02-18T15:00,2280
0004000000055d00,2024-02-18T16:00,2580
0004000000055d00,2024-02-21T12:00,420
0004000000055d00,2024-02-21T13:00,3300
0004001000021400,2024-02-21T13:00,60
0004000000055d00,2024-03-02T16:00,1620
0004000000055d00,2024-03-02T17:00,120
0004000000055d00,2024-03-04T15:00,1800
0004000000055d00,2024-03-04T16:00,1200
0004003000009600,2024-03-25T08:00,60
0004001000021100,2024-03-27T08:00,60
0004001000021000,2024-03-27T08:00,60
000400000beef500,2024-03-27T08:00,1920
00040000000edf00,2024-03-27T08:00,240
0004800457504b41,2024-03-27T08:00,60
000400000f800100,2024-03-27T08:00,60
0004000000153500,2024-03-27T08:00,240
0004000000153500,2024-03-27T09:00,240
000400000beef500,2024-03-27T09:00,1440
000400000f800100,2024-03-27T09:00,180
000400000d921e00,2024-03-27T09:00,120
0004000002c23200,2024-03-27T09:00,120
0004001000021900,2024-03-27T09:00,180
00040000001a0400,2024-03-27T09:00,240
00040000001a0400,2024-03-27T10:00,960
00040000001a0400,2024-03-28T08:00,1920
000400000f800100,2024-03-31T05:00,240
0004000000030800,2024-03-31T05:00,120
0004000000176f00,2024-04-05T06:00,480
0004000000176f00,2024-04-05T07:00,3600
0004000000176f00,2024-04-05T08:00,2580
0004000000176f00,2024-04-06T07:00,2640
0004000000176f00,2024-04-06T08:00,3540
0004000000176f00,2024-04-06T09:00,2280
0004000000176f00,2024-04-07T08:00,2040
0004000000176f00,2024-04-07T09:00,3240
0004000000176f00,2024-04-11T09:00,60
0004003000009400,2024-04-11T09:00,60
0004003000009600,2024-04-11T09:00,60
000480044952424f,2024-04-11T09:00,60
00040000000edf00,2024-05-01T06:00,120
0004000000103000,2024-05-01T06:00,180
000400000beef500,2024-05-01T06:00,300
00040000001deb00,2024-05-01T06:00,60
000400000f800100,2024-05-01T07:00,120
000400000d40d200,2024-05-01T07:00,1200
000400000d921e00,2024-05-01T07:00,1500
0004000000030800,2024-05-01T07:00,180
0004001000021000,2024-05-01T07:00,180
000400100002c000,2024-05-01T07:00,180
0004000002c23200,2024-05-01T07:00,60
000400100002c000,2024-05-01T08:00,1860
0004001000021000,2024-05-01T08:00,300
0004001000021700,2024-05-01T08:00,60
000400300000bd00,2024-05-01T08:00,720
0004003000009600,2024-05-01T08:00,120
0004001000021900,2024-05-01T08:00,60
00040000000afe00,2024-05-01T08:00,360
00040000000afe00,2024-05-01T09:00,120
000400000d921e00,2024-05-01T09:00,60
000400000bafe000,2024-05-01T09:00,360
0004001000021000,2024-05-01T09:00,60
0004000000703200,2024-05-01T09:00,60
0004003000009600,2024-05-01T09:00,60
000400300000bd00,2024-05-01T11:00,120
000400300000bd00,2024-05-01T12:00,60
0004000000176f00,2024-05-01T12:00,600
00040000001a0400,2024-05-01T17:00,660
00040000001a0400,2024-05-02T07:00,1200
000400300000bd00,2024-05-02T07:00,240
0004003000009600,2024-05-02T07:00,60
0004000000176f00,2024-05-02T07:00,120
0004000000176f00,2024-05-02T08:00,120
0004000000030800,2024-05-02T08:00,1080
0004001000021800,2024-05-02T08:00,120
00040000001a2d00,2024-05-02T08:00,60
0004001000021400,2024-05-02T08:00,60
0004000000176f00,2024-05-03T07:00,180
000400300000bd00,2024-05-03T07:00,180
000400300000bd00,2024-05-04T10:00,120
0004003000009400,2024-05-04T10:00,120
000400000f800100,2024-05-04T10:00,60
0004000003df1000,2024-05-04T10:00,180
00040000001a0400,2024-05-04T10:00,1080
00040000001a0400,2024-05-04T11:00,360
0004000003df1000,2024-05-04T11:00,120
0004003000009600,2024-05-04T11:00,60
0004003000009300,2024-05-04T11:00,60
0004003000009400,2024-05-04T11:00,60
0004003000009700,2024-05-04T11:00,60
0004000000030800,2024-05-04T16:00,120
000400300000bd00,2024-05-04T16:00,300
0004000000176f00,2024-05-04T16:00,1140
00040000001b8700,2024-05-04T17:00,180
0004000000051400,2024-05-05T07:00,900
00040000001a0400,2024-05-05T07:00,1320
00040000001a0400,2024-05-05T08:00,120
0004000000033600,2024-05-05T08:00,1320
0004000000176f00,2024-05-06T07:00,2340
00040000000edf00,2024-05-07T07:00,120
0004000000030800,2024-05-07T07:00,1440
0004001000021400,2024-05-07T07:00,60
0004000000176f00,2024-05-11T13:00,180
000400000f102000,2024-05-11T13:00,480
0004003000009600,2024-05-14T06:00,60
00040000000edf00,2024-05-14T06:00,60
0004000000176f00,2024-05-14T06:00,300
00040000001a0400,2024-05-14T06:00,60
00040000001a0400,2024-05-14T07:00,720
00040000001a0400,2024-05-25T06:00,540
00040000001a0400,2024-05-25T07:00,120
0004000000176f00,2024-05-29T17:00,180
000400300000bd00,2024-05-29T17:00,120
000400300000bd00,2024-05-29T18:00,300
0004000000176f00,2024-05-30T07:00,60
000400300000bd00,2024-05-30T07:00,180
0004000000055d00,2024-05-30T07:00,1920
0004000000055d00,2024-05-30T08:00,3540
0004000000055d00,2024-05-30T09:00,120
0004000000176f00,2024-06-20T13:00,300
000400300000bd00,2024-06-20T13:00,600
0004000000033600,2024-06-20T13:00,840
0004000000176f00,2024-06-20T14:00,720
0004000000176f00,2024-06-23T11:00,840
000400300000bd00,2024-06-23T11:00,720
0004003000009400,2024-06-23T11:00,60
0004000000103000,2024-07-05T07:00,420
000400000beef500,2024-07-05T07:00,1020
000400000d921e00,2024-07-05T07:00,120
000400000f800100,2024-07-05T07:00,60
000400300000bd00,2024-07-05T10:00,60
000400000d921e00,2024-07-05T10:00,840
000400000d921e00,2024-07-05T11:00,60
00040000001deb00,2024-07-06T07:00,60
000400000f800100,2024-07-06T07:00,660
000400000d921e00,2024-07-06T07:00,540
000400000bafe000,2024-07-06T07:00,60
000400000bcfff00,2024-07-06T07:00,120
0004000001620000,2024-07-06T07:00,60
0004800453524c41,2024-07-06T07:00,0
000400000beef500,2024-07-06T07:00,180
000400000beef500,2024-07-06T08:00,300
000400000f800100,2024-07-06T08:00,300
0004800457504b41,2024-07-06T08:00,60
000400000d921e00,2024-07-06T08:00,1320
000400000d40d200,2024-07-06T08:00,300
0004003000009600,2024-07-06T08:00,60
000400300000bd00,2024-07-06T08:00,120
00040000001a0400,2024-07-06T08:00,480
00040000001a0400,2024-07-06T09:00,240
00040000001a0400,2024-07-09T07:00,840
00040000000f2200,2024-07-09T07:00,600
00040000000f2200,2024-07-09T08:00,600
00040000001a0400,2024-07-10T07:00,2040
00040000001a0400,2024-07-10T08:00,180
00040000000f2200,2024-07-10T08:00,1140
00040000000f2200,2024-07-11T07:00,300
00040000000ae200,2024-07-11T07:00,360
00040000000ae200,2024-07-11T08:00,300
00040000001a0400,2024-07-11T08:00,1260
00040000001a0400,2024-07-12T08:00,1440
0004003000009700,2024-07-12T08:00,60
0004001000021800,2024-07-12T08:00,60
0004003000009600,2024-07-12T08:00,60
0004000000030800,2024-07-12T08:00,1020
00040000001a0400,2024-07-13T07:00,720
00040000001a0400,2024-07-13T13:00,120
00040000001a0400,2024-07-14T07:00,1500
00040000001a0400,2024-07-14T08:00,540
00040000001a0400,2024-07-15T08:00,600
00040000001a0400,2024-07-16T07:00,720
0004001000021500,2024-07-17T07:00,60
00040000001a0400,2024-07-17T07:00,240
00040000000ae200,2024-07-17T07:00,720
0004001000021400,2024-07-17T07:00,60
00040000001a0400,2024-07-17T08:00,420
00040000001a0400,2024-07-18T07:00,1380
00040000001a0400,2024-07-19T07:00,2040
00040000001a0400,2024-07-20T06:00,900
00040000001a0400,2024-07-20T07:00,480
0004000000058f00,2024-07-20T07:00,240
00040000001a0400,2024-07-21T06:00,1200
00040000001a0400,2024-07-21T07:00,480
00040000001a0400,2024-07-21T08:00,60
00040000001a0400,2024-07-22T06:00,540
00040000001a0400,2024-07-22T07:00,1620
00048004415a4545,2024-07-22T07:00,900
00040000001a0400,2024-07-22T16:00,60
00048004415a4545,2024-07-22T16:00,60
00040000001a0400,2024-07-26T07:00,480
00040000001a0400,2024-07-28T06:00,360
00040000001a0400,2024-07-28T07:00,960
00040000001a0400,2024-07-30T07:00,360
00040000001a0400,2024-07-31T07:00,60
0004000000033600,2024-07-31T07:00,120
00040000001a0400,2024-08-02T11:00,180
0004001000021400,2024-09-12T09:00,780
0004001000021500,2024-09-12T09:00,120
0004001000021400,2024-09-14T12:00,360
00048004415a4545,2024-09-29T08:00,600
0004000000058f00,2024-09-29T08:00,60
0004000000055d00,2024-09-29T08:00,2160
0004000000055d00,2024-09-29T09:00,2520
0004003000009600,2024-10-05T15:00,60
0004001000021200,2024-10-05T15:00,120
0004001000021400,2024-10-05T15:00,120
0004000000033600,2024-10-15T12:00,360
0004000000125500,2024-10-15T12:00,840
00040000000edf00,2024-10-15T12:00,960
00040000000edf00,2024-10-15T15:00,120
0004000000176f00,2024-10-15T15:00,480
00040000000edf00,2024-10-19T15:00,2040
0004001000021000,2024-11-03T20:00,180
000400000d921e00,2024-11-03T20:00,600
00040000001deb00,2024-11-03T20:00,240
000400000beef500,2024-11-03T20:00,540
000400000beef500,2024-11-03T21:00,120
000400000f800100,2024-11-03T21:00,60
0004000003df1000,2024-11-04T07:00,960
0004000000030800,2024-11-04T07:00,420
000400000d40d200,2024-11-04T07:00,60
000400300000bd00,2024-11-04T07:00,60
0004000000030800,2024-11-04T08:00,120
00040000001a0400,2024-11-09T08:00,1620
00040000001a0400,2024-11-09T09:00,120
00040000001a0400,2024-11-10T05:00,300
00040000000ae200,2024-11-10T05:00,180
0004001000021000,2024-11-10T20:00,120
00040000001a0400,2024-11-27T10:00,420
0004000000055d00,2024-11-27T10:00,60
0004000000055e00,2024-11-27T10:00,120
0004000000055e00,2024-11-27T11:00,720
0004000000033600,2024-12-21T10:00,3300
0004000000033600,2024-12-21T11:00,2040
0004000000033600,2024-12-21T12:00,3000
000400000d921e00,2024-12-28T18:00,180
000400000f800100,2024-12-28T18:00,120
000400000beef500,2024-12-28T18:00,1140
0004000001620000,2024-12-28T18:00,60
0004000003df1000,2024-12-28T19:00,2220
0004000003df1000,2024-12-28T20:00,180
000400000f800100,2024-12-28T20:00,240
0004001000021000,2024-12-28T20:00,300
0004001000021900,2024-12-28T20:00,60
000400300000bd00,2024-12-28T20:00,60
000400000d40d200,2024-12-28T20:00,60
0004000002c23200,2024-12-28T20:00,60
000400000d921e00,2024-12-28T20:00,60
000400000bcfff00,2024-12-28T20:00,60
0004000000086300,2024-12-28T20:00,1740
0004000000086300,2024-12-28T21:00,3600
0004000000086300,2024-12-28T22:00,360
0004000000086300,2024-12-29T16:00,3180
0004000000086300,2024-12-29T17:00,3240
0004000000086300,2024-12-29T18:00,540
0004000000086300,2024-12-30T10:00,1980
0004000000086300,2024-12-30T11:00,900
0004000003df1000,2024-12-30T12:00,420
0004000003df1000,2024-12-30T13:00,300
0004001000021000,2024-12-30T13:00,60
000400000bcfff00,2024-12-30T13:00,120
000400000014f100,2024-12-30T13:00,1800
0004000000086300,2024-12-30T13:00,660
0004000000086300,2024-12-30T14:00,2400
0004000000086300,2024-12-31T21:00,360
0004000000086300,2024-12-31T22:00,960
0004000000086300,2025-01-01T08:00,420
0004000000086300,2025-01-01T09:00,1800
0004000000086300,2025-01-01T21:00,1500
000400000bcfff00,2025-01-02T09:00,60
000400000f800100,2025-01-02T09:00,660
0004003000009300,2025-01-02T09:00,60
0004001000021000,2025-01-02T09:00,120
0004000000df1100,2025-01-02T09:00,240
000400000beef500,2025-01-02T09:00,300
0004003000009e00,2025-01-02T09:00,120
0004000004391500,2025-01-02T09:00,60
0004000000086300,2025-01-02T09:00,540
0004000000086300,2025-01-02T10:00,420
0004000000086300,2025-01-03T13:00,3120
0004000000086300,2025-01-03T14:00,3360
0004000000086300,2025-01-03T15:00,2460
0004000000086300,2025-01-04T09:00,1680
0004000000086300,2025-01-05T15:00,780
0004000000086300,2025-01-05T16:00,2700
0004000000086300,2025-01-05T17:00,180
0004000000153500,2025-01-06T11:00,60
0004000000086300,2025-01-06T11:00,2220
0004000000086300,2025-01-06T12:00,2940
0004000000086300,2025-01-06T13:00,1080
0004000000086300,2025-01-07T09:00,2640
0004000000086300,2025-01-07T10:00,1740
0004001000021800,2025-01-08T15:00,60
0004000000086300,2025-01-09T12:00,1620
0004001000021800,2025-01-09T12:00,120
0004001000021800,2025-01-09T13:00,180
0004000000175e00,2025-01-09T13:00,1380
0004000000086300,2025-01-09T13:00,300
0004000000086300,2025-01-10T10:00,1800
0004000000086300,2025-01-10T12:00,3360
0004000000086300,2025-01-11T12:00,2280
0004000000086300,2025-01-14T11:00,1980
0004000000086300,2025-01-15T09:00,2880
0004000000086300,2025-01-15T10:00,300
0004000000086300,2025-01-19T08:00,360
0004000000086300,2025-01-19T09:00,1620
0004000000086300,2025-01-29T10:00,1440
0004000000086300,2025-01-29T11:00,1140
0004000000175e00,2025-01-29T11:00,1740
0004000000175e00,2025-01-29T12:00,3600
0004000000175e00,2025-01-29T13:00,3120
0004000000175e00,2025-01-29T14:00,1140
00040000001a7100,2025-01-29T14:00,120
0004000000086300,2025-01-30T13:00,1560
0004000000703200,2025-01-30T13:00,60
0004000000703200,2025-01-30T14:00,240
0004000000086300,2025-02-22T13:00,960
0004000000086300,2025-02-22T14:00,300
0004000000030800,2025-02-22T14:00,2160
0004003000009300,2025-02-27T16:00,60
000400000f102000,2025-02-27T16:00,120
0004000000033600,2025-03-02T11:00,1380
0004000000033600,2025-03-02T12:00,480
0004000000125500,2025-03-23T11:00,2280
0004000000125500,2025-03-23T12:00,60
0004000000055d00,2025-03-23T12:00,1020
0004800443505545,2025-03-23T12:00,1320
000400000beef500,2025-05-08T08:00,420
000400000f800100,2025-05-08T08:00,360
0004800453524c41,2025-05-08T08:00,240
000400000d921e00,2025-05-08T08:00,840
000400000d40d200,2025-05-08T08:00,60
000400000ec10000,2025-05-08T08:00,180
0004800457504b41,2025-05-08T08:00,60
000400000abba000,2025-05-08T08:00,120
0004000009f99e00,2025-05-08T08:00,60
000400000f3d5c00,2025-05-08T08:00,240
0004003000009700,2025-05-08T08:00,120
000400300000bd00,2025-05-08T08:00,60
0004003000009600,2025-05-08T08:00,60
0004000000176f00,2025-05-08T08:00,60
0004000000030800,2025-05-08T08:00,180
0004000000030800,2025-05-08T09:00,1020
0004001000021200,2025-05-08T09:00,60
0004003000009600,2025-05-08T09:00,180
000400300000bd00,2025-05-08T10:00,420
000400000f800100,2025-05-08T10:00,60
0004001000021000,2025-05-08T10:00,120
000400100002c000,2025-05-08T10:00,180
000400300000bd00,2025-05-09T08:00,420
0004003000009600,2025-05-09T08:00,1800
0004000000176f00,2025-05-09T08:00,360
0004000000164800,2025-05-09T08:00,360
0004000000164800,2025-05-09T09:00,180
00040000001a2d00,2025-05-09T09:00,60
0004003000009600,2025-05-09T09:00,120
00040000001b8700,2025-05-09T09:00,60
0004000000030800,2025-05-09T09:00,1020
0004000000086300,2025-05-09T21:00,1020
000400000f3d5c00,2025-05-09T22:00,1500
0004003000009700,2025-05-09T22:00,60
0004001000021800,2025-05-09T22:00,180
0004003000009600,2025-05-09T22:00,60
0004003000009700,2025-05-10T07:00,60
0004003000009600,2025-05-10T07:00,60
0004000000030800,2025-05-10T07:00,2220
0004003000009600,2025-05-10T08:00,120
0004001000021800,2025-05-10T08:00,300
0004000000176f00,2025-05-10T08:00,60
00040000001a0400,2025-05-10T08:00,660
0004001000021000,2025-05-10T08:00,120
0004003000009300,2025-05-10T08:00,60
000400300000bd00,2025-05-10T08:00,180
0004000000153500,2025-05-11T07:00,60
0004003000009700,2025-05-11T07:00,60
0004000000030800,2025-05-11T07:00,840
000400300000bd00,2025-05-11T07:00,360
0004003000009600,2025-05-11T07:00,60
0004000000030800,2025-05-11T08:00,1320
0004000000176f00,2025-05-11T08:00,60
0004003000009600,2025-05-11T08:00,60
000400300000bd00,2025-05-11T08:00,60
000400000f3d5c00,2025-05-12T08:00,840
0004000000030800,2025-05-12T13:00,420
0004003000009600,2025-05-12T13:00,60
0004000000030800,2025-05-12T14:00,2100
0004003000009600,2025-05-12T14:00,60
0004000000030800,2025-05-13T15:00,360
0004000000030800,2025-05-13T16:00,3240
0004000000030800,2025-05-14T15:00,1740
0004003000009700,2025-05-14T15:00,60
0004000000030800,2025-05-14T16:00,1920
0004000000030800,2025-05-15T16:00,180
0004003000009700,2025-05-15T16:00,60
0004000000030800,2025-05-16T11:00,60
0004000000030800,2025-05-16T12:00,360
0004003000009600,2025-05-17T08:00,60
0004000000030800,2025-05-17T08:00,900
0004003000009700,2025-05-17T15:00,60
0004000000030800,2025-05-17T15:00,1140
0004000000030800,2025-05-17T16:00,900
0004000000030800,2025-05-19T08:00,840
00040000001a0400,2025-05-19T08:00,600
000400000d921e00,2025-05-20T10:00,180
000400000d921e00,2025-05-20T11:00,1140
000400000d921e00,2025-05-20T12:00,1620
000400000d921e00,2025-05-20T13:00,480
000400000d921e00,2025-05-20T15:00,120
000400000d921e00,2025-05-20T16:00,120
000400000d921e00,2025-05-24T18:00,120
0004000000030800,2025-05-25T12:00,60
000400000f800100,2025-05-26T21:00,180
0004000000df1000,2025-05-26T21:00,420
0004003000009600,2025-05-26T22:00,120
0004003000009600,2025-05-27T09:00,60
000400000f800100,2025-05-27T09:00,120
0004000000df1000,2025-05-27T09:00,120
000400000beef500,2025-05-27T09:00,840
00040000001b8700,2025-05-27T09:00,60
000400000f3d5c00,2025-05-27T09:00,420
0004000004391500,2025-05-27T09:00,60
000400000beef500,2025-05-28T18:00,600
00040000001b8700,2025-05-28T18:00,480
00040000001b8700,2025-05-28T19:00,60
000400000d921e00,2025-06-01T10:00,60
0004001000021800,2025-06-01T10:00,120
0004000003df1000,2025-06-04T16:00,720
000400000f800100,2025-06-04T16:00,600
000400000beef500,2025-06-04T16:00,660
000400000f800100,2025-06-04T19:00,60
000400000f3d5c00,2025-06-04T19:00,720
000400000f3d5c00,2025-06-04T20:00,3600
000400000f3d5c00,2025-06-04T21:00,1980
0004003000009700,2025-06-07T08:00,60
0004000000176f00,2025-06-07T08:00,60
0004001000021000,2025-06-07T08:00,420
0004003000009400,2025-06-07T08:00,120
0004000000055d00,2025-06-07T08:00,120
0004000000175e00,2025-06-07T09:00,1080
0004000000030800,2025-06-07T09:00,1140
0004000000176f00,2025-06-10T14:00,240
000400300000bd00,2025-06-10T14:00,300
0004000000086300,2025-06-10T14:00,780
0004000000086300,2025-06-10T15:00,600
00040000000ec300,2025-06-11T07:00,60
0004000000088900,2025-06-11T07:00,600
0004001000021e00,2025-06-11T07:00,1080
0004000000030800,2025-06-14T06:00,120
0004000000030800,2025-06-14T07:00,1800
000400000f800100,2025-06-14T10:00,60
000400000c243300,2025-06-14T10:00,1920
000400000c243300,2025-06-14T11:00,420
0004000000030800,2025-06-15T08:00,240
000400000c243300,2025-06-15T08:00,1140
000400000c243300,2025-06-15T09:00,3600
00040000000edf00,2025-06-17T07:00,120
0004001000021800,2025-06-17T08:00,240
00040000001a0400,2025-06-17T08:00,120
0004000000030800,2025-06-17T08:00,420
0004000000033600,2025-06-17T08:00,660
0004000000030800,2025-06-18T07:00,1080
0004000000030800,2025-06-18T08:00,540
0004000000176f00,2025-06-18T08:00,1620
00040000001b8700,2025-06-18T08:00,240
0004000000086300,2025-06-18T08:00,240
0004000000176f00,2025-06-19T09:00,1860
0004000000176f00,2025-06-19T10:00,360
0004000000030800,2025-06-19T12:00,960
0004000000033600,2025-06-19T12:00,300
0004000000033600,2025-06-19T13:00,1620
0004000000125500,2025-06-19T13:00,1320
0004000000125500,2025-06-19T14:00,1380
0004000000125500,2025-06-19T15:00,660
0004003000009700,2025-06-19T15:00,60
000400000bafe000,2025-06-21T20:00,1500
0004003000009300,2025-06-21T20:00,60
0004003000009600,2025-06-21T20:00,120
00040000000edf00,2025-06-23T08:00,720
0004000000176f00,2025-06-23T08:00,840
0004000000030800,2025-06-23T08:00,1860
0004000000030800,2025-06-23T09:00,1920
0004000000030800,2025-06-24T07:00,1680
0004000000030800,2025-06-24T08:00,660
0004000000176f00,2025-06-24T08:00,1980
0004000002c23200,2025-06-24T08:00,60
000400000f800100,2025-06-24T08:00,60
0004001000021000,2025-06-24T10:00,240
0004001020024100,2025-06-24T10:00,60
000400000f800100,2025-06-24T10:00,60
000400000bcfff00,2025-06-24T10:00,60
000400000bcfff00,2025-06-24T11:00,240
000400000beef500,2025-06-24T11:00,240
000400000bafe000,2025-06-24T11:00,180
000400000d921e00,2025-06-24T11:00,420
000400000f800100,2025-06-24T11:00,60
0004000001610000,2025-06-24T11:00,120
000400300000bd00,2025-06-24T12:00,660
0004003000009600,2025-06-24T12:00,60
0004001000021000,2025-06-24T12:00,180
0004003000009600,2025-06-25T07:00,240
000400300000bd00,2025-06-25T07:00,360
0004000000176f00,2025-06-25T07:00,840
0004000000030800,2025-06-25T07:00,840
0004003000009600,2025-06-25T18:00,120
0004001000021500,2025-06-25T18:00,240
0004003000009600,2025-06-25T19:00,60
0004000000030800,2025-06-26T07:00,960
0004000000176f00,2025-06-26T07:00,240
0004000000176f00,2025-06-26T08:00,120
000400000c243300,2025-06-26T09:00,60
000400000c243300,2025-06-26T10:00,3600
000400000c243300,2025-06-26T11:00,600
0004000000176f00,2025-06-29T07:00,2580
0004000000176f00,2025-06-29T08:00,1020
0004003000009600,2025-06-29T08:00,60
000400300000bd00,2025-06-29T08:00,180
0004000000176f00,2025-06-30T08:00,1680
0004000000176f00,2025-06-30T09:00,2100
0004000000030800,2025-06-30T09:00,60
0004003000009600,2025-06-30T09:00,360
000400300000bd00,2025-06-30T09:00,300
0004003000009600,2025-07-01T06:00,180
0004003000009700,2025-07-01T06:00,60
0004001000021800,2025-07-01T06:00,600
0004000000176f00,2025-07-01T06:00,420
0004000000176f00,2025-07-01T07:00,960
0004003000009600,2025-07-01T07:00,60
00040000001a0400,2025-07-01T07:00,540
0004000000030800,2025-07-01T07:00,2040
0004000000030800,2025-07-01T08:00,1080
0004000000176f00,2025-07-01T18:00,1260
0004000000176f00,2025-07-02T06:00,240
0004000000176f00,2025-07-06T09:00,960
0004003000009600,2025-07-06T09:00,120
0004000000030800,2025-07-06T09:00,1680
0004000000030800,2025-07-06T10:00,60
0004003000009600,2025-07-06T10:00,240
0004000000176f00,2025-07-06T10:00,360
000400000c243300,2025-07-07T20:00,240
0004003000009700,2025-07-07T21:00,60
000400000c243300,2025-07-07T21:00,1980
0004000000176f00,2025-07-08T15:00,1200
0004000000030800,2025-07-08T15:00,720
0004000000030800,2025-07-08T16:00,240
0004000000030800,2025-07-09T08:00,1380
0004000000030800,2025-07-09T09:00,480
0004000000030800,2025-07-10T15:00,2340
0004000000030800,2025-07-10T16:00,360
0004003000009600,2025-07-11T07:00,60
0004000000030800,2025-07-11T07:00,1740
0004000000030800,2025-07-12T15:00,1380
0004000000176f00,2025-07-13T06:00,60
0004000000176f00,2025-07-13T07:00,480
0004000000030800,2025-07-13T08:00,1560
0004003000009700,2025-07-13T15:00,60
0004003000009600,2025-07-13T15:00,60
0004000000176f00,2025-07-13T15:00,900
0004000000030800,2025-07-14T07:00,600
0004000000030800,2025-07-14T08:00,2880
0004000000030800,2025-07-15T07:00,3180
0004000000030800,2025-07-15T08:00,60
0004003000009600,2025-07-15T08:00,60
0004000000030800,2025-07-15T15:00,1140
0004000000030800,2025-07-17T07:00,1320
0004000000030800,2025-07-17T08:00,1020
0004000000030800,2025-07-17T15:00,1440
0004000000030800,2025-07-18T07:00,660
0004000000030800,2025-07-19T08:00,3480
0004000000030800,2025-07-19T09:00,1500
0004000000030800,2025-07-20T08:00,2400
000400000beef500,2025-07-20T22:00,120
0004000000030800,2025-07-21T07:00,60
0004000000176f00,2025-07-21T07:00,840
0004000000030800,2025-07-22T08:00,2280
0004000000030800,2025-07-23T08:00,1440
0004000000030800,2025-07-24T07:00,1080
0004000000030800,2025-07-24T08:00,120
0004000000176f00,2025-07-24T08:00,540
0004003000009600,2025-07-24T08:00,60
000400000beef500,2025-07-24T17:00,240
0004001000021200,2025-07-24T20:00,2160
0004001000021200,2025-07-24T21:00,240
0004000000030800,2025-07-25T07:00,1320
0004000000030800,2025-07-25T08:00,2400
0004000000030800,2025-07-26T13:00,2220
000400000c243300,2025-07-26T13:00,240
000400000c243300,2025-07-26T14:00,1140
0004003000009700,2025-07-26T14:00,60
0004000000030800,2025-07-27T07:00,660
0004000000030800,2025-07-28T07:00,660
0004000000030800,2025-07-28T08:00,1140
0004000000703200,2025-07-28T14:00,120
0004000000703200,2025-07-28T15:00,1020
0004000000030800,2025-07-28T15:00,120
0004000000030800,2025-07-29T07:00,660
0004000000030800,2025-07-29T08:00,2280
0004001000021200,2025-07-29T13:00,1620
0004001000021200,2025-07-29T14:00,600
0004001000021200,2025-07-30T08:00,120
0004000009f99e00,2025-07-30T08:00,600
0004000000030800,2025-07-31T07:00,1800
0004000000030800,2025-07-31T15:00,2340
0004000000030800,2025-08-01T07:00,60
0004000000030800,2025-08-01T08:00,1680
0004001000021000,2025-08-01T16:00,60
0004001000021200,2025-08-01T16:00,300
000400000beef500,2025-08-02T19:00,60
000400000beef500,2025-08-02T20:00,60
0004000000030800,2025-08-02T21:00,720
0004000000030800,2025-08-03T08:00,720
0004000000033600,2025-08-05T15:00,120
0004001000021400,2025-08-05T15:00,840
0004000000125500,2025-08-23T18:00,180
0004001000021400,2025-09-03T20:00,300
0004001000021400,2025-09-07T17:00,720
0004000000055d00,2025-09-09T15:00,1980
0004000000055d00,2025-09-09T16:00,120
00040000000a8500,2025-09-09T16:00,120
0004001000021400,2025-09-10T11:00,120
000480044952424f,2025-09-10T15:00,60
0004000000030800,2025-09-10T15:00,240
0004000000125500,2025-09-10T15:00,720
0004001000021400,2025-09-14T17:00,60
00048004415a4545,2025-09-17T07:00,60
0004001000021000,2025-09-28T09:00,60
0004000000030800,2025-09-28T09:00,1560
0004003000009600,2025-10-01T05:00,60
0004000000030800,2025-10-01T05:00,120
0004003000009400,2025-10-01T06:00,660
0004003000009600,2025-10-01T06:00,240
0004000000176f00,2025-10-01T06:00,1740
0004001000021000,2025-10-01T06:00,60
0004003000009600,2025-10-02T07:00,300
0004000000176f00,2025-10-02T07:00,840
0004000000030800,2025-10-02T07:00,660
0004000000030800,2025-10-02T08:00,1860
0004003000009600,2025-10-02T08:00,60
0004003000009600,2025-10-03T07:00,120
0004000000030800,2025-10-03T07:00,1320
0004000000030800,2025-10-03T08:00,420
0004003000009600,2025-10-04T07:00,180
0004000000176f00,2025-10-04T07:00,1620
0004001000021400,2025-10-04T20:00,60
0004001000021400,2025-10-04T21:00,60
0004003000009600,2025-10-18T16:00,60
0004000000055d00,2025-10-18T20:00,240
0004000000055d00,2025-10-18T21:00,60
0004003000009700,2025-10-29T08:00,60
0004000000030800,2025-10-29T08:00,780
0004000000030800,2025-10-29T09:00,180
0004000000030800,2025-10-30T08:00,2700
0004000000030800,2025-12-04T08:00,1200
0004000000030800,2025-12-04T09:00,120
0004000000176f00,2025-12-04T09:00,180
0004003000009700,2025-12-04T09:00,60
0004001020021300,2025-12-05T13:00,60
0004001000021200,2025-12-05T13:00,660
000400000beef500,2025-12-05T13:00,180
000400000d921e00,2025-12-09T09:00,480
000400000d40d200,2025-12-09T09:00,240
0004003000009600,2025-12-09T09:00,360
0004800457504b41,2025-12-09T09:00,60
0004000000086300,2025-12-09T09:00,1560
000400000beef500,2025-12-09T09:00,180
0004000000086300,2025-12-09T10:00,240
0004003000009600,2025-12-09T10:00,60
0004000000055e00,2025-12-10T08:00,480
000400000d40d200,2025-12-10T15:00,60
0004000000086300,2025-12-10T15:00,1140
0004000000086300,2025-12-10T16:00,780
0004001000021400,2025-12-10T18:00,420
0004003000009600,2025-12-10T18:00,120
000400300000bd00,2025-12-10T18:00,420
0004001000021800,2025-12-10T18:00,480
0004003000009700,2025-12-10T18:00,120
0004800453524c41,2025-12-10T18:00,240
0004800457504b41,2025-12-10T18:00,60
0004003000009400,2025-12-10T18:00,60
0004001000021500,2025-12-10T18:00,360
0004003000009300,2025-12-10T18:00,60
0004003000009600,2025-12-10T19:00,360
000400000d40d200,2025-12-10T19:00,60
0004000000086300,2025-12-10T19:00,2040
0004000000086300,2025-12-10T20:00,1260
0004003000009600,2025-12-10T20:00,60
0004000000055d00,2025-12-10T20:00,420
0004003000009700,2025-12-11T08:00,60
0004001000021400,2025-12-11T08:00,60
0004003000009600,2025-12-11T08:00,240
0004000000030800,2025-12-11T08:00,840
0004001000021800,2025-12-11T08:00,60
0004001000021800,2025-12-11T09:00,240
00040000001a0400,2025-12-11T09:00,180
0004000003df1000,2025-12-11T09:00,1080
0004000006942000,2025-12-11T09:00,60
000400000beef500,2025-12-11T09:00,840
000400000bafe000,2025-12-11T09:00,120
0004003000009700,2025-12-11T18:00,60
000400000d40d200,2025-12-12T08:00,60
0004000000086300,2025-12-12T08:00,3360
0004003000009600,2025-12-12T08:00,180
0004000000086300,2025-12-12T09:00,780
0004003000009600,2025-12-12T09:00,120
0004003000009600,2025-12-12T20:00,60
000400000d40d200,2025-12-13T07:00,120
0004000000086300,2025-12-13T07:00,240
0004000000086300,2025-12-13T08:00,1740
0004003000009600,2025-12-13T08:00,60
0004000000086300,2025-12-13T09:00,120
0004003000009700,2025-12-13T09:00,60
0004001000021800,2025-12-13T09:00,180
00040000001a0400,2025-12-13T09:00,60
0004000000030800,2025-12-13T09:00,1440
0004000000030800,2025-12-13T10:00,720
0004003000009600,2025-12-13T10:00,60
0004003000009600,2025-12-13T17:00,120
000400000d40d200,2025-12-13T17:00,60
0004003000009600,2025-12-14T08:00,120
0004000000030800,2025-12-14T08:00,120
0004000003df1000,2025-12-14T09:00,840
0004001000021000,2025-12-14T09:00,600
000400000f800100,2025-12-14T09:00,420
000400000bcfff00,2025-12-14T09:00,660
0004000002c23200,2025-12-14T09:00,60
000400000beef500,2025-12-14T09:00,840
000400000beef500,2025-12-14T10:00,1500
0004001000021000,2025-12-14T14:00,540
0004000003df1000,2025-12-14T14:00,360
000400000f800100,2025-12-14T14:00,120
000400000f800100,2025-12-14T15:00,840
0004001000021000,2025-12-14T15:00,120
0004000003df1000,2025-12-14T15:00,120
0004000000030800,2025-12-15T07:00,1200
0004003000009600,2025-12-15T07:00,60
0004000000030800,2025-12-15T08:00,900
000400000f800100,2025-12-15T08:00,240
0004000003df1000,2025-12-15T08:00,1200
0004003000009700,2025-12-15T08:00,60
0004003000009400,2025-12-15T08:00,540
0004000003df1000,2025-12-15T09:00,600
0004000000a73a00,2025-12-15T12:00,120
00040000001a0400,2025-12-15T12:00,60
0004003000009600,2025-12-15T12:00,60
000400000f800100,2025-12-15T12:00,180
0004000000360000,2025-12-15T12:00,420
0004000000360000,2025-12-15T13:00,1440
0004001000021800,2025-12-15T13:00,720
0004000000360000,2025-12-15T14:00,1320
0004000003df1000,2025-12-16T07:00,120
0004000000030800,2025-12-16T07:00,900
0004003000009700,2025-12-16T12:00,60
0004001000021800,2025-12-16T12:00,480
00040000001a0400,2025-12-16T12:00,240
000400000f800100,2025-12-16T12:00,360
000400000f800100,2025-12-16T13:00,960
000400000bafe000,2025-12-16T13:00,60
0004000001620000,2025-12-16T13:00,60
0004000000103000,2025-12-16T13:00,120
000400000beef500,2025-12-16T13:00,1380
0004000004391500,2025-12-16T13:00,60
000400000beef500,2025-12-16T14:00,900
0004003000009600,2025-12-16T15:00,60
0004000003df1000,2025-12-17T17:00,600
0004003000009700,2025-12-17T17:00,60
0004003000009600,2025-12-17T17:00,60
0004001000021800,2025-12-17T17:00,600
0004001000021800,2025-12-17T18:00,3240
0004001000021800,2025-12-17T19:00,180
0004003000009700,2025-12-17T19:00,60
00040000001a0400,2025-12-17T19:00,240
0004001000021800,2025-12-18T08:00,660
0004001000021800,2025-12-18T09:00,3600
0004003000009700,2025-12-18T10:00,60
0004000000137e00,2025-12-18T10:00,660
0004003000009600,2025-12-19T09:00,120
0004001000021800,2025-12-19T09:00,1920
0004000000137e00,2025-12-19T09:00,660
0004000000137e00,2025-12-19T10:00,2640
0004003000009700,2025-12-19T10:00,60
0004003000009600,2025-12-19T10:00,60
00040000000edf00,2025-12-19T10:00,720
00040000000edf00,2025-12-19T11:00,360
0004003000009600,2025-12-19T11:00,180
0004000000030800,2025-12-19T11:00,1260
000400000f800100,2025-12-19T20:00,600
0004800453524c41,2025-12-19T20:00,420
000400000beef500,2025-12-19T21:00,240
0004001000021000,2025-12-19T21:00,120
0004800453524c41,2025-12-19T21:00,1140
000400000d921e00,2025-12-19T21:00,60
0004001000021400,2025-12-19T21:00,60
0004003000009700,2025-12-19T21:00,60
0004003000009600,2025-12-19T21:00,60
0004003000009600,2025-12-20T08:00,60
00040000001a0400,2025-12-20T08:00,1140
00040000001a0400,2025-12-20T09:00,300
0004003000009600,2025-12-20T09:00,60
0004003000009700,2025-12-20T09:00,60
0004000000030800,2025-12-20T09:00,1680
00040000000edf00,2025-12-20T09:00,1500
0004003000009600,2025-12-20T10:00,60
0004001000021800,2025-12-21T08:00,1500
0004003000009700,2025-12-21T08:00,60
0004000000137e00,2025-12-21T08:00,600
0004000000137e00,2025-12-21T09:00,300
0004000000030800,2025-12-21T09:00,1500
00048004484e4945,2025-12-21T09:00,360
000400000f800100,2025-12-21T09:00,60
00048004484e4945,2025-12-21T10:00,60
0004800453524c41,2025-12-21T10:00,780
0004800441444145,2025-12-21T10:00,60
0004000000030800,2025-12-22T09:00,600
0004000000137e00,2025-12-22T09:00,2100
0004003000009600,2025-12-22T09:00,60
0004000000030800,2025-12-23T10:00,420
0004000000030800,2025-12-23T11:00,1620
0004003000009600,2025-12-23T11:00,60
0004000000030800,2025-12-24T09:00,1740
0004000000030800,2025-12-24T10:00,120
0004003000009600,2025-12-24T10:00,60
0004003000009700,2025-12-24T10:00,60
0004000000137e00,2025-12-24T10:00,1200
00040000000edf00,2025-12-24T10:00,420
0004000000176f00,2025-12-24T10:00,120
0004000000030800,2025-12-25T09:00,1920
0004003000009600,2025-12-25T09:00,60
0004000000055e00,2025-12-25T20:00,360
0004000000030800,2025-12-26T10:00,900
000400300000bd00,2025-12-26T10:00,60
0004000000030800,2025-12-27T09:00,2040
0004000000030800,2025-12-27T10:00,540
0004000000030800,2025-12-28T08:00,1500
0004000000030800,2025-12-28T09:00,1260
0004003000009600,2025-12-28T09:00,60
0004000000030800,2025-12-29T09:00,840
0004000000088900,2025-12-29T19:00,300
00040000000ec300,2025-12-29T19:00,240
000400000bcfff00,2025-12-29T19:00,120
0004003000009700,2025-12-29T19:00,60
00040000001a0400,2025-12-29T19:00,240
00040000001a0400,2025-12-29T20:00,480
00040000001a0400,2025-12-30T09:00,600
0004003000009300,2025-12-30T09:00,180
0004003000009700,2025-12-30T09:00,60
0004000000030800,2025-12-30T09:00,1080
0004000000030800,2025-12-31T09:00,1320
0004000000030800,2025-12-31T10:00,1320
0004000000df1000,2025-12-31T10:00,240
0004003000009600,2025-12-31T10:00,60
0004000000137e00,2025-12-31T10:00,1380
0004000000086300,2025-12-31T20:00,480
0004003000009600,2025-12-31T20:00,60
000400000d921e00,2026-01-01T11:00,1380
000400000f800100,2026-01-01T11:00,60
000400000bf74d00,2026-01-01T11:00,120
000480044b575241,2026-01-01T11:00,120
000400000bf74d00,2026-01-01T13:00,180
0004000000030800,2026-01-02T08:00,360
0004000000030800,2026-01-02T09:00,2820
0004000000137e00,2026-01-02T09:00,780
000480044b575241,2026-01-02T10:00,420
0004800453524c41,2026-01-02T10:00,180
0004000000030800,2026-01-03T09:00,2040
000480044b575241,2026-01-03T15:00,300
000480044b575241,2026-01-03T16:00,1500
0004000000030800,2026-01-04T09:00,360
0004000000030800,2026-01-04T10:00,2220
0004003000009600,2026-01-04T10:00,60
000400000f3d5c00,2026-01-04T18:00,60
000400000beef500,2026-01-04T18:00,60
000400000c243300,2026-01-04T18:00,1200
000400000c243300,2026-01-04T19:00,3600
000400000c243300,2026-01-04T20:00,2640
0004000000030800,2026-01-05T10:00,1800
0004003000009600,2026-01-06T08:00,60
00040000001a0400,2026-01-06T08:00,480
00040000001a0400,2026-01-06T09:00,960
0004003000009700,2026-01-06T09:00,60
0004000000030800,2026-01-06T09:00,1140
0004001000021000,2026-01-08T14:00,60
0004001000021400,2026-01-08T14:00,240
0004001000021500,2026-01-08T14:00,120
0004000000030800,2026-01-08T14:00,960
0004001020021d00,2026-01-08T14:00,240
000480044b575241,2026-01-08T14:00,120
000480044b575241,2026-01-08T15:00,240
0004001000021e00,2026-01-08T15:00,660
0004000000030800,2026-01-09T07:00,300
0004000000137e00,2026-01-09T07:00,780
0004000000137e00,2026-01-09T08:00,60
0004000000030800,2026-01-09T09:00,180
0004001000021000,2026-01-09T09:00,60
0004001000021800,2026-01-09T09:00,240
0004000000030800,2026-01-10T09:00,60
0004003000009400,2026-01-10T09:00,60
0004000000030800,2026-01-10T10:00,2940
0004000000137e00,2026-01-10T10:00,600
0004000000137e00,2026-01-10T11:00,960
0004003000009600,2026-01-10T11:00,60
00040000000edf00,2026-01-10T11:00,240
0004000000088900,2026-01-11T11:00,1860
0004000000137e00,2026-01-12T10:00,540
0004003000009700,2026-01-12T16:00,60
0004000000030800,2026-01-12T16:00,1560
0004000000030800,2026-01-12T17:00,600
00040000001a0400,2026-01-12T17:00,1800
00040000000edf00,2026-01-12T17:00,180
0004003000009600,2026-01-12T17:00,60
00040000000ae200,2026-01-12T17:00,300
0004000000051400,2026-01-12T17:00,60
0004000000051400,2026-01-12T18:00,240
0004003000009600,2026-01-12T21:00,60
0004800453524c41,2026-01-12T21:00,120
000400000bf74d00,2026-01-12T21:00,540
00048004484e4945,2026-01-12T21:00,480
0004001000021400,2026-01-12T21:00,420
0004001000021200,2026-01-13T00:00,240
00040000000edf00,2026-01-13T07:00,120
0004000000030800,2026-01-13T07:00,720
000400000beef500,2026-01-13T08:00,420
000400000beef500,2026-01-13T16:00,1560
000400000f800100,2026-01-13T18:00,720
000400000cf97300,2026-01-13T19:00,480
0004001000021000,2026-01-13T19:00,120
0004000000051400,2026-01-13T19:00,540
0004000000137e00,2026-01-14T17:00,1200
0004000000137e00,2026-01-14T18:00,2100
0004003000009600,2026-01-14T18:00,60
0004000003df1000,2026-01-15T21:00,240
000400000beef500,2026-01-16T18:00,840
000400000beef500,2026-01-16T19:00,1140
0004001000021000,2026-01-16T19:00,300
000400000f800100,2026-01-16T19:00,240
000480044b414d45,2026-01-16T19:00,240
0004000000137e00,2026-01-17T00:00,1080
00040000000ae200,2026-01-18T21:00,180
00040000000ae200,2026-01-18T22:00,480
0004003000009700,2026-01-18T22:00,60
00040000001a2d00,2026-01-18T22:00,60
0004001000021500,2026-01-18T22:00,180
0004003000009400,2026-01-18T22:00,60
0004000000137e00,2026-01-18T22:00,1500
0004000000137e00,2026-01-18T23:00,660
0004003000009600,2026-01-19T17:00,60
000480044b414d45,2026-01-19T17:00,300
0004000000137e00,2026-01-19T17:00,240
0004000000137e00,2026-01-19T18:00,1980
00040000000edf00,2026-01-19T22:00,240
0004000000030800,2026-01-19T22:00,1200
000480044b414d45,2026-01-19T22:00,60
000400000eb00000,2026-01-19T23:00,300
000400000f800100,2026-01-19T23:00,240
0004001000021000,2026-01-19T23:00,60
000400000f701400,2026-01-19T23:00,60
000480044b414d45,2026-01-19T23:00,0
0004000000137e00,2026-01-19T23:00,480
0004000000137e00,2026-01-20T00:00,3240
00040000001a0400,2026-01-20T00:00,360
0004000000137e00,2026-01-20T01:00,540
000400000c243300,2026-01-21T21:00,1620
000400000c243300,2026-01-21T22:00,3600
000400000c243300,2026-01-21T23:00,3600
000400000c243300,2026-01-22T00:00,480
0004003000009700,2026-01-23T19:00,60
0004000003df1000,2026-01-23T19:00,600
000400000bafe000,2026-01-23T19:00,60
000400000f800100,2026-01-23T19:00,960
000400000f800100,2026-01-23T20:00,1320
000400000beef500,2026-01-23T21:00,1500
000400000f800100,2026-01-23T22:00,900
000400000beef500,2026-01-23T22:00,420
0004000000188c00,2026-01-23T22:00,600
0004000000188c00,2026-01-23T23:00,3120
0004000000188c00,2026-01-24T00:00,1740
0004000000188c00,2026-01-24T16:00,720
0004000000188c00,2026-01-24T17:00,780
000400000c243300,2026-01-24T23:00,120
000400000c243300,2026-01-25T00:00,180
000400000f3d5c00,2026-01-25T00:00,2460
000400000beef500,2026-01-25T00:00,180
000400000f3d5c00,2026-01-25T01:00,3600
000400000f3d5c00,2026-01-25T02:00,120
00040000000f2200,2026-01-26T01:00,120
00040000000ae200,2026-01-26T01:00,120
0004000000137e00,2026-01-26T16:00,900
0004000000030800,2026-01-27T12:00,540
00040000000edf00,2026-01-28T12:00,180
00040000000ae200,2026-01-28T12:00,1800
00040000000ae200,2026-01-28T13:00,1980
000400000eb00000,2026-01-28T21:00,60
0004000000030800,2026-01-29T08:00,360
0004000000030800,2026-01-30T13:00,2280
0004000000030800,2026-01-30T14:00,480
00040000000edf00,2026-01-30T14:00,300
0004003000009700,2026-01-30T14:00,60
0004000000176f00,2026-01-30T14:00,2040
0004003000009600,2026-01-30T14:00,60
0004000000137e00,2026-01-30T14:00,180
0004000000030800,2026-01-31T10:00,1920
0004000000030800,2026-01-31T11:00,180
00040000000edf00,2026-02-01T11:00,120
00040000000edf00,2026-02-01T12:00,1200
0004000000137e00,2026-02-01T23:00,1020
0004001020021d00,2026-02-02T00:00,60
00040000000ae200,2026-02-02T00:00,1320
0004000000188c00,2026-02-02T00:00,1500
0004000000137e00,2026-02-02T10:00,180
0004000000137e00,2026-02-02T13:00,2400
0004003000009700,2026-02-02T13:00,60
0004000000188c00,2026-02-02T13:00,420
0004000000188c00,2026-02-02T14:00,1320
0004000000030800,2026-02-03T12:00,1620
0004000000030800,2026-02-03T13:00,420
000400000eb00000,2026-02-03T16:00,60
0004000000188c00,2026-02-03T16:00,540
0004000000188c00,2026-02-03T17:00,2520
00040000000ae200,2026-02-03T17:00,360
0004000000030800,2026-02-03T20:00,60
0004000000137e00,2026-02-03T20:00,1560
0004000000137e00,2026-02-03T21:00,900
0004000000188c00,2026-02-05T18:00,1680
0004000000188c00,2026-02-05T19:00,3600
0004000000188c00,2026-02-05T20:00,3600
0004000000188c00,2026-02-05T21:00,540
0004000000137e00,2026-02-09T18:00,360
0004000000137e00,2026-02-09T19:00,1800
0004003000009600,2026-02-09T19:00,60
0004000000137e00,2026-02-10T22:00,660
0004000000137e00,2026-02-11T15:00,360
0004000000137e00,2026-02-11T18:00,2040
0004001000021000,2026-02-11T18:00,120
00040000000edf00,2026-02-11T18:00,600
00040000000edf00,2026-02-11T19:00,720
000400000c243300,2026-02-16T20:00,120
0004000000137e00,2026-02-17T12:00,2400
0004000000030800,2026-02-24T17:00,120
0004000000030800,2026-02-24T18:00,840
000400000f800100,2026-02-24T18:00,600
000400000beef500,2026-02-24T18:00,240
000400000beef500,2026-02-24T19:00,60
000400000d40d200,2026-02-24T19:00,120
000400000f800100,2026-02-24T19:00,60
0004000006942000,2026-02-24T19:00,60
0004000000030800,2026-02-24T19:00,60
0004001000021000,2026-02-27T14:00,180
0004003000009600,2026-02-27T14:00,120
0004003000009700,2026-02-27T14:00,120
000400000d40d200,2026-02-27T14:00,120
000400000f800100,2026-02-27T14:00,180
000400000beef500,2026-02-27T14:00,120
000400000abba000,2026-02-27T14:00,60
00040000000c6600,2026-02-27T14:00,360
0004000000030800,2026-02-27T14:00,540
0004001000021400,2026-02-27T21:00,120
0004001020021d00,2026-02-27T21:00,240
0004000000137e00,2026-02-27T21:00,300
00040000000c6600,2026-02-27T21:00,120
0004000000188c00,2026-02-27T21:00,660
000400000c243300,2026-02-27T21:00,60
000400000c243300,2026-02-27T22:00,900
0004001000021000,2026-02-27T22:00,120
0004000000030800,2026-03-04T08:00,600
0004001000021800,2026-03-04T08:00,2100
0004003000009700,2026-03-04T08:00,60
0004001000021200,2026-03-04T08:00,180
0004000000030800,2026-03-04T09:00,780
0004000000030800,2026-03-06T08:00,600
0004001000021800,2026-03-06T08:00,780
0004001000021700,2026-03-08T07:00,60
0004001000021400,2026-03-08T07:00,120
0004003000009700,2026-03-22T09:00,60
0004000000030800,2026-03-22T09:00,1380
000400000d921e00,2026-05-10T12:00,1260
0004003000009700,2026-05-11T23:00,60
0004001000021800,2026-05-15T09:00,780
